strategy,hard_floor,cycle_id,cycle_start,cycle_end,BULL_date,LATE_BULL_date,DISTRIBUTION_date,BEAR_date,DEEP_BEAR_date,ACCUMULATION_date,NEW_BULL_date,stage_1_date,stage_2_date,stage_3_date,stage_4_date,reset_date,redeployment_complete_date,status
E20 - Fixed DCA + Corrected Hedge,0.2,1,2020-01-07T00:00:00+0000,2020-01-29T00:00:00+0000,2020-01-01T00:00:00+0000,2020-01-07T00:00:00+0000,2020-01-24T00:00:00+0000,,,2020-01-28T00:00:00+0000,2020-01-29T00:00:00+0000,2020-01-24T00:00:00+0000,,,,2020-01-29T00:00:00+0000,2020-01-29T00:00:00+0000,CLOSED
E20 - Fixed DCA + Corrected Hedge,0.2,2,2020-01-30T00:00:00+0000,2020-06-10T00:00:00+0000,2020-01-29T00:00:00+0000,2020-01-30T00:00:00+0000,2020-02-17T00:00:00+0000,2020-02-20T00:00:00+0000,2020-03-10T00:00:00+0000,2020-03-25T00:00:00+0000,2020-04-25T00:00:00+0000,2020-02-17T00:00:00+0000,2020-02-20T00:00:00+0000,2020-02-27T00:00:00+0000,2020-03-10T00:00:00+0000,2020-04-25T00:00:00+0000,2020-06-10T00:00:00+0000,CLOSED
E20 - Fixed DCA + Corrected Hedge,0.2,3,2020-07-27T00:00:00+0000,2020-11-05T00:00:00+0000,2020-06-10T00:00:00+0000,2020-07-27T00:00:00+0000,2020-08-23T00:00:00+0000,2020-08-24T00:00:00+0000,,2020-09-16T00:00:00+0000,2020-10-11T00:00:00+0000,2020-08-23T00:00:00+0000,2020-08-24T00:00:00+0000,2020-09-04T00:00:00+0000,,2020-10-11T00:00:00+0000,2020-11-05T00:00:00+0000,CLOSED
E20 - Fixed DCA + Corrected Hedge,0.2,4,2020-11-06T00:00:00+0000,2020-12-29T00:00:00+0000,2020-11-05T00:00:00+0000,2020-11-06T00:00:00+0000,2020-11-28T00:00:00+0000,,,2020-11-30T00:00:00+0000,2020-12-01T00:00:00+0000,2020-11-28T00:00:00+0000,,,,2020-12-01T00:00:00+0000,2020-12-29T00:00:00+0000,CLOSED
E20 - Fixed DCA + Corrected Hedge,0.2,5,2020-12-30T00:00:00+0000,2021-02-14T00:00:00+0000,2020-12-29T00:00:00+0000,2020-12-30T00:00:00+0000,2021-01-17T00:00:00+0000,2021-01-21T00:00:00+0000,,2021-02-03T00:00:00+0000,2021-02-06T00:00:00+0000,2021-01-17T00:00:00+0000,2021-01-21T00:00:00+0000,,,2021-02-06T00:00:00+0000,2021-02-14T00:00:00+0000,CLOSED
E20 - Fixed DCA + Corrected Hedge,0.2,6,2021-02-15T00:00:00+0000,2021-03-19T00:00:00+0000,2021-02-14T00:00:00+0000,2021-02-15T00:00:00+0000,2021-02-25T00:00:00+0000,2021-02-26T00:00:00+0000,,2021-03-08T00:00:00+0000,2021-03-11T00:00:00+0000,2021-02-25T00:00:00+0000,2021-02-26T00:00:00+0000,,,2021-03-11T00:00:00+0000,2021-03-19T00:00:00+0000,CLOSED
E20 - Fixed DCA + Corrected Hedge,0.2,7,2021-06-14T00:00:00+0000,2021-08-08T00:00:00+0000,2021-03-19T00:00:00+0000,2021-06-14T00:00:00+0000,2021-06-20T00:00:00+0000,2021-06-21T00:00:00+0000,2021-06-25T00:00:00+0000,2021-07-24T00:00:00+0000,2021-07-28T00:00:00+0000,2021-06-20T00:00:00+0000,2021-06-21T00:00:00+0000,2021-06-24T00:00:00+0000,2021-06-25T00:00:00+0000,2021-07-28T00:00:00+0000,2021-08-08T00:00:00+0000,CLOSED
E20 - Fixed DCA + Corrected Hedge,0.2,8,2021-08-09T00:00:00+0000,2021-10-17T00:00:00+0000,2021-08-08T00:00:00+0000,2021-08-09T00:00:00+0000,2021-09-09T00:00:00+0000,2021-09-10T00:00:00+0000,2021-09-27T00:00:00+0000,2021-10-02T00:00:00+0000,2021-10-06T00:00:00+0000,2021-09-09T00:00:00+0000,2021-09-10T00:00:00+0000,2021-09-21T00:00:00+0000,2021-09-27T00:00:00+0000,2021-10-06T00:00:00+0000,2021-10-17T00:00:00+0000,CLOSED
E20 - Fixed DCA + Corrected Hedge,0.2,9,2021-10-18T00:00:00+0000,2021-10-24T00:00:00+0000,2021-10-17T00:00:00+0000,2021-10-18T00:00:00+0000,2021-10-24T00:00:00+0000,,,2021-10-24T00:00:00+0000,2021-10-24T00:00:00+0000,2021-10-24T00:00:00+0000,,,,2021-10-24T00:00:00+0000,2021-10-24T00:00:00+0000,CLOSED
E20 - Fixed DCA + Corrected Hedge,0.2,10,2021-11-08T00:00:00+0000,2022-03-30T00:00:00+0000,2021-10-24T00:00:00+0000,2021-11-08T00:00:00+0000,2021-11-17T00:00:00+0000,2021-11-18T00:00:00+0000,2021-12-19T00:00:00+0000,2021-12-24T00:00:00+0000,2022-02-09T00:00:00+0000,2021-11-17T00:00:00+0000,2021-11-18T00:00:00+0000,2021-11-19T00:00:00+0000,2021-12-19T00:00:00+0000,2022-02-09T00:00:00+0000,2022-03-30T00:00:00+0000,CLOSED
E20 - Fixed DCA + Corrected Hedge,0.2,11,2022-07-19T00:00:00+0000,2023-01-14T00:00:00+0000,2022-03-30T00:00:00+0000,2022-07-19T00:00:00+0000,2022-08-18T00:00:00+0000,2022-08-19T00:00:00+0000,2022-08-29T00:00:00+0000,2022-09-10T00:00:00+0000,2022-10-28T00:00:00+0000,2022-08-18T00:00:00+0000,2022-08-19T00:00:00+0000,2022-08-21T00:00:00+0000,2022-08-29T00:00:00+0000,2022-10-28T00:00:00+0000,2023-01-14T00:00:00+0000,CLOSED
E20 - Fixed DCA + Corrected Hedge,0.2,12,2023-01-15T00:00:00+0000,2023-03-24T00:00:00+0000,2023-01-14T00:00:00+0000,2023-01-15T00:00:00+0000,2023-02-07T00:00:00+0000,2023-02-09T00:00:00+0000,,2023-02-16T00:00:00+0000,2023-02-21T00:00:00+0000,2023-02-07T00:00:00+0000,2023-02-09T00:00:00+0000,,,2023-02-21T00:00:00+0000,2023-03-24T00:00:00+0000,CLOSED
E20 - Fixed DCA + Corrected Hedge,0.2,13,2023-06-21T00:00:00+0000,2023-10-24T00:00:00+0000,2023-03-24T00:00:00+0000,2023-06-21T00:00:00+0000,2023-07-07T00:00:00+0000,2023-07-10T00:00:00+0000,2023-08-19T00:00:00+0000,2023-08-09T00:00:00+0000,2023-10-02T00:00:00+0000,2023-07-07T00:00:00+0000,2023-07-10T00:00:00+0000,2023-07-31T00:00:00+0000,2023-08-19T00:00:00+0000,2023-10-02T00:00:00+0000,2023-10-24T00:00:00+0000,CLOSED
E20 - Fixed DCA + Corrected Hedge,0.2,14,2023-10-25T00:00:00+0000,2023-11-18T00:00:00+0000,2023-10-24T00:00:00+0000,2023-10-25T00:00:00+0000,2023-11-18T00:00:00+0000,,,2023-11-18T00:00:00+0000,2023-11-18T00:00:00+0000,2023-11-18T00:00:00+0000,,,,2023-11-18T00:00:00+0000,2023-11-18T00:00:00+0000,CLOSED
E20 - Fixed DCA + Corrected Hedge,0.2,15,2023-12-04T00:00:00+0000,2023-12-13T00:00:00+0000,2023-11-18T00:00:00+0000,2023-12-04T00:00:00+0000,2023-12-13T00:00:00+0000,,,2023-12-13T00:00:00+0000,2023-12-13T00:00:00+0000,2023-12-13T00:00:00+0000,,,,2023-12-13T00:00:00+0000,2023-12-13T00:00:00+0000,CLOSED
E20 - Fixed DCA + Corrected Hedge,0.2,16,2024-02-09T00:00:00+0000,2024-03-02T00:00:00+0000,2023-12-13T00:00:00+0000,2024-02-09T00:00:00+0000,2024-02-24T00:00:00+0000,,,2024-02-26T00:00:00+0000,2024-02-27T00:00:00+0000,2024-02-24T00:00:00+0000,,,,2024-02-27T00:00:00+0000,2024-03-02T00:00:00+0000,CLOSED
E20 - Fixed DCA + Corrected Hedge,0.2,17,2024-03-03T00:00:00+0000,2024-05-25T00:00:00+0000,2024-03-02T00:00:00+0000,2024-03-03T00:00:00+0000,2024-03-17T00:00:00+0000,2024-03-22T00:00:00+0000,,2024-03-26T00:00:00+0000,2024-05-17T00:00:00+0000,2024-03-17T00:00:00+0000,2024-03-22T00:00:00+0000,2024-04-14T00:00:00+0000,,2024-05-17T00:00:00+0000,2024-05-25T00:00:00+0000,CLOSED
E20 - Fixed DCA + Corrected Hedge,0.2,18,2024-11-10T00:00:00+0000,2025-01-26T00:00:00+0000,2024-05-25T00:00:00+0000,2024-11-10T00:00:00+0000,2024-12-20T00:00:00+0000,2024-12-21T00:00:00+0000,,2025-01-05T00:00:00+0000,2025-01-18T00:00:00+0000,2024-12-20T00:00:00+0000,2024-12-21T00:00:00+0000,2024-12-28T00:00:00+0000,,2025-01-18T00:00:00+0000,2025-01-26T00:00:00+0000,CLOSED
E20 - Fixed DCA + Corrected Hedge,0.2,19,2025-04-22T00:00:00+0000,2025-07-12T00:00:00+0000,2025-01-26T00:00:00+0000,2025-04-22T00:00:00+0000,2025-05-30T00:00:00+0000,2025-05-31T00:00:00+0000,,2025-06-10T00:00:00+0000,2025-07-04T00:00:00+0000,2025-05-30T00:00:00+0000,2025-05-31T00:00:00+0000,2025-06-21T00:00:00+0000,,2025-07-04T00:00:00+0000,2025-07-12T00:00:00+0000,CLOSED
E30 - Fixed DCA + Corrected Hedge,0.3,1,2020-01-07T00:00:00+0000,2020-01-29T00:00:00+0000,2020-01-01T00:00:00+0000,2020-01-07T00:00:00+0000,2020-01-24T00:00:00+0000,,,2020-01-28T00:00:00+0000,2020-01-29T00:00:00+0000,2020-01-24T00:00:00+0000,,,,2020-01-29T00:00:00+0000,2020-01-29T00:00:00+0000,CLOSED
E30 - Fixed DCA + Corrected Hedge,0.3,2,2020-01-30T00:00:00+0000,2020-06-10T00:00:00+0000,2020-01-29T00:00:00+0000,2020-01-30T00:00:00+0000,2020-02-17T00:00:00+0000,2020-02-20T00:00:00+0000,2020-03-10T00:00:00+0000,2020-03-25T00:00:00+0000,2020-04-25T00:00:00+0000,2020-02-17T00:00:00+0000,2020-02-20T00:00:00+0000,2020-02-27T00:00:00+0000,2020-03-10T00:00:00+0000,2020-04-25T00:00:00+0000,2020-06-10T00:00:00+0000,CLOSED
E30 - Fixed DCA + Corrected Hedge,0.3,3,2020-07-27T00:00:00+0000,2020-11-05T00:00:00+0000,2020-06-10T00:00:00+0000,2020-07-27T00:00:00+0000,2020-08-23T00:00:00+0000,2020-08-24T00:00:00+0000,,2020-09-16T00:00:00+0000,2020-10-11T00:00:00+0000,2020-08-23T00:00:00+0000,2020-08-24T00:00:00+0000,2020-09-04T00:00:00+0000,,2020-10-11T00:00:00+0000,2020-11-05T00:00:00+0000,CLOSED
E30 - Fixed DCA + Corrected Hedge,0.3,4,2020-11-06T00:00:00+0000,2020-12-29T00:00:00+0000,2020-11-05T00:00:00+0000,2020-11-06T00:00:00+0000,2020-11-28T00:00:00+0000,,,2020-11-30T00:00:00+0000,2020-12-01T00:00:00+0000,2020-11-28T00:00:00+0000,,,,2020-12-01T00:00:00+0000,2020-12-29T00:00:00+0000,CLOSED
E30 - Fixed DCA + Corrected Hedge,0.3,5,2020-12-30T00:00:00+0000,2021-02-14T00:00:00+0000,2020-12-29T00:00:00+0000,2020-12-30T00:00:00+0000,2021-01-17T00:00:00+0000,2021-01-21T00:00:00+0000,,2021-02-03T00:00:00+0000,2021-02-06T00:00:00+0000,2021-01-17T00:00:00+0000,2021-01-21T00:00:00+0000,,,2021-02-06T00:00:00+0000,2021-02-14T00:00:00+0000,CLOSED
E30 - Fixed DCA + Corrected Hedge,0.3,6,2021-02-15T00:00:00+0000,2021-03-19T00:00:00+0000,2021-02-14T00:00:00+0000,2021-02-15T00:00:00+0000,2021-02-25T00:00:00+0000,2021-02-26T00:00:00+0000,,2021-03-08T00:00:00+0000,2021-03-11T00:00:00+0000,2021-02-25T00:00:00+0000,2021-02-26T00:00:00+0000,,,2021-03-11T00:00:00+0000,2021-03-19T00:00:00+0000,CLOSED
E30 - Fixed DCA + Corrected Hedge,0.3,7,2021-06-14T00:00:00+0000,2021-08-08T00:00:00+0000,2021-03-19T00:00:00+0000,2021-06-14T00:00:00+0000,2021-06-20T00:00:00+0000,2021-06-21T00:00:00+0000,2021-06-25T00:00:00+0000,2021-07-24T00:00:00+0000,2021-07-28T00:00:00+0000,2021-06-20T00:00:00+0000,2021-06-21T00:00:00+0000,2021-06-24T00:00:00+0000,2021-06-25T00:00:00+0000,2021-07-28T00:00:00+0000,2021-08-08T00:00:00+0000,CLOSED
E30 - Fixed DCA + Corrected Hedge,0.3,8,2021-08-09T00:00:00+0000,2021-10-16T00:00:00+0000,2021-08-08T00:00:00+0000,2021-08-09T00:00:00+0000,2021-09-09T00:00:00+0000,2021-09-10T00:00:00+0000,2021-09-27T00:00:00+0000,2021-10-02T00:00:00+0000,2021-10-06T00:00:00+0000,2021-09-09T00:00:00+0000,2021-09-10T00:00:00+0000,2021-09-21T00:00:00+0000,2021-09-27T00:00:00+0000,2021-10-06T00:00:00+0000,2021-10-16T00:00:00+0000,CLOSED
E30 - Fixed DCA + Corrected Hedge,0.3,9,2021-10-17T00:00:00+0000,2021-10-24T00:00:00+0000,2021-10-16T00:00:00+0000,2021-10-17T00:00:00+0000,2021-10-24T00:00:00+0000,,,2021-10-24T00:00:00+0000,2021-10-24T00:00:00+0000,2021-10-24T00:00:00+0000,,,,2021-10-24T00:00:00+0000,2021-10-24T00:00:00+0000,CLOSED
E30 - Fixed DCA + Corrected Hedge,0.3,10,2021-11-08T00:00:00+0000,2022-03-30T00:00:00+0000,2021-10-24T00:00:00+0000,2021-11-08T00:00:00+0000,2021-11-17T00:00:00+0000,2021-11-18T00:00:00+0000,2021-12-19T00:00:00+0000,2021-12-24T00:00:00+0000,2022-02-09T00:00:00+0000,2021-11-17T00:00:00+0000,2021-11-18T00:00:00+0000,2021-11-19T00:00:00+0000,2021-12-19T00:00:00+0000,2022-02-09T00:00:00+0000,2022-03-30T00:00:00+0000,CLOSED
E30 - Fixed DCA + Corrected Hedge,0.3,11,2022-07-19T00:00:00+0000,2023-01-14T00:00:00+0000,2022-03-30T00:00:00+0000,2022-07-19T00:00:00+0000,2022-08-18T00:00:00+0000,2022-08-19T00:00:00+0000,2022-08-29T00:00:00+0000,2022-09-10T00:00:00+0000,2022-10-28T00:00:00+0000,2022-08-18T00:00:00+0000,2022-08-19T00:00:00+0000,2022-08-21T00:00:00+0000,2022-08-29T00:00:00+0000,2022-10-28T00:00:00+0000,2023-01-14T00:00:00+0000,CLOSED
E30 - Fixed DCA + Corrected Hedge,0.3,12,2023-01-15T00:00:00+0000,2023-03-23T00:00:00+0000,2023-01-14T00:00:00+0000,2023-01-15T00:00:00+0000,2023-02-07T00:00:00+0000,2023-02-09T00:00:00+0000,,2023-02-16T00:00:00+0000,2023-02-21T00:00:00+0000,2023-02-07T00:00:00+0000,2023-02-09T00:00:00+0000,,,2023-02-21T00:00:00+0000,2023-03-23T00:00:00+0000,CLOSED
E30 - Fixed DCA + Corrected Hedge,0.3,13,2023-06-21T00:00:00+0000,2023-10-23T00:00:00+0000,2023-03-23T00:00:00+0000,2023-06-21T00:00:00+0000,2023-07-07T00:00:00+0000,2023-07-10T00:00:00+0000,2023-08-19T00:00:00+0000,2023-08-09T00:00:00+0000,2023-10-02T00:00:00+0000,2023-07-07T00:00:00+0000,2023-07-10T00:00:00+0000,2023-07-31T00:00:00+0000,2023-08-19T00:00:00+0000,2023-10-02T00:00:00+0000,2023-10-23T00:00:00+0000,CLOSED
E30 - Fixed DCA + Corrected Hedge,0.3,14,2023-10-24T00:00:00+0000,2023-11-18T00:00:00+0000,2023-10-23T00:00:00+0000,2023-10-24T00:00:00+0000,2023-11-18T00:00:00+0000,,,2023-11-18T00:00:00+0000,2023-11-18T00:00:00+0000,2023-11-18T00:00:00+0000,,,,2023-11-18T00:00:00+0000,2023-11-18T00:00:00+0000,CLOSED
E30 - Fixed DCA + Corrected Hedge,0.3,15,2023-12-04T00:00:00+0000,2023-12-13T00:00:00+0000,2023-11-18T00:00:00+0000,2023-12-04T00:00:00+0000,2023-12-13T00:00:00+0000,,,2023-12-13T00:00:00+0000,2023-12-13T00:00:00+0000,2023-12-13T00:00:00+0000,,,,2023-12-13T00:00:00+0000,2023-12-13T00:00:00+0000,CLOSED
E30 - Fixed DCA + Corrected Hedge,0.3,16,2024-02-09T00:00:00+0000,2024-03-02T00:00:00+0000,2023-12-13T00:00:00+0000,2024-02-09T00:00:00+0000,2024-02-24T00:00:00+0000,,,2024-02-26T00:00:00+0000,2024-02-27T00:00:00+0000,2024-02-24T00:00:00+0000,,,,2024-02-27T00:00:00+0000,2024-03-02T00:00:00+0000,CLOSED
E30 - Fixed DCA + Corrected Hedge,0.3,17,2024-03-03T00:00:00+0000,2024-05-25T00:00:00+0000,2024-03-02T00:00:00+0000,2024-03-03T00:00:00+0000,2024-03-17T00:00:00+0000,2024-03-22T00:00:00+0000,,2024-03-26T00:00:00+0000,2024-05-17T00:00:00+0000,2024-03-17T00:00:00+0000,2024-03-22T00:00:00+0000,2024-04-14T00:00:00+0000,,2024-05-17T00:00:00+0000,2024-05-25T00:00:00+0000,CLOSED
E30 - Fixed DCA + Corrected Hedge,0.3,18,2024-11-10T00:00:00+0000,2025-01-26T00:00:00+0000,2024-05-25T00:00:00+0000,2024-11-10T00:00:00+0000,2024-12-20T00:00:00+0000,2024-12-21T00:00:00+0000,,2025-01-05T00:00:00+0000,2025-01-18T00:00:00+0000,2024-12-20T00:00:00+0000,2024-12-21T00:00:00+0000,2024-12-28T00:00:00+0000,,2025-01-18T00:00:00+0000,2025-01-26T00:00:00+0000,CLOSED
E30 - Fixed DCA + Corrected Hedge,0.3,19,2025-04-22T00:00:00+0000,2025-07-12T00:00:00+0000,2025-01-26T00:00:00+0000,2025-04-22T00:00:00+0000,2025-05-30T00:00:00+0000,2025-05-31T00:00:00+0000,,2025-06-10T00:00:00+0000,2025-07-04T00:00:00+0000,2025-05-30T00:00:00+0000,2025-05-31T00:00:00+0000,2025-06-21T00:00:00+0000,,2025-07-04T00:00:00+0000,2025-07-12T00:00:00+0000,CLOSED
E40 - Fixed DCA + Corrected Hedge,0.4,1,2020-01-07T00:00:00+0000,2020-01-29T00:00:00+0000,2020-01-01T00:00:00+0000,2020-01-07T00:00:00+0000,2020-01-24T00:00:00+0000,,,2020-01-28T00:00:00+0000,2020-01-29T00:00:00+0000,2020-01-24T00:00:00+0000,,,,2020-01-29T00:00:00+0000,2020-01-29T00:00:00+0000,CLOSED
E40 - Fixed DCA + Corrected Hedge,0.4,2,2020-01-30T00:00:00+0000,2020-06-09T00:00:00+0000,2020-01-29T00:00:00+0000,2020-01-30T00:00:00+0000,2020-02-17T00:00:00+0000,2020-02-20T00:00:00+0000,2020-03-10T00:00:00+0000,2020-03-25T00:00:00+0000,2020-04-25T00:00:00+0000,2020-02-17T00:00:00+0000,2020-02-20T00:00:00+0000,2020-02-27T00:00:00+0000,2020-03-10T00:00:00+0000,2020-04-25T00:00:00+0000,2020-06-09T00:00:00+0000,CLOSED
E40 - Fixed DCA + Corrected Hedge,0.4,3,2020-07-27T00:00:00+0000,2020-11-05T00:00:00+0000,2020-06-09T00:00:00+0000,2020-07-27T00:00:00+0000,2020-08-23T00:00:00+0000,2020-08-24T00:00:00+0000,,2020-09-16T00:00:00+0000,2020-10-11T00:00:00+0000,2020-08-23T00:00:00+0000,2020-08-24T00:00:00+0000,2020-09-04T00:00:00+0000,,2020-10-11T00:00:00+0000,2020-11-05T00:00:00+0000,CLOSED
E40 - Fixed DCA + Corrected Hedge,0.4,4,2020-11-06T00:00:00+0000,2020-12-29T00:00:00+0000,2020-11-05T00:00:00+0000,2020-11-06T00:00:00+0000,2020-11-28T00:00:00+0000,,,2020-11-30T00:00:00+0000,2020-12-01T00:00:00+0000,2020-11-28T00:00:00+0000,,,,2020-12-01T00:00:00+0000,2020-12-29T00:00:00+0000,CLOSED
E40 - Fixed DCA + Corrected Hedge,0.4,5,2020-12-30T00:00:00+0000,2021-02-14T00:00:00+0000,2020-12-29T00:00:00+0000,2020-12-30T00:00:00+0000,2021-01-17T00:00:00+0000,2021-01-21T00:00:00+0000,,2021-02-03T00:00:00+0000,2021-02-06T00:00:00+0000,2021-01-17T00:00:00+0000,2021-01-21T00:00:00+0000,,,2021-02-06T00:00:00+0000,2021-02-14T00:00:00+0000,CLOSED
E40 - Fixed DCA + Corrected Hedge,0.4,6,2021-02-15T00:00:00+0000,2021-03-19T00:00:00+0000,2021-02-14T00:00:00+0000,2021-02-15T00:00:00+0000,2021-02-25T00:00:00+0000,2021-02-26T00:00:00+0000,,2021-03-08T00:00:00+0000,2021-03-11T00:00:00+0000,2021-02-25T00:00:00+0000,2021-02-26T00:00:00+0000,,,2021-03-11T00:00:00+0000,2021-03-19T00:00:00+0000,CLOSED
E40 - Fixed DCA + Corrected Hedge,0.4,7,2021-06-14T00:00:00+0000,2021-08-07T00:00:00+0000,2021-03-19T00:00:00+0000,2021-06-14T00:00:00+0000,2021-06-20T00:00:00+0000,2021-06-21T00:00:00+0000,2021-06-25T00:00:00+0000,2021-07-24T00:00:00+0000,2021-07-28T00:00:00+0000,2021-06-20T00:00:00+0000,2021-06-21T00:00:00+0000,2021-06-24T00:00:00+0000,2021-06-25T00:00:00+0000,2021-07-28T00:00:00+0000,2021-08-07T00:00:00+0000,CLOSED
E40 - Fixed DCA + Corrected Hedge,0.4,8,2021-08-08T00:00:00+0000,2021-10-16T00:00:00+0000,2021-08-07T00:00:00+0000,2021-08-08T00:00:00+0000,2021-09-09T00:00:00+0000,2021-09-10T00:00:00+0000,2021-09-27T00:00:00+0000,2021-10-02T00:00:00+0000,2021-10-06T00:00:00+0000,2021-09-09T00:00:00+0000,2021-09-10T00:00:00+0000,2021-09-21T00:00:00+0000,2021-09-27T00:00:00+0000,2021-10-06T00:00:00+0000,2021-10-16T00:00:00+0000,CLOSED
E40 - Fixed DCA + Corrected Hedge,0.4,9,2021-10-17T00:00:00+0000,2021-10-24T00:00:00+0000,2021-10-16T00:00:00+0000,2021-10-17T00:00:00+0000,2021-10-24T00:00:00+0000,,,2021-10-24T00:00:00+0000,2021-10-24T00:00:00+0000,2021-10-24T00:00:00+0000,,,,2021-10-24T00:00:00+0000,2021-10-24T00:00:00+0000,CLOSED
E40 - Fixed DCA + Corrected Hedge,0.4,10,2021-11-08T00:00:00+0000,2022-03-29T00:00:00+0000,2021-10-24T00:00:00+0000,2021-11-08T00:00:00+0000,2021-11-17T00:00:00+0000,2021-11-18T00:00:00+0000,2021-12-19T00:00:00+0000,2021-12-24T00:00:00+0000,2022-02-09T00:00:00+0000,2021-11-17T00:00:00+0000,2021-11-18T00:00:00+0000,2021-11-19T00:00:00+0000,2021-12-19T00:00:00+0000,2022-02-09T00:00:00+0000,2022-03-29T00:00:00+0000,CLOSED
E40 - Fixed DCA + Corrected Hedge,0.4,11,2022-07-19T00:00:00+0000,2023-01-13T00:00:00+0000,2022-03-29T00:00:00+0000,2022-07-19T00:00:00+0000,2022-08-18T00:00:00+0000,2022-08-19T00:00:00+0000,2022-08-29T00:00:00+0000,2022-09-10T00:00:00+0000,2022-10-28T00:00:00+0000,2022-08-18T00:00:00+0000,2022-08-19T00:00:00+0000,2022-08-21T00:00:00+0000,2022-08-29T00:00:00+0000,2022-10-28T00:00:00+0000,2023-01-13T00:00:00+0000,CLOSED
E40 - Fixed DCA + Corrected Hedge,0.4,12,2023-01-14T00:00:00+0000,2023-03-23T00:00:00+0000,2023-01-13T00:00:00+0000,2023-01-14T00:00:00+0000,2023-02-07T00:00:00+0000,2023-02-09T00:00:00+0000,,2023-02-16T00:00:00+0000,2023-02-21T00:00:00+0000,2023-02-07T00:00:00+0000,2023-02-09T00:00:00+0000,,,2023-02-21T00:00:00+0000,2023-03-23T00:00:00+0000,CLOSED
E40 - Fixed DCA + Corrected Hedge,0.4,13,2023-06-21T00:00:00+0000,2023-10-23T00:00:00+0000,2023-03-23T00:00:00+0000,2023-06-21T00:00:00+0000,2023-07-07T00:00:00+0000,2023-07-10T00:00:00+0000,2023-08-19T00:00:00+0000,2023-08-09T00:00:00+0000,2023-10-02T00:00:00+0000,2023-07-07T00:00:00+0000,2023-07-10T00:00:00+0000,2023-07-31T00:00:00+0000,2023-08-19T00:00:00+0000,2023-10-02T00:00:00+0000,2023-10-23T00:00:00+0000,CLOSED
E40 - Fixed DCA + Corrected Hedge,0.4,14,2023-10-24T00:00:00+0000,2023-11-18T00:00:00+0000,2023-10-23T00:00:00+0000,2023-10-24T00:00:00+0000,2023-11-18T00:00:00+0000,,,2023-11-18T00:00:00+0000,2023-11-18T00:00:00+0000,2023-11-18T00:00:00+0000,,,,2023-11-18T00:00:00+0000,2023-11-18T00:00:00+0000,CLOSED
E40 - Fixed DCA + Corrected Hedge,0.4,15,2023-12-04T00:00:00+0000,2023-12-13T00:00:00+0000,2023-11-18T00:00:00+0000,2023-12-04T00:00:00+0000,2023-12-13T00:00:00+0000,,,2023-12-13T00:00:00+0000,2023-12-13T00:00:00+0000,2023-12-13T00:00:00+0000,,,,2023-12-13T00:00:00+0000,2023-12-13T00:00:00+0000,CLOSED
E40 - Fixed DCA + Corrected Hedge,0.4,16,2024-02-09T00:00:00+0000,2024-03-02T00:00:00+0000,2023-12-13T00:00:00+0000,2024-02-09T00:00:00+0000,2024-02-24T00:00:00+0000,,,2024-02-26T00:00:00+0000,2024-02-27T00:00:00+0000,2024-02-24T00:00:00+0000,,,,2024-02-27T00:00:00+0000,2024-03-02T00:00:00+0000,CLOSED
E40 - Fixed DCA + Corrected Hedge,0.4,17,2024-03-03T00:00:00+0000,2024-05-25T00:00:00+0000,2024-03-02T00:00:00+0000,2024-03-03T00:00:00+0000,2024-03-17T00:00:00+0000,2024-03-22T00:00:00+0000,,2024-03-26T00:00:00+0000,2024-05-17T00:00:00+0000,2024-03-17T00:00:00+0000,2024-03-22T00:00:00+0000,2024-04-14T00:00:00+0000,,2024-05-17T00:00:00+0000,2024-05-25T00:00:00+0000,CLOSED
E40 - Fixed DCA + Corrected Hedge,0.4,18,2024-11-10T00:00:00+0000,2025-01-26T00:00:00+0000,2024-05-25T00:00:00+0000,2024-11-10T00:00:00+0000,2024-12-20T00:00:00+0000,2024-12-21T00:00:00+0000,,2025-01-05T00:00:00+0000,2025-01-18T00:00:00+0000,2024-12-20T00:00:00+0000,2024-12-21T00:00:00+0000,2024-12-28T00:00:00+0000,,2025-01-18T00:00:00+0000,2025-01-26T00:00:00+0000,CLOSED
E40 - Fixed DCA + Corrected Hedge,0.4,19,2025-04-22T00:00:00+0000,2025-07-12T00:00:00+0000,2025-01-26T00:00:00+0000,2025-04-22T00:00:00+0000,2025-05-30T00:00:00+0000,2025-05-31T00:00:00+0000,,2025-06-10T00:00:00+0000,2025-07-04T00:00:00+0000,2025-05-30T00:00:00+0000,2025-05-31T00:00:00+0000,2025-06-21T00:00:00+0000,,2025-07-04T00:00:00+0000,2025-07-12T00:00:00+0000,CLOSED
