date,B_portfolio_value,B_unit_nav,B_drawdown,B_crypto_exposure,B_macro_state,B_sell_stage,P_portfolio_value,P_unit_nav,P_drawdown,P_crypto_exposure,P_macro_state,P_sell_stage,P_bull_persistence_active,P_healthy_bull_structure,P_bull_persistence_guard,B_actions,P_actions,exposure_delta_p_minus_b,portfolio_delta_p_minus_b
2021-09-01 00:00:00+00:00,182661.78644605857,7.759572376053634,-0.19716249842767242,0.3308412980925031,BEAR,3,182661.78644605857,7.759572376053634,-0.19716249842767242,0.3308412980925031,BEAR,3,False,False,False,,,0.0,0.0
2021-09-02 00:00:00+00:00,182056.64606286632,7.733355287068878,-0.19987502705669535,0.32861707303922555,BEAR,3,182056.64606286632,7.733355287068878,-0.19987502705669535,0.32861707303922555,BEAR,3,False,False,False,,,0.0,0.0
2021-09-03 00:00:00+00:00,184436.007698255,7.833912780146756,-0.18947093226969913,0.3372784119990178,BEAR,3,184436.007698255,7.833912780146756,-0.18947093226969913,0.3372784119990178,BEAR,3,False,False,False,,,0.0,0.0
2021-09-04 00:00:00+00:00,183636.0518343792,7.799425863125634,-0.19303909156461252,0.33439146243142076,BEAR,3,183636.0518343792,7.799425863125634,-0.19303909156461252,0.33439146243142076,BEAR,3,False,False,False,,,0.0,0.0
2021-09-05 00:00:00+00:00,184704.74489762803,7.8443033640502735,-0.18839587941669378,0.3382426424719389,BEAR,3,184704.74489762803,7.8443033640502735,-0.18839587941669378,0.3382426424719389,BEAR,3,False,False,False,,,0.0,0.0
2021-09-06 00:00:00+00:00,184384.67228053504,7.830200381094562,-0.18985503245402124,0.33709390051478605,BEAR,3,184384.67228053504,7.830200381094562,-0.18985503245402124,0.33709390051478605,BEAR,3,False,False,False,,,0.0,0.0
2021-09-07 00:00:00+00:00,176631.6132444296,7.500456923734782,-0.22397165649422168,0.3079963339450296,BEAR,3,176631.6132444296,7.500456923734782,-0.22397165649422168,0.3079963339450296,BEAR,3,False,False,False,,,0.0,0.0
2021-09-08 00:00:00+00:00,177608.03380423153,7.5414060467071975,-0.21973489060230122,0.31180070355895795,BEAR,3,177608.03380423153,7.5414060467071975,-0.21973489060230122,0.31180070355895795,BEAR,3,False,False,False,,,0.0,0.0
2021-09-09 00:00:00+00:00,176491.873422339,7.493506122450557,-0.22469081518834944,0.307448430705603,BEAR,3,176491.873422339,7.493506122450557,-0.22469081518834944,0.307448430705603,BEAR,3,False,False,False,,,0.0,0.0
2021-09-10 00:00:00+00:00,173126.8824455411,7.35013349121765,-0.23952474152791126,0.293987610821805,BEAR,3,173126.8824455411,7.35013349121765,-0.23952474152791126,0.293987610821805,BEAR,3,False,False,False,,,0.0,0.0
2021-09-11 00:00:00+00:00,174047.6498392463,7.388715363667719,-0.23553290118122072,0.29772264078691874,BEAR,3,174047.6498392463,7.388715363667719,-0.23553290118122072,0.29772264078691874,BEAR,3,False,False,False,,,0.0,0.0
2021-09-12 00:00:00+00:00,176196.8964585132,7.479444400288454,-0.22614569921304994,0.3062890075641666,BEAR,3,176196.8964585132,7.479444400288454,-0.22614569921304994,0.3062890075641666,BEAR,3,False,False,False,,,0.0,0.0
2021-09-13 00:00:00+00:00,174342.67885824444,7.400223596461503,-0.23434221174423753,0.2989110600638859,BEAR,3,174342.67885824444,7.400223596461503,-0.23434221174423753,0.2989110600638859,BEAR,3,False,False,False,,,0.0,0.0
2021-09-14 00:00:00+00:00,176723.30956169043,7.500758524059568,-0.22394045167525867,0.30835539347071184,BEAR,3,176723.30956169043,7.500758524059568,-0.22394045167525867,0.30835539347071184,BEAR,3,False,False,False,,,0.0,0.0
2021-09-15 00:00:00+00:00,179527.82172939548,7.61927508277277,-0.21167823756331972,0.3191599901959078,BEAR,3,179527.82172939548,7.61927508277277,-0.21167823756331972,0.3191599901959078,BEAR,3,False,False,False,,,0.0,0.0
2021-09-16 00:00:00+00:00,178825.0571440885,7.588941364361445,-0.21481668972569667,0.3164843570671294,BEAR,3,178825.0571440885,7.588941364361445,-0.21481668972569667,0.3164843570671294,BEAR,3,False,False,False,,,0.0,0.0
2021-09-17 00:00:00+00:00,176233.76613997255,7.478467686013176,-0.22624675411794826,0.3064341381136418,BEAR,3,176233.76613997255,7.478467686013176,-0.22624675411794826,0.3064341381136418,BEAR,3,False,False,False,,,0.0,0.0
2021-09-18 00:00:00+00:00,176832.51743815021,7.503367571325475,-0.223670508837312,0.30878253797918925,BEAR,3,176832.51743815021,7.503367571325475,-0.223670508837312,0.30878253797918925,BEAR,3,False,False,False,,,0.0,0.0
2021-09-19 00:00:00+00:00,175159.81028946498,7.431884590836205,-0.23106643411253136,0.3021816836615946,BEAR,3,175159.81028946498,7.431884590836205,-0.23106643411253136,0.3021816836615946,BEAR,3,False,False,False,,,0.0,0.0
2021-09-20 00:00:00+00:00,169612.15399341373,7.196000611732176,-0.25547196772534253,0.2793575163776571,BEAR,3,169612.15399341373,7.196000611732176,-0.25547196772534253,0.2793575163776571,BEAR,3,False,False,False,,,0.0,0.0
2021-09-21 00:00:00+00:00,166287.7716963492,7.054461832986697,-0.2701161560899351,0.2649506174780712,BEAR,3,166287.7716963492,7.054461832986697,-0.2701161560899351,0.2649506174780712,BEAR,3,False,False,False,CRASH_L1:NOTIONAL_BELOW_GUARD,CRASH_L1:NOTIONAL_BELOW_GUARD,0.0,0.0
2021-09-22 00:00:00+00:00,171188.9859093297,7.2618704069166276,-0.2486568058540306,0.28599539709238087,BEAR,3,171188.9859093297,7.2618704069166276,-0.2486568058540306,0.28599539709238087,BEAR,3,False,False,False,,,0.0,0.0
2021-09-23 00:00:00+00:00,172413.0237951159,7.313283115082556,-0.2433374340932386,0.2910644380809737,BEAR,3,172413.0237951159,7.313283115082556,-0.2433374340932386,0.2910644380809737,BEAR,3,False,False,False,,,0.0,0.0
2021-09-24 00:00:00+00:00,168901.8165624728,7.163841105548791,-0.25879932345382917,0.27632676549018026,BEAR,3,168901.8165624728,7.163841105548791,-0.25879932345382917,0.27632676549018026,BEAR,3,False,False,False,STAGE4_SELL:EXPOSURE_GAP_BELOW_5PP,STAGE4_SELL:EXPOSURE_GAP_BELOW_5PP,0.0,0.0
2021-09-25 00:00:00+00:00,168803.94555778388,7.159180614040356,-0.25928151721108794,0.27590718627777533,DEEP_BEAR,4,168803.94555778388,7.159180614040356,-0.25928151721108794,0.27590718627777533,DEEP_BEAR,4,False,False,False,DEEP_BEAR_TO_BEAR_NO_AUTO_BUY,DEEP_BEAR_TO_BEAR_NO_AUTO_BUY,0.0,0.0
2021-09-26 00:00:00+00:00,170952.66128110795,7.24979573917516,-0.24990610099712274,0.28500835851066914,BEAR,3,170952.66128110795,7.24979573917516,-0.24990610099712274,0.28500835851066914,BEAR,3,False,False,False,STAGE4_SELL:EXPOSURE_GAP_BELOW_5PP,STAGE4_SELL:EXPOSURE_GAP_BELOW_5PP,0.0,0.0
2021-09-27 00:00:00+00:00,168867.12088439654,7.1608496223781115,-0.2591088346947006,0.2761780785613958,DEEP_BEAR,4,168867.12088439654,7.1608496223781115,-0.2591088346947006,0.2761780785613958,DEEP_BEAR,4,False,False,False,DEEP_BEAR_TO_BEAR_NO_AUTO_BUY,DEEP_BEAR_TO_BEAR_NO_AUTO_BUY,0.0,0.0
2021-09-28 00:00:00+00:00,166978.88746048568,7.080274136537062,-0.2674455082387528,0.26799294350746167,BEAR,3,166978.88746048568,7.080274136537062,-0.2674455082387528,0.26799294350746167,BEAR,3,False,False,False,STAGE4_SELL:EXPOSURE_GAP_BELOW_5PP,STAGE4_SELL:EXPOSURE_GAP_BELOW_5PP,0.0,0.0
2021-09-29 00:00:00+00:00,167710.8017728176,7.110801141447291,-0.2642870578545219,0.271187528684513,DEEP_BEAR,4,167710.8017728176,7.110801141447291,-0.2642870578545219,0.271187528684513,DEEP_BEAR,4,False,False,False,DEEP_BEAR_TO_BEAR_NO_AUTO_BUY,DEEP_BEAR_TO_BEAR_NO_AUTO_BUY,0.0,0.0
2021-09-30 00:00:00+00:00,170123.1994448005,7.212574528665005,-0.2537571616230522,0.28152230674448037,BEAR,3,170123.1994448005,7.212574528665005,-0.2537571616230522,0.28152230674448037,BEAR,3,False,False,False,STAGE4_SELL:EXPOSURE_GAP_BELOW_5PP,STAGE4_SELL:EXPOSURE_GAP_BELOW_5PP,0.0,0.0
2021-10-01 00:00:00+00:00,175064.60208372853,7.42155453011801,-0.23213522498606964,0.30180217787322955,DEEP_BEAR,4,175064.60208372853,7.42155453011801,-0.23213522498606964,0.30180217787322955,DEEP_BEAR,4,False,False,False,DEEP_BEAR_TO_BEAR_NO_AUTO_BUY,DEEP_BEAR_TO_BEAR_NO_AUTO_BUY,0.0,0.0
2021-10-02 00:00:00+00:00,176254.33705827367,7.471480157470676,-0.22696971276635758,0.3065150852660321,BEAR,3,176254.33705827367,7.471480157470676,-0.22696971276635758,0.3065150852660321,BEAR,3,False,False,False,,,0.0,0.0
2021-10-03 00:00:00+00:00,176749.9400736398,7.491979971396349,-0.2248487170984036,0.3084596019923738,BEAR,3,176749.9400736398,7.491979971396349,-0.2248487170984036,0.3084596019923738,BEAR,3,False,False,False,,,0.0,0.0
2021-10-04 00:00:00+00:00,176319.67694025414,7.473232418068106,-0.226788416626317,0.30677207429454145,BEAR,3,176319.67694025414,7.473232418068106,-0.226788416626317,0.30677207429454145,BEAR,3,False,False,False,,,0.0,0.0
2021-10-05 00:00:00+00:00,178406.8409928625,7.561182903552083,-0.21768869506873034,0.3148820794868568,BEAR,3,178406.8409928625,7.561182903552083,-0.21768869506873034,0.3148820794868568,BEAR,3,False,False,False,,,0.0,0.0
2021-10-06 00:00:00+00:00,179492.5160741559,7.606683732619031,-0.21298099080911026,0.3190260709485474,BEAR,3,179492.5160741559,7.606683732619031,-0.21298099080911026,0.3190260709485474,BEAR,3,False,False,False,,,0.0,0.0
2021-10-07 00:00:00+00:00,179635.5655666581,7.612237160510057,-0.21240641015477513,0.3195683520644875,BEAR,3,179635.5655666581,7.612237160510057,-0.21240641015477513,0.3195683520644875,BEAR,3,False,False,False,,,0.0,0.0
2021-10-08 00:00:00+00:00,179279.66206795684,7.596648696902692,-0.21401925717383374,0.31821756859393696,BEAR,3,179279.66206795684,7.596648696902692,-0.21401925717383374,0.31821756859393696,BEAR,3,False,False,False,,,0.0,0.0
2021-10-09 00:00:00+00:00,179512.6991235028,7.606015284655188,-0.21305015120445359,0.3191026345035555,BEAR,3,179512.6991235028,7.606015284655188,-0.21305015120445359,0.3191026345035555,BEAR,3,False,False,False,,,0.0,0.0
2021-10-10 00:00:00+00:00,177041.2673767888,7.5007976870366875,-0.22393639971141577,0.3095975547542086,BEAR,3,177041.2673767888,7.5007976870366875,-0.22393639971141577,0.3095975547542086,BEAR,3,False,False,False,,,0.0,0.0
2021-10-11 00:00:00+00:00,179138.46488212002,7.589141637066894,-0.2147959686819737,0.3176801867383378,BEAR,3,179138.46488212002,7.589141637066894,-0.2147959686819737,0.3176801867383378,BEAR,3,False,False,False,,,0.0,0.0
2021-10-12 00:00:00+00:00,178309.14939883098,7.553499588655627,-0.21848364265557163,0.31450671870486585,BEAR,3,178309.14939883098,7.553499588655627,-0.21848364265557163,0.31450671870486585,BEAR,3,False,False,False,,,0.0,0.0
2021-10-13 00:00:00+00:00,180163.3775502953,7.6315340702977865,-0.21040987193188831,0.3215617648363263,BEAR,3,180163.3775502953,7.6315340702977865,-0.21040987193188831,0.3215617648363263,BEAR,3,False,False,False,,,0.0,0.0
2021-10-14 00:00:00+00:00,182996.50226708394,7.751030204692613,-0.19804630686209712,0.3320652450069548,BEAR,3,182996.50226708394,7.751030204692613,-0.19804630686209712,0.3320652450069548,BEAR,3,False,False,False,,,0.0,0.0
2021-10-15 00:00:00+00:00,184395.32777068097,7.809767866125569,-0.19196906509313527,0.33713220728479004,BEAR,3,184395.32777068097,7.809767866125569,-0.19196906509313527,0.33713220728479004,BEAR,3,False,False,False,,,0.0,0.0
2021-10-16 00:00:00+00:00,183772.6513983858,7.782889267573534,-0.19475003624225107,0.33488621415502634,BEAR,3,183772.6513983858,7.782889267573534,-0.19475003624225107,0.33488621415502634,BEAR,3,False,False,False,,,0.0,0.0
2021-10-17 00:00:00+00:00,184072.73639887158,7.795089170523995,-0.19348778374565745,0.3359705174291186,BEAR,3,184072.73639887158,7.795089170523995,-0.19348778374565745,0.3359705174291186,BEAR,3,False,False,False,,,0.0,0.0
2021-10-18 00:00:00+00:00,182537.7374591908,7.729579287637896,-0.20026570759966755,0.33038655125395455,BEAR,3,182537.7374591908,7.729579287637896,-0.20026570759966755,0.33038655125395455,BEAR,3,False,False,False,,,0.0,0.0
2021-10-19 00:00:00+00:00,184680.378299904,7.819797769281527,-0.19093132976437,0.33815533067698667,BEAR,3,184680.378299904,7.819797769281527,-0.19093132976437,0.33815533067698667,BEAR,3,False,False,False,,,0.0,0.0
2021-10-20 00:00:00+00:00,189139.10895561564,8.008073094684997,-0.17145158467930477,0.35375753549186906,BEAR,3,189139.10895561564,8.008073094684997,-0.17145158467930477,0.35375753549186906,BEAR,3,False,False,False,,,0.0,0.0
2021-10-21 00:00:00+00:00,187320.24833031863,7.93055941709748,-0.17947147085809634,0.34748258666190585,BEAR,3,187320.24833031863,7.93055941709748,-0.17947147085809634,0.34748258666190585,BEAR,3,False,False,False,,,0.0,0.0
2021-10-22 00:00:00+00:00,186022.83839438568,7.875127346707983,-0.18520670248449667,0.34293162623822243,BEAR,3,186022.83839438568,7.875127346707983,-0.18520670248449667,0.34293162623822243,BEAR,3,False,True,False,,,0.0,0.0
2021-10-23 00:00:00+00:00,189060.5040788303,8.003210987380207,-0.1719546384420354,0.3534888500276912,BEAR,3,189060.5040788303,8.003210987380207,-0.1719546384420354,0.3534888500276912,BEAR,3,False,True,False,,,0.0,0.0
2021-10-24 00:00:00+00:00,187748.62822973632,7.947169116202485,-0.17775296258404738,0.34897141428493406,BEAR,3,187748.62822973632,7.947169116202485,-0.17775296258404738,0.34897141428493406,BEAR,3,False,True,False,,,0.0,0.0
2021-10-25 00:00:00+00:00,189983.64924027113,8.041263785964839,-0.16801753826911858,0.3566302974222492,BEAR,3,189983.64924027113,8.041263785964839,-0.16801753826911858,0.3566302974222492,BEAR,3,False,True,False,,,0.0,0.0
2021-10-26 00:00:00+00:00,188505.41979171167,7.978191692734646,-0.17454323830693663,0.35158509478716204,BEAR,3,188505.41979171167,7.978191692734646,-0.17454323830693663,0.35158509478716204,BEAR,3,False,True,False,,,0.0,0.0
2021-10-27 00:00:00+00:00,185207.43866242084,7.838108580178552,-0.18903681741756884,0.340038797636319,BEAR,3,185207.43866242084,7.838108580178552,-0.18903681741756884,0.340038797636319,BEAR,3,False,True,False,,,0.0,0.0
2021-10-28 00:00:00+00:00,190918.07562405264,8.079270255579837,-0.164085231483315,0.35977919583141893,BEAR,3,190918.07562405264,8.079270255579837,-0.164085231483315,0.35977919583141893,BEAR,3,False,True,False,,,0.0,0.0
2021-10-29 00:00:00+00:00,193050.54326953465,8.169001542272385,-0.15480126085583135,0.36685117878330226,BEAR,3,193050.54326953465,8.169001542272385,-0.15480126085583135,0.36685117878330226,BEAR,3,False,True,False,,,0.0,0.0
2021-10-30 00:00:00+00:00,191564.25280894025,8.105601697816601,-0.16136087139313815,0.36193876407485703,BEAR,3,191564.25280894025,8.105601697816601,-0.16136087139313815,0.36193876407485703,BEAR,3,False,True,False,,,0.0,0.0
2021-10-31 00:00:00+00:00,191004.99823906744,8.08143004500225,-0.16386177072287889,0.36007054771748603,BEAR,3,191004.99823906744,8.08143004500225,-0.16386177072287889,0.36007054771748603,BEAR,3,False,True,False,,,0.0,0.0
2021-11-01 00:00:00+00:00,191494.77964059962,8.10164431690679,-0.16177031841527134,0.3617072792493267,BEAR,3,191494.77964059962,8.10164431690679,-0.16177031841527134,0.3617072792493267,BEAR,3,False,True,False,,,0.0,0.0
2021-11-02 00:00:00+00:00,195774.68752737762,8.282200621299195,-0.1430892152195753,0.3756612489075942,BEAR,3,195774.68752737762,8.282200621299195,-0.1430892152195753,0.3756612489075942,BEAR,3,False,True,False,,,0.0,0.0
2021-11-03 00:00:00+00:00,195978.80183746404,8.290327417939906,-0.14224838317437782,0.37631150532433205,BEAR,3,195978.80183746404,8.290327417939906,-0.14224838317437782,0.37631150532433205,BEAR,3,False,True,False,,,0.0,0.0
2021-11-04 00:00:00+00:00,194828.17760929704,8.241145684404055,-0.14733692905826834,0.3726281002768243,BEAR,3,194828.17760929704,8.241145684404055,-0.14733692905826834,0.3726281002768243,BEAR,3,False,True,False,,,0.0,0.0
2021-11-05 00:00:00+00:00,193925.0218605912,8.202436330891054,-0.1513419591238122,0.3697062775415466,BEAR,3,193925.0218605912,8.202436330891054,-0.1513419591238122,0.3697062775415466,BEAR,3,False,True,False,,,0.0,0.0
2021-11-06 00:00:00+00:00,194635.38806436237,8.231972250865585,-0.14828605049253618,0.3720066781179083,BEAR,3,194635.38806436237,8.231972250865585,-0.14828605049253618,0.3720066781179083,BEAR,3,False,True,False,,,0.0,0.0
2021-11-07 00:00:00+00:00,196187.74877398944,8.297118826917686,-0.14154571586854758,0.3769757557738277,BEAR,3,196187.74877398944,8.297118826917686,-0.14154571586854758,0.3769757557738277,BEAR,3,False,True,False,,,0.0,0.0
2021-11-08 00:00:00+00:00,199407.02249522408,8.432756123854606,-0.12751211925838968,0.38703400523782233,BEAR,3,199407.02249522408,8.432756123854606,-0.12751211925838968,0.38703400523782233,BEAR,3,False,True,False,,,0.0,0.0
2021-11-09 00:00:00+00:00,198227.53396464765,8.382371282068044,-0.13272514370569977,0.38338675025767266,BEAR,3,198227.53396464765,8.382371282068044,-0.13272514370569977,0.38338675025767266,BEAR,3,False,True,False,,,0.0,0.0
2021-11-10 00:00:00+00:00,196547.757053661,8.31083625105951,-0.14012645434325843,0.37811692314057743,BEAR,3,196547.757053661,8.31083625105951,-0.14012645434325843,0.37811692314057743,BEAR,3,False,True,False,,,0.0,0.0
2021-11-11 00:00:00+00:00,197942.73423755134,8.369313125913225,-0.13407619463407694,0.38249956798282425,BEAR,3,197942.73423755134,8.369313125913225,-0.13407619463407694,0.38249956798282425,BEAR,3,False,True,False,,,0.0,0.0
2021-11-12 00:00:00+00:00,197099.6645965185,8.333159747606585,-0.13781677291680228,0.37985828562131424,BEAR,3,197099.6645965185,8.333159747606585,-0.13781677291680228,0.37985828562131424,BEAR,3,False,True,False,,,0.0,0.0
2021-11-13 00:00:00+00:00,196798.20991927473,8.31990729781238,-0.13918792626995957,0.37890835512941523,BEAR,3,196798.20991927473,8.31990729781238,-0.13918792626995957,0.37890835512941523,BEAR,3,False,True,False,,,0.0,0.0
2021-11-14 00:00:00+00:00,196591.77843018377,8.31067169936892,-0.14014347954281192,0.37825617692472957,BEAR,3,196591.77843018377,8.31067169936892,-0.14014347954281192,0.37825617692472957,BEAR,3,False,True,False,,,0.0,0.0
2021-11-15 00:00:00+00:00,195545.81098825316,8.26595158363186,-0.14477040796726537,0.3749304917930891,BEAR,3,195545.81098825316,8.26595158363186,-0.14477040796726537,0.3749304917930891,BEAR,3,False,True,False,,,0.0,0.0
2021-11-16 00:00:00+00:00,189937.8523340559,8.02839463816637,-0.16934903360999232,0.3564751711977048,BEAR,3,189937.8523340559,8.02839463816637,-0.16934903360999232,0.3564751711977048,BEAR,3,False,True,False,,,0.0,0.0
2021-11-17 00:00:00+00:00,191164.68728466908,8.079740153840893,-0.16403661386270185,0.3606051115270416,BEAR,3,191164.68728466908,8.079740153840893,-0.16403661386270185,0.3606051115270416,BEAR,3,False,True,False,,,0.0,0.0
2021-11-18 00:00:00+00:00,186530.8867448389,7.883389628040516,-0.1843518526318464,0.3447212628461334,BEAR,3,186530.8867448389,7.883389628040516,-0.1843518526318464,0.3447212628461334,BEAR,3,False,True,False,,,0.0,0.0
2021-11-19 00:00:00+00:00,191183.43223821523,8.079506421378277,-0.1640607967915063,0.3606678022494633,BEAR,3,191183.43223821523,8.079506421378277,-0.1640607967915063,0.3606678022494633,BEAR,3,False,False,False,,,0.0,0.0
2021-11-20 00:00:00+00:00,193084.00578678952,8.159313614010768,-0.15580361404541831,0.3669609069467954,BEAR,3,193084.00578678952,8.159313614010768,-0.15580361404541831,0.3669609069467954,BEAR,3,False,False,False,,,0.0,0.0
2021-11-21 00:00:00+00:00,190674.53742074998,8.056991604631977,-0.16639027299830622,0.3589614766620254,BEAR,3,190674.53742074998,8.056991604631977,-0.16639027299830622,0.3589614766620254,BEAR,3,False,False,False,,,0.0,0.0
2021-11-22 00:00:00+00:00,187916.26384285753,7.939937189726963,-0.17850120765501032,0.3495521813451872,BEAR,3,187916.26384285753,7.939937189726963,-0.17850120765501032,0.3495521813451872,BEAR,3,False,False,False,,,0.0,0.0
2021-11-23 00:00:00+00:00,191893.3320065036,8.10746499000817,-0.16116808746442646,0.3630329796857851,BEAR,3,191893.3320065036,8.10746499000817,-0.16116808746442646,0.3630329796857851,BEAR,3,False,False,False,,,0.0,0.0
2021-11-24 00:00:00+00:00,190806.83047652332,8.06105337902447,-0.16597002499401114,0.3594059311132053,BEAR,3,190806.83047652332,8.06105337902447,-0.16597002499401114,0.3594059311132053,BEAR,3,False,False,False,,,0.0,0.0
2021-11-25 00:00:00+00:00,194842.1826461518,8.23102248176223,-0.1483843175383288,0.37267319506306584,BEAR,3,194842.1826461518,8.23102248176223,-0.1483843175383288,0.37267319506306584,BEAR,3,False,False,False,,,0.0,0.0
2021-11-26 00:00:00+00:00,187146.53078684382,7.905424343879985,-0.18207204965365542,0.3468768916397057,BEAR,3,187146.53078684382,7.905424343879985,-0.18207204965365542,0.3468768916397057,BEAR,3,False,False,False,,,0.0,0.0
2021-11-27 00:00:00+00:00,188041.4287443324,7.942720063080054,-0.1782132800500198,0.3499851350707577,BEAR,3,188041.4287443324,7.942720063080054,-0.1782132800500198,0.3499851350707577,BEAR,3,False,False,False,,,0.0,0.0
2021-11-28 00:00:00+00:00,191254.11850030924,8.07790522213283,-0.1642264634983085,0.360904095217425,BEAR,3,191254.11850030924,8.07790522213283,-0.1642264634983085,0.360904095217425,BEAR,3,False,False,False,,,0.0,0.0
2021-11-29 00:00:00+00:00,193596.07725155517,8.176309758575487,-0.15404512252328117,0.36863532752512385,BEAR,3,193596.07725155517,8.176309758575487,-0.15404512252328117,0.36863532752512385,BEAR,3,False,False,False,,,0.0,0.0
2021-11-30 00:00:00+00:00,196423.33262744,8.295204733464557,-0.14174375590622135,0.37772299109605034,BEAR,3,196423.33262744,8.295204733464557,-0.14174375590622135,0.37772299109605034,BEAR,3,False,False,False,,,0.0,0.0
2021-12-01 00:00:00+00:00,195719.40990077023,8.264975162359427,-0.14487143255687562,0.37548491502033726,BEAR,3,195719.40990077023,8.264975162359427,-0.14487143255687562,0.37548491502033726,BEAR,3,False,False,False,,,0.0,0.0
2021-12-02 00:00:00+00:00,194590.90466622295,8.216813999876026,-0.1498543859320277,0.3718631191113139,BEAR,3,194590.90466622295,8.216813999876026,-0.1498543859320277,0.3718631191113139,BEAR,3,False,False,False,,,0.0,0.0
2021-12-03 00:00:00+00:00,189905.72588742728,8.018481396440064,-0.17037469866398303,0.356366305780561,BEAR,3,189905.72588742728,8.018481396440064,-0.17037469866398303,0.356366305780561,BEAR,3,False,False,False,,,0.0,0.0
2021-12-04 00:00:00+00:00,188169.56616390264,7.944664401261245,-0.1780121107674938,0.35042777427736443,BEAR,3,188169.56616390264,7.944664401261245,-0.1780121107674938,0.35042777427736443,BEAR,3,False,False,False,,,0.0,0.0
2021-12-05 00:00:00+00:00,189412.96473039483,7.996652887107278,-0.17263316666279493,0.3546918814119858,BEAR,3,189412.96473039483,7.996652887107278,-0.17263316666279493,0.3546918814119858,BEAR,3,False,False,False,,,0.0,0.0
2021-12-06 00:00:00+00:00,191806.4170648947,8.097184156380443,-0.16223178509926472,0.36274434517488313,BEAR,3,191806.4170648947,8.097184156380443,-0.16223178509926472,0.36274434517488313,BEAR,3,False,False,False,,,0.0,0.0
2021-12-07 00:00:00+00:00,191192.3416300693,8.070756305551656,-0.16496612002173894,0.36069759455717876,BEAR,3,191192.3416300693,8.070756305551656,-0.16496612002173894,0.36069759455717876,BEAR,3,False,False,False,,,0.0,0.0
2021-12-08 00:00:00+00:00,193206.21972596925,8.15525697955856,-0.15622333025019963,0.36736134023163747,BEAR,3,193206.21972596925,8.15525697955856,-0.15622333025019963,0.36736134023163747,BEAR,3,False,False,False,,,0.0,0.0
2021-12-09 00:00:00+00:00,187963.7937669715,7.9334751979699405,-0.1791697920905907,0.3497166584226135,BEAR,3,187963.7937669715,7.9334751979699405,-0.1791697920905907,0.3497166584226135,BEAR,3,False,False,False,,,0.0,0.0
2021-12-10 00:00:00+00:00,184757.8691196256,7.797662401366304,-0.19322154662326352,0.33843292040130313,BEAR,3,184757.8691196256,7.797662401366304,-0.19322154662326352,0.33843292040130313,BEAR,3,False,False,False,,,0.0,0.0
2021-12-11 00:00:00+00:00,187837.3842776012,7.927121948813395,-0.17982712556626634,0.349279035286671,BEAR,3,187837.3842776012,7.927121948813395,-0.17982712556626634,0.349279035286671,BEAR,3,False,False,False,,,0.0,0.0
2021-12-12 00:00:00+00:00,188510.69557454862,7.955027836082454,-0.1769398668710075,0.35160324174809554,BEAR,3,188510.69557454862,7.955027836082454,-0.1769398668710075,0.35160324174809554,BEAR,3,False,False,False,,,0.0,0.0
2021-12-13 00:00:00+00:00,182983.70563164374,7.721293352574916,-0.2011230047652539,0.3320185341944921,BEAR,3,182983.70563164374,7.721293352574916,-0.2011230047652539,0.3320185341944921,BEAR,3,False,False,False,,,0.0,0.0
2021-12-14 00:00:00+00:00,184271.73847235524,7.775134438588113,-0.1955523829729794,0.3366876281753533,BEAR,3,184271.73847235524,7.775134438588113,-0.1955523829729794,0.3366876281753533,BEAR,3,False,False,False,,,0.0,0.0
2021-12-15 00:00:00+00:00,186775.89230206143,7.88028034030155,-0.18467355242135086,0.34558083273041373,BEAR,3,186775.89230206143,7.88028034030155,-0.18467355242135086,0.34558083273041373,BEAR,3,False,False,False,,,0.0,0.0
2021-12-16 00:00:00+00:00,185781.35033755342,7.83781656528823,-0.18906703048777507,0.3420775353163007,BEAR,3,185781.35033755342,7.83781656528823,-0.18906703048777507,0.3420775353163007,BEAR,3,False,False,False,,,0.0,0.0
2021-12-17 00:00:00+00:00,184437.33398974943,7.780609298628013,-0.19498593127398423,0.33728317763939164,BEAR,3,184437.33398974943,7.780609298628013,-0.19498593127398423,0.33728317763939164,BEAR,3,False,False,False,,,0.0,0.0
2021-12-18 00:00:00+00:00,185789.03979158774,7.837123723182091,-0.1891387148021315,0.3421047654723746,BEAR,3,185789.03979158774,7.837123723182091,-0.1891387148021315,0.3421047654723746,BEAR,3,False,False,False,,,0.0,0.0
2021-12-19 00:00:00+00:00,185241.61492459982,7.813526655440877,-0.19158016518002263,0.34016055757179103,BEAR,3,185241.61492459982,7.813526655440877,-0.19158016518002263,0.34016055757179103,BEAR,3,False,False,False,,,0.0,0.0
2021-12-20 00:00:00+00:00,185583.64915733912,7.827443757037,-0.19014024419816022,0.34137665434780984,BEAR,3,185583.64915733912,7.827443757037,-0.19014024419816022,0.34137665434780984,BEAR,3,False,False,False,,,0.0,0.0
2021-12-21 00:00:00+00:00,186775.72383311775,7.8772153613277025,-0.18499066784246976,0.34558024245399255,BEAR,3,186775.72383311775,7.8772153613277025,-0.18499066784246976,0.34558024245399255,BEAR,3,False,False,False,,,0.0,0.0
2021-12-22 00:00:00+00:00,186237.42320998586,7.854008454632879,-0.1873917505422834,0.34368870767432785,BEAR,3,186237.42320998586,7.854008454632879,-0.1873917505422834,0.34368870767432785,BEAR,3,False,False,False,,,0.0,0.0
2021-12-23 00:00:00+00:00,188407.7884637041,7.945025198782051,-0.17797478116140997,0.3512490916483744,BEAR,3,188407.7884637041,7.945025198782051,-0.17797478116140997,0.3512490916483744,BEAR,3,False,False,False,,,0.0,0.0
2021-12-24 00:00:00+00:00,187417.70216814821,7.902769775212984,-0.18234670232432892,0.3478218839931867,BEAR,3,187417.70216814821,7.902769775212984,-0.18234670232432892,0.3478218839931867,BEAR,3,False,False,False,,,0.0,0.0
2021-12-25 00:00:00+00:00,188151.17789620152,7.933190479397925,-0.17919925025348038,0.3503642907099941,BEAR,3,188151.17789620152,7.933190479397925,-0.17919925025348038,0.3503642907099941,BEAR,3,False,False,False,,,0.0,0.0
2021-12-26 00:00:00+00:00,187703.8848395126,7.913824259306511,-0.18120295960749988,0.34881622716090427,BEAR,3,187703.8848395126,7.913824259306511,-0.18120295960749988,0.34881622716090427,BEAR,3,False,False,False,,,0.0,0.0
2021-12-27 00:00:00+00:00,187306.36671420228,7.896559915444051,-0.18298920013998043,0.34743422740749236,BEAR,3,187306.36671420228,7.896559915444051,-0.18298920013998043,0.34743422740749236,BEAR,3,False,False,False,,,0.0,0.0
2021-12-28 00:00:00+00:00,183372.22563902475,7.730202181322033,-0.20020126043880837,0.33343382030513796,BEAR,3,183372.22563902475,7.730202181322033,-0.20020126043880837,0.33343382030513796,BEAR,3,False,False,False,,,0.0,0.0
2021-12-29 00:00:00+00:00,180819.4853902271,7.622090328596586,-0.211386960568407,0.324023494245852,BEAR,3,180819.4853902271,7.622090328596586,-0.211386960568407,0.324023494245852,BEAR,3,False,False,False,,,0.0,0.0
2021-12-30 00:00:00+00:00,182086.8217659686,7.6750060503764015,-0.20591208079298184,0.3287283356318471,BEAR,3,182086.8217659686,7.6750060503764015,-0.20591208079298184,0.3287283356318471,BEAR,3,False,False,False,,,0.0,0.0
2021-12-31 00:00:00+00:00,181536.98382310887,7.651326781317394,-0.2083620360597257,0.32669519272474745,BEAR,3,181536.98382310887,7.651326781317394,-0.2083620360597257,0.32669519272474745,BEAR,3,False,False,False,,,0.0,0.0
2022-01-01 00:00:00+00:00,183012.5950754036,7.713011958464192,-0.20197983210510928,0.332123978374337,BEAR,3,183012.5950754036,7.713011958464192,-0.20197983210510928,0.332123978374337,BEAR,3,False,False,False,,,0.0,0.0
2022-01-02 00:00:00+00:00,183963.8820956229,7.752595257032491,-0.19788438006388143,0.3355776008096255,BEAR,3,183963.8820956229,7.752595257032491,-0.19788438006388143,0.3355776008096255,BEAR,3,False,False,False,,,0.0,0.0
2022-01-03 00:00:00+00:00,182965.7059281374,7.710025846662477,-0.20228878760189717,0.3319528198669288,BEAR,3,182965.7059281374,7.710025846662477,-0.20228878760189717,0.3319528198669288,BEAR,3,False,False,False,STAGE4_SELL:EXECUTED,STAGE4_SELL:EXECUTED,0.0,0.0
2022-01-04 00:00:00+00:00,183188.4995648641,7.718908868656977,-0.20136971334898013,0.2510069640914467,DEEP_BEAR,4,183188.4995648641,7.718908868656977,-0.20136971334898013,0.2510069640914467,DEEP_BEAR,4,False,False,False,DEEP_BEAR_TO_BEAR_NO_AUTO_BUY,DEEP_BEAR_TO_BEAR_NO_AUTO_BUY,0.0,0.0
2022-01-05 00:00:00+00:00,180230.1365824878,7.593756398235749,-0.21431850637508298,0.23871272011258038,BEAR,3,180230.1365824878,7.593756398235749,-0.21431850637508298,0.23871272011258038,BEAR,3,False,False,False,STAGE4_SELL:EXPOSURE_GAP_BELOW_5PP,STAGE4_SELL:EXPOSURE_GAP_BELOW_5PP,0.0,0.0
2022-01-06 00:00:00+00:00,178616.6258490724,7.525268781877485,-0.22140451886919887,0.2318357276071411,DEEP_BEAR,4,178616.6258490724,7.525268781877485,-0.22140451886919887,0.2318357276071411,DEEP_BEAR,4,False,False,False,DEEP_BEAR_TO_BEAR_NO_AUTO_BUY,DEEP_BEAR_TO_BEAR_NO_AUTO_BUY,0.0,0.0
2022-01-07 00:00:00+00:00,176106.4335920317,7.419007883885416,-0.23239871155461744,0.22088643989876117,BEAR,3,176106.4335920317,7.419007883885416,-0.23239871155461744,0.22088643989876117,BEAR,3,False,False,False,STAGE4_SELL:EXPOSURE_GAP_BELOW_5PP,STAGE4_SELL:EXPOSURE_GAP_BELOW_5PP,0.0,0.0
2022-01-08 00:00:00+00:00,174682.0111261823,7.358497457887593,-0.23865937088902733,0.21453325646961877,DEEP_BEAR,4,174682.0111261823,7.358497457887593,-0.23865937088902733,0.21453325646961877,DEEP_BEAR,4,False,False,False,DEEP_BEAR_TO_BEAR_NO_AUTO_BUY,DEEP_BEAR_TO_BEAR_NO_AUTO_BUY,0.0,0.0
2022-01-09 00:00:00+00:00,175556.6710868597,7.394836203414532,-0.23489961374581758,0.21844661565304604,BEAR,3,175556.6710868597,7.394836203414532,-0.23489961374581758,0.21844661565304604,BEAR,3,False,False,False,STAGE4_SELL:EXPOSURE_GAP_BELOW_5PP,STAGE4_SELL:EXPOSURE_GAP_BELOW_5PP,0.0,0.0
2022-01-10 00:00:00+00:00,174727.1089718177,7.359388401294506,-0.2385671901934705,0.2147359889371787,DEEP_BEAR,4,174727.1089718177,7.359388401294506,-0.2385671901934705,0.2147359889371787,DEEP_BEAR,4,False,False,False,DEEP_BEAR_TO_BEAR_NO_AUTO_BUY,DEEP_BEAR_TO_BEAR_NO_AUTO_BUY,0.0,0.0
2022-01-11 00:00:00+00:00,176648.1283574596,7.439791364639817,-0.23024836654149117,0.2232756060965862,BEAR,3,176648.1283574596,7.439791364639817,-0.23024836654149117,0.2232756060965862,BEAR,3,False,False,False,STAGE4_SELL:EXPOSURE_GAP_BELOW_5PP,STAGE4_SELL:EXPOSURE_GAP_BELOW_5PP,0.0,0.0
2022-01-12 00:00:00+00:00,178260.47319316998,7.50718918660308,-0.22327510868988742,0.23030098610847122,DEEP_BEAR,4,178260.47319316998,7.50718918660308,-0.22327510868988742,0.23030098610847122,DEEP_BEAR,4,False,False,False,DEEP_BEAR_TO_BEAR_NO_AUTO_BUY,DEEP_BEAR_TO_BEAR_NO_AUTO_BUY,0.0,0.0
2022-01-13 00:00:00+00:00,176682.18623079397,7.440219441665096,-0.23020407591917325,0.22342533019491007,BEAR,3,176682.18623079397,7.440219441665096,-0.23020407591917325,0.22342533019491007,BEAR,3,False,False,False,STAGE4_SELL:EXPOSURE_GAP_BELOW_5PP,STAGE4_SELL:EXPOSURE_GAP_BELOW_5PP,0.0,0.0
2022-01-14 00:00:00+00:00,177507.01273402644,7.474446548652689,-0.2266627976465756,0.22703386013143728,DEEP_BEAR,4,177507.01273402644,7.474446548652689,-0.2266627976465756,0.22703386013143728,DEEP_BEAR,4,False,False,False,DEEP_BEAR_TO_BEAR_NO_AUTO_BUY,DEEP_BEAR_TO_BEAR_NO_AUTO_BUY,0.0,0.0
2022-01-15 00:00:00+00:00,177745.1453851427,7.483968530148183,-0.22567761399683584,0.228069435396861,BEAR,3,177745.1453851427,7.483968530148183,-0.22567761399683584,0.228069435396861,BEAR,3,False,False,False,STAGE4_SELL:EXPOSURE_GAP_BELOW_5PP,STAGE4_SELL:EXPOSURE_GAP_BELOW_5PP,0.0,0.0
2022-01-16 00:00:00+00:00,178010.20108375858,7.494622742691899,-0.22457528503265034,0.2292188335427996,DEEP_BEAR,4,178010.20108375858,7.494622742691899,-0.22457528503265034,0.2292188335427996,DEEP_BEAR,4,False,False,False,DEEP_BEAR_TO_BEAR_NO_AUTO_BUY,DEEP_BEAR_TO_BEAR_NO_AUTO_BUY,0.0,0.0
2022-01-17 00:00:00+00:00,176352.566866778,7.424329356758439,-0.2318481299273042,0.2219738398462302,BEAR,3,176352.566866778,7.424329356758439,-0.2318481299273042,0.2219738398462302,BEAR,3,False,False,False,STAGE4_SELL:EXPOSURE_GAP_BELOW_5PP,STAGE4_SELL:EXPOSURE_GAP_BELOW_5PP,0.0,0.0
2022-01-18 00:00:00+00:00,175760.21278125458,7.398886641531471,-0.2344805386395512,0.2193517050222084,DEEP_BEAR,4,175760.21278125458,7.398886641531471,-0.2344805386395512,0.2193517050222084,DEEP_BEAR,4,False,False,False,DEEP_BEAR_TO_BEAR_NO_AUTO_BUY,DEEP_BEAR_TO_BEAR_NO_AUTO_BUY,0.0,0.0
2022-01-19 00:00:00+00:00,174848.37467561237,7.359997388783583,-0.23850418182515776,0.21528060705640817,BEAR,3,174848.37467561237,7.359997388783583,-0.23850418182515776,0.21528060705640817,BEAR,3,False,False,False,STAGE4_SELL:EXPOSURE_GAP_BELOW_5PP,STAGE4_SELL:EXPOSURE_GAP_BELOW_5PP,0.0,0.0
2022-01-20 00:00:00+00:00,173853.0287814063,7.317600216804581,-0.24289076886575256,0.21078792015100856,DEEP_BEAR,4,173853.0287814063,7.317600216804581,-0.24289076886575256,0.21078792015100856,DEEP_BEAR,4,False,False,False,DEEP_BEAR_TO_BEAR_NO_AUTO_BUY,DEEP_BEAR_TO_BEAR_NO_AUTO_BUY,0.0,0.0
2022-01-21 00:00:00+00:00,168581.46745116165,7.095221604262685,-0.26589898130890466,0.18610917020063705,BEAR,3,168581.46745116165,7.095221604262685,-0.26589898130890466,0.18610917020063705,BEAR,3,False,False,False,STAGE4_SELL:NOTIONAL_BELOW_GUARD,STAGE4_SELL:NOTIONAL_BELOW_GUARD,0.0,0.0
2022-01-22 00:00:00+00:00,166692.2887074579,7.015206899489138,-0.2741776341207124,0.1768850767091211,DEEP_BEAR,4,166692.2887074579,7.015206899489138,-0.2741776341207124,0.1768850767091211,DEEP_BEAR,4,False,False,False,DEEP_BEAR_TO_BEAR_NO_AUTO_BUY|CRASH_L1:NOTIONAL_BELOW_GUARD,DEEP_BEAR_TO_BEAR_NO_AUTO_BUY|CRASH_L1:NOTIONAL_BELOW_GUARD,0.0,0.0
2022-01-23 00:00:00+00:00,168251.31943083563,7.080309623912218,-0.26744183656791487,0.18451212806671066,BEAR,3,168251.31943083563,7.080309623912218,-0.26744183656791487,0.18451212806671066,BEAR,3,False,False,False,STAGE4_SELL:NOTIONAL_BELOW_GUARD,STAGE4_SELL:NOTIONAL_BELOW_GUARD,0.0,0.0
2022-01-24 00:00:00+00:00,167055.00752422743,7.029459488621058,-0.2727030022086602,0.1786722680987485,DEEP_BEAR,4,167055.00752422743,7.029459488621058,-0.2727030022086602,0.1786722680987485,DEEP_BEAR,4,False,False,False,DEEP_BEAR_TO_BEAR_NO_AUTO_BUY,DEEP_BEAR_TO_BEAR_NO_AUTO_BUY,0.0,0.0
2022-01-25 00:00:00+00:00,167306.24912403047,7.039525203730915,-0.2716615616267958,0.17990564518063185,BEAR,3,167306.24912403047,7.039525203730915,-0.2716615616267958,0.17990564518063185,BEAR,3,False,False,False,STAGE4_SELL:NOTIONAL_BELOW_GUARD,STAGE4_SELL:NOTIONAL_BELOW_GUARD,0.0,0.0
2022-01-26 00:00:00+00:00,167367.59073503024,7.041603386757911,-0.2714465442020788,0.18020621656769373,DEEP_BEAR,4,167367.59073503024,7.041603386757911,-0.2714465442020788,0.18020621656769373,DEEP_BEAR,4,False,False,False,DEEP_BEAR_TO_BEAR_NO_AUTO_BUY,DEEP_BEAR_TO_BEAR_NO_AUTO_BUY,0.0,0.0
2022-01-27 00:00:00+00:00,166911.76271928684,7.0219206933990295,-0.2734829971913214,0.1779673990779452,BEAR,3,166911.76271928684,7.0219206933990295,-0.2734829971913214,0.1779673990779452,BEAR,3,False,False,False,STAGE4_SELL:NOTIONAL_BELOW_GUARD,STAGE4_SELL:NOTIONAL_BELOW_GUARD,0.0,0.0
2022-01-28 00:00:00+00:00,168394.27948781318,7.083780486162037,-0.2670827267817176,0.18520444489000584,DEEP_BEAR,4,168394.27948781318,7.083780486162037,-0.2670827267817176,0.18520444489000584,DEEP_BEAR,4,False,False,False,DEEP_BEAR_TO_BEAR_NO_AUTO_BUY,DEEP_BEAR_TO_BEAR_NO_AUTO_BUY,0.0,0.0
2022-01-29 00:00:00+00:00,169095.14869709185,7.112757271999123,-0.2640846684844802,0.1885816270317402,BEAR,3,169095.14869709185,7.112757271999123,-0.2640846684844802,0.1885816270317402,BEAR,3,False,False,False,STAGE4_SELL:NOTIONAL_BELOW_GUARD,STAGE4_SELL:NOTIONAL_BELOW_GUARD,0.0,0.0
2022-01-30 00:00:00+00:00,169107.97180118694,7.112791801288371,-0.2640810959411791,0.18864315519123737,DEEP_BEAR,4,169107.97180118694,7.112791801288371,-0.2640810959411791,0.18864315519123737,DEEP_BEAR,4,False,False,False,DEEP_BEAR_TO_BEAR_NO_AUTO_BUY,DEEP_BEAR_TO_BEAR_NO_AUTO_BUY,0.0,0.0
2022-01-31 00:00:00+00:00,170160.34686050506,7.156546830438553,-0.2595540193728152,0.1936610793048016,BEAR,3,170160.34686050506,7.156546830438553,-0.2595540193728152,0.1936610793048016,BEAR,3,False,False,False,STAGE4_SELL:NOTIONAL_BELOW_GUARD,STAGE4_SELL:NOTIONAL_BELOW_GUARD,0.0,0.0
2022-02-01 00:00:00+00:00,171392.32762146034,7.207854767225236,-0.2542454876929289,0.19945710326276986,DEEP_BEAR,4,171392.32762146034,7.207854767225236,-0.2542454876929289,0.19945710326276986,DEEP_BEAR,4,False,False,False,DEEP_BEAR_TO_BEAR_NO_AUTO_BUY,DEEP_BEAR_TO_BEAR_NO_AUTO_BUY,0.0,0.0
2022-02-02 00:00:00+00:00,170094.26664073204,7.152762781881266,-0.2599455327117379,0.19334782328422326,BEAR,3,170094.26664073204,7.152762781881266,-0.2599455327117379,0.19334782328422326,BEAR,3,False,False,False,STAGE4_SELL:NOTIONAL_BELOW_GUARD,STAGE4_SELL:NOTIONAL_BELOW_GUARD,0.0,0.0
2022-02-03 00:00:00+00:00,170289.76698633685,7.1604774542770375,-0.25914734074812085,0.19427389642485685,DEEP_BEAR,4,170289.76698633685,7.1604774542770375,-0.25914734074812085,0.19427389642485685,DEEP_BEAR,4,False,False,False,DEEP_BEAR_TO_BEAR_NO_AUTO_BUY,DEEP_BEAR_TO_BEAR_NO_AUTO_BUY,0.0,0.0
2022-02-04 00:00:00+00:00,173979.8375161087,7.315129018911138,-0.24314644923659168,0.21136315338887282,BEAR,3,173979.8375161087,7.315129018911138,-0.24314644923659168,0.21136315338887282,BEAR,3,False,False,False,STAGE4_SELL:EXPOSURE_GAP_BELOW_5PP,STAGE4_SELL:EXPOSURE_GAP_BELOW_5PP,0.0,0.0
2022-02-05 00:00:00+00:00,174204.43523774628,7.3240678275091975,-0.24222160307057794,0.212379924510151,DEEP_BEAR,4,174204.43523774628,7.3240678275091975,-0.24222160307057794,0.212379924510151,DEEP_BEAR,4,False,False,False,DEEP_BEAR_TO_BEAR_NO_AUTO_BUY,DEEP_BEAR_TO_BEAR_NO_AUTO_BUY,0.0,0.0
2022-02-06 00:00:00+00:00,174740.70962369797,7.346108090992101,-0.2399412261102165,0.21479710865262214,BEAR,3,174740.70962369797,7.346108090992101,-0.2399412261102165,0.21479710865262214,BEAR,3,False,False,False,STAGE4_SELL:EXPOSURE_GAP_BELOW_5PP,STAGE4_SELL:EXPOSURE_GAP_BELOW_5PP,0.0,0.0
2022-02-07 00:00:00+00:00,175797.2846754521,7.390020431131277,-0.2353978734952803,0.21951632708136218,DEEP_BEAR,4,175797.2846754521,7.390020431131277,-0.2353978734952803,0.21951632708136218,DEEP_BEAR,4,False,False,False,DEEP_BEAR_TO_BEAR_NO_AUTO_BUY,DEEP_BEAR_TO_BEAR_NO_AUTO_BUY,0.0,0.0
2022-02-08 00:00:00+00:00,175531.12132678012,7.378327181791409,-0.2366077055105409,0.21833285519103512,BEAR,3,175531.12132678012,7.378327181791409,-0.2366077055105409,0.21833285519103512,BEAR,3,False,False,False,STAGE4_SELL:EXPOSURE_GAP_BELOW_5PP,STAGE4_SELL:EXPOSURE_GAP_BELOW_5PP,0.0,0.0
2022-02-09 00:00:00+00:00,177092.14111350058,7.443435712880738,-0.22987130717599957,0.22522304168945242,DEEP_BEAR,4,177092.14111350058,7.443435712880738,-0.22987130717599957,0.22522304168945242,DEEP_BEAR,4,False,False,False,DEEP_BEAR_TO_BEAR_NO_AUTO_BUY,DEEP_BEAR_TO_BEAR_NO_AUTO_BUY,0.0,0.0
2022-02-10 00:00:00+00:00,175012.03564110136,7.355505935933599,-0.23896888614258116,0.2160144304932742,BEAR,3,175012.03564110136,7.355505935933599,-0.23896888614258116,0.2160144304932742,BEAR,3,False,False,False,STAGE4_SELL:EXPOSURE_GAP_BELOW_5PP,STAGE4_SELL:EXPOSURE_GAP_BELOW_5PP,0.0,0.0
2022-02-11 00:00:00+00:00,173250.78972634947,7.28098404963689,-0.2466792292011164,0.20804453099844872,DEEP_BEAR,4,173250.78972634947,7.28098404963689,-0.2466792292011164,0.20804453099844872,DEEP_BEAR,4,False,False,False,DEEP_BEAR_TO_BEAR_NO_AUTO_BUY,DEEP_BEAR_TO_BEAR_NO_AUTO_BUY,0.0,0.0
2022-02-12 00:00:00+00:00,173155.75127821593,7.276485872607436,-0.24714462923000213,0.20760985748509916,BEAR,3,173155.75127821593,7.276485872607436,-0.24714462923000213,0.20760985748509916,BEAR,3,False,False,False,STAGE4_SELL:EXPOSURE_GAP_BELOW_5PP,STAGE4_SELL:EXPOSURE_GAP_BELOW_5PP,0.0,0.0
2022-02-13 00:00:00+00:00,172585.82517226704,7.25203315552863,-0.24967460863283464,0.20499316617881697,DEEP_BEAR,4,172585.82517226704,7.25203315552863,-0.24967460863283464,0.20499316617881697,DEEP_BEAR,4,False,False,False,DEEP_BEAR_TO_BEAR_NO_AUTO_BUY,DEEP_BEAR_TO_BEAR_NO_AUTO_BUY,0.0,0.0
2022-02-14 00:00:00+00:00,173315.67256551757,7.282195408308773,-0.24655389701494546,0.20834100920242704,BEAR,3,173315.67256551757,7.282195408308773,-0.24655389701494546,0.20834100920242704,BEAR,3,False,False,False,STAGE4_SELL:EXPOSURE_GAP_BELOW_5PP,STAGE4_SELL:EXPOSURE_GAP_BELOW_5PP,0.0,0.0
2022-02-15 00:00:00+00:00,176434.75719127728,7.412741082534897,-0.23304710078217683,0.22233627536398148,DEEP_BEAR,4,176434.75719127728,7.412741082534897,-0.23304710078217683,0.22233627536398148,DEEP_BEAR,4,False,False,False,DEEP_BEAR_TO_BEAR_NO_AUTO_BUY,DEEP_BEAR_TO_BEAR_NO_AUTO_BUY,0.0,0.0
2022-02-16 00:00:00+00:00,175694.63523403573,7.381142034862951,-0.23631646915140547,0.21906033015833154,BEAR,3,175694.63523403573,7.381142034862951,-0.23631646915140547,0.21906033015833154,BEAR,3,False,False,False,STAGE4_SELL:EXPOSURE_GAP_BELOW_5PP,STAGE4_SELL:EXPOSURE_GAP_BELOW_5PP,0.0,0.0
2022-02-17 00:00:00+00:00,172864.05426061703,7.2617273082522065,-0.2486716114346289,0.20627274988146813,DEEP_BEAR,4,172864.05426061703,7.2617273082522065,-0.2486716114346289,0.20627274988146813,DEEP_BEAR,4,False,False,False,DEEP_BEAR_TO_BEAR_NO_AUTO_BUY,DEEP_BEAR_TO_BEAR_NO_AUTO_BUY,0.0,0.0
2022-02-18 00:00:00+00:00,171503.7778880365,7.204083286515607,-0.2546357007102713,0.19997732923298306,BEAR,3,171503.7778880365,7.204083286515607,-0.2546357007102713,0.19997732923298306,BEAR,3,False,False,False,STAGE4_SELL:NOTIONAL_BELOW_GUARD,STAGE4_SELL:NOTIONAL_BELOW_GUARD,0.0,0.0
2022-02-19 00:00:00+00:00,171324.6674858331,7.196055784369755,-0.2554662593357093,0.19914095006799926,DEEP_BEAR,4,171324.6674858331,7.196055784369755,-0.2554662593357093,0.19914095006799926,DEEP_BEAR,4,False,False,False,DEEP_BEAR_TO_BEAR_NO_AUTO_BUY,DEEP_BEAR_TO_BEAR_NO_AUTO_BUY,0.0,0.0
2022-02-20 00:00:00+00:00,169593.00024419796,7.1228195674577535,-0.2630435817138973,0.19096359970603022,BEAR,3,169593.00024419796,7.1228195674577535,-0.2630435817138973,0.19096359970603022,BEAR,3,False,False,False,STAGE4_SELL:NOTIONAL_BELOW_GUARD,STAGE4_SELL:NOTIONAL_BELOW_GUARD,0.0,0.0
2022-02-21 00:00:00+00:00,168929.51883004178,7.094453794738505,-0.2659784220628796,0.18778605786083677,DEEP_BEAR,4,168929.51883004178,7.094453794738505,-0.2659784220628796,0.18778605786083677,DEEP_BEAR,4,False,False,False,DEEP_BEAR_TO_BEAR_NO_AUTO_BUY,DEEP_BEAR_TO_BEAR_NO_AUTO_BUY,0.0,0.0
2022-02-22 00:00:00+00:00,169788.5406956079,7.130023502692829,-0.26229823273262287,0.19189534305144343,BEAR,3,169788.5406956079,7.130023502692829,-0.26229823273262287,0.19189534305144343,BEAR,3,False,False,False,STAGE4_SELL:NOTIONAL_BELOW_GUARD,STAGE4_SELL:NOTIONAL_BELOW_GUARD,0.0,0.0
2022-02-23 00:00:00+00:00,169098.69810011506,7.100553794519432,-0.2653472908166752,0.18859865880583698,DEEP_BEAR,4,169098.69810011506,7.100553794519432,-0.2653472908166752,0.18859865880583698,DEEP_BEAR,4,False,False,False,DEEP_BEAR_TO_BEAR_NO_AUTO_BUY,DEEP_BEAR_TO_BEAR_NO_AUTO_BUY,0.0,0.0
2022-02-24 00:00:00+00:00,169327.86347963207,7.109667801953877,-0.26440431785329876,0.18969679524052802,BEAR,3,169327.86347963207,7.109667801953877,-0.26440431785329876,0.18969679524052802,BEAR,3,False,False,False,STAGE4_SELL:NOTIONAL_BELOW_GUARD,STAGE4_SELL:NOTIONAL_BELOW_GUARD,0.0,0.0
2022-02-25 00:00:00+00:00,171446.22918561823,7.198104658775738,-0.2552542743023316,0.19970878867174383,DEEP_BEAR,4,171446.22918561823,7.198104658775738,-0.2552542743023316,0.19970878867174383,DEEP_BEAR,4,False,False,False,DEEP_BEAR_TO_BEAR_NO_AUTO_BUY,DEEP_BEAR_TO_BEAR_NO_AUTO_BUY,0.0,0.0
2022-02-26 00:00:00+00:00,171589.918364567,7.203633723165673,-0.25468221439674366,0.20037895151214666,BEAR,3,171589.918364567,7.203633723165673,-0.25468221439674366,0.20037895151214666,BEAR,3,False,False,False,STAGE4_SELL:EXPOSURE_GAP_BELOW_5PP,STAGE4_SELL:EXPOSURE_GAP_BELOW_5PP,0.0,0.0
2022-02-27 00:00:00+00:00,169603.30562486275,7.11973321798469,-0.2633629082153911,0.19101275811155782,DEEP_BEAR,4,169603.30562486275,7.11973321798469,-0.2633629082153911,0.19101275811155782,DEEP_BEAR,4,False,False,False,DEEP_BEAR_TO_BEAR_NO_AUTO_BUY,DEEP_BEAR_TO_BEAR_NO_AUTO_BUY,0.0,0.0
2022-02-28 00:00:00+00:00,173399.49256095488,7.278580018135693,-0.24692796025878117,0.20872369113543926,BEAR,3,173399.49256095488,7.278580018135693,-0.24692796025878117,0.20872369113543926,BEAR,3,False,False,False,STAGE4_SELL:EXPOSURE_GAP_BELOW_5PP,STAGE4_SELL:EXPOSURE_GAP_BELOW_5PP,0.0,0.0
2022-03-01 00:00:00+00:00,174105.2627746254,7.307699727228863,-0.2439151145294185,0.21193128659050975,DEEP_BEAR,4,174105.2627746254,7.307699727228863,-0.2439151145294185,0.21193128659050975,DEEP_BEAR,4,False,False,False,DEEP_BEAR_TO_BEAR_NO_AUTO_BUY,DEEP_BEAR_TO_BEAR_NO_AUTO_BUY,0.0,0.0
2022-03-02 00:00:00+00:00,173755.76147203433,7.292527470076791,-0.24548489910450322,0.2103461245243172,BEAR,3,173755.76147203433,7.292527470076791,-0.24548489910450322,0.2103461245243172,BEAR,3,False,False,False,STAGE4_SELL:EXPOSURE_GAP_BELOW_5PP,STAGE4_SELL:EXPOSURE_GAP_BELOW_5PP,0.0,0.0
2022-03-03 00:00:00+00:00,172366.7712369336,7.2337297452799785,-0.25156835527789834,0.2039828242531908,DEEP_BEAR,4,172366.7712369336,7.2337297452799785,-0.25156835527789834,0.2039828242531908,DEEP_BEAR,4,False,False,False,DEEP_BEAR_TO_BEAR_NO_AUTO_BUY,DEEP_BEAR_TO_BEAR_NO_AUTO_BUY,0.0,0.0
2022-03-04 00:00:00+00:00,169747.22587434505,7.123295109041924,-0.26299438021169763,0.1916986582497243,BEAR,3,169747.22587434505,7.123295109041924,-0.26299438021169763,0.1916986582497243,BEAR,3,False,False,False,STAGE4_SELL:NOTIONAL_BELOW_GUARD,STAGE4_SELL:NOTIONAL_BELOW_GUARD,0.0,0.0
2022-03-05 00:00:00+00:00,170286.52545374318,7.145421904641982,-0.26070505028004143,0.19425855882007959,DEEP_BEAR,4,170286.52545374318,7.145421904641982,-0.26070505028004143,0.19425855882007959,DEEP_BEAR,4,False,False,False,,,0.0,0.0
2022-03-06 00:00:00+00:00,168897.85409405862,7.086651027266808,-0.2667857287079801,0.18763378511481751,DEEP_BEAR,4,168897.85409405862,7.086651027266808,-0.2667857287079801,0.18763378511481751,DEEP_BEAR,4,False,False,False,,,0.0,0.0
2022-03-07 00:00:00+00:00,168171.2510162511,7.055662181869561,-0.26999196302214346,0.18412386419506782,DEEP_BEAR,4,168171.2510162511,7.055662181869561,-0.26999196302214346,0.18412386419506782,DEEP_BEAR,4,False,False,False,,,0.0,0.0
2022-03-08 00:00:00+00:00,169227.62902144511,7.099478366616495,-0.26545855904240634,0.18921684818243895,DEEP_BEAR,4,169227.62902144511,7.099478366616495,-0.26545855904240634,0.18921684818243895,DEEP_BEAR,4,False,False,False,,,0.0,0.0
2022-03-09 00:00:00+00:00,171134.60298096208,7.178975987243813,-0.2572334058983563,0.19825150470659728,DEEP_BEAR,4,171134.60298096208,7.178975987243813,-0.2572334058983563,0.19825150470659728,DEEP_BEAR,4,False,False,False,,,0.0,0.0
2022-03-10 00:00:00+00:00,169637.2328330691,7.115659854569657,-0.26378435526796506,0.19117455442321338,DEEP_BEAR,4,169637.2328330691,7.115659854569657,-0.26378435526796506,0.19117455442321338,DEEP_BEAR,4,False,False,False,,,0.0,0.0
2022-03-11 00:00:00+00:00,169030.27818410983,7.089698305429375,-0.2664704446861207,0.18827022053899253,DEEP_BEAR,4,169030.27818410983,7.089698305429375,-0.2664704446861207,0.18827022053899253,DEEP_BEAR,4,False,False,False,,,0.0,0.0
2022-03-12 00:00:00+00:00,169188.7381289857,7.095841694326273,-0.26583482422224136,0.1890304759645599,DEEP_BEAR,4,169188.7381289857,7.095841694326273,-0.26583482422224136,0.1890304759645599,DEEP_BEAR,4,False,False,False,,,0.0,0.0
2022-03-13 00:00:00+00:00,168534.04003429256,7.067882382798736,-0.26872761041258886,0.18588013196205355,DEEP_BEAR,4,168534.04003429256,7.067882382798736,-0.26872761041258886,0.18588013196205355,DEEP_BEAR,4,False,False,False,,,0.0,0.0
2022-03-14 00:00:00+00:00,169480.90025427134,7.107086667676243,-0.2646713726978509,0.19042847762332266,DEEP_BEAR,4,169480.90025427134,7.107086667676243,-0.2646713726978509,0.19042847762332266,DEEP_BEAR,4,False,False,False,,,0.0,0.0
2022-03-15 00:00:00+00:00,169828.7469310703,7.121168537532428,-0.2632144041092602,0.1920866584011864,DEEP_BEAR,4,169828.7469310703,7.121168537532428,-0.2632144041092602,0.1920866584011864,DEEP_BEAR,4,False,False,False,,,0.0,0.0
2022-03-16 00:00:00+00:00,171775.30566009128,7.202283689002204,-0.2548218945237287,0.20124193692820405,DEEP_BEAR,4,171775.30566009128,7.202283689002204,-0.2548218945237287,0.20124193692820405,DEEP_BEAR,4,False,False,False,,,0.0,0.0
2022-03-17 00:00:00+00:00,172245.96317025446,7.221513503926316,-0.25283229821336817,0.20342452207718958,DEEP_BEAR,4,172245.96317025446,7.221513503926316,-0.25283229821336817,0.20342452207718958,DEEP_BEAR,4,False,False,False,,,0.0,0.0
2022-03-18 00:00:00+00:00,173818.71393130568,7.286945344967382,-0.24606244889192863,0.21063211590182795,DEEP_BEAR,4,173818.71393130568,7.286945344967382,-0.24606244889192863,0.21063211590182795,DEEP_BEAR,4,False,False,False,,,0.0,0.0
2022-03-19 00:00:00+00:00,173985.33452841302,7.293427253952809,-0.24539180373739167,0.21138807012372984,DEEP_BEAR,4,173985.33452841302,7.293427253952809,-0.24539180373739167,0.21138807012372984,DEEP_BEAR,4,False,False,False,,,0.0,0.0
2022-03-20 00:00:00+00:00,172889.79800131012,7.247001103366973,-0.25019524559444273,0.20639093793388252,DEEP_BEAR,4,172889.79800131012,7.247001103366973,-0.25019524559444273,0.20639093793388252,DEEP_BEAR,4,False,False,False,DEEP_BEAR_TO_BEAR_NO_AUTO_BUY,DEEP_BEAR_TO_BEAR_NO_AUTO_BUY,0.0,0.0
2022-03-21 00:00:00+00:00,173243.82252655085,7.261337908183586,-0.24871190037879387,0.2080126815973926,BEAR,3,173243.82252655085,7.261337908183586,-0.24871190037879387,0.2080126815973926,BEAR,3,False,False,False,STAGE4_SELL:EXPOSURE_GAP_BELOW_5PP,STAGE4_SELL:EXPOSURE_GAP_BELOW_5PP,0.0,0.0
2022-03-22 00:00:00+00:00,174253.84096070463,7.303169284352437,-0.24438385291649123,0.21260323631224126,DEEP_BEAR,4,174253.84096070463,7.303169284352437,-0.24438385291649123,0.21260323631224126,DEEP_BEAR,4,False,False,False,,,0.0,0.0
2022-03-23 00:00:00+00:00,175083.97187241304,7.337455625671994,-0.24083644601453413,0.21633654431483043,DEEP_BEAR,4,175083.97187241304,7.337455625671994,-0.24083644601453413,0.21633654431483043,DEEP_BEAR,4,False,False,False,,,0.0,0.0
2022-03-24 00:00:00+00:00,176030.03232352668,7.376598617472753,-0.23678654993541914,0.22054828587177208,DEEP_BEAR,4,176030.03232352668,7.376598617472753,-0.23678654993541914,0.22054828587177208,DEEP_BEAR,4,False,False,False,DEEP_BEAR_TO_BEAR_NO_AUTO_BUY,DEEP_BEAR_TO_BEAR_NO_AUTO_BUY,0.0,0.0
2022-03-25 00:00:00+00:00,175944.99277296956,7.372533088810521,-0.23720718637201332,0.22017155322138074,BEAR,3,175944.99277296956,7.372533088810521,-0.23720718637201332,0.22017155322138074,BEAR,3,False,False,False,STAGE4_SELL:EXPOSURE_GAP_BELOW_5PP,STAGE4_SELL:EXPOSURE_GAP_BELOW_5PP,0.0,0.0
2022-03-26 00:00:00+00:00,176482.2762655688,7.394542825194358,-0.2349299678717779,0.2225456667039322,DEEP_BEAR,4,176482.2762655688,7.394542825194358,-0.2349299678717779,0.2225456667039322,DEEP_BEAR,4,False,False,False,DEEP_BEAR_TO_BEAR_NO_AUTO_BUY,DEEP_BEAR_TO_BEAR_NO_AUTO_BUY,0.0,0.0
2022-03-27 00:00:00+00:00,178380.62320179652,7.473575100868466,-0.2267529612442496,0.23081942438668196,BEAR,3,178380.62320179652,7.473575100868466,-0.2267529612442496,0.23081942438668196,BEAR,3,False,False,False,STAGE4_SELL:EXPOSURE_GAP_BELOW_5PP,STAGE4_SELL:EXPOSURE_GAP_BELOW_5PP,0.0,0.0
2022-03-28 00:00:00+00:00,178852.37906195433,7.492837647157252,-0.22475997841131212,0.2328482788305999,DEEP_BEAR,4,178852.37906195433,7.492837647157252,-0.22475997841131212,0.2328482788305999,DEEP_BEAR,4,False,False,False,DEEP_BEAR_TO_BEAR_NO_AUTO_BUY,DEEP_BEAR_TO_BEAR_NO_AUTO_BUY,0.0,0.0
2022-03-29 00:00:00+00:00,179692.95681486413,7.52754997465249,-0.22116849721499776,0.23643690401297604,BEAR,3,179692.95681486413,7.52754997465249,-0.22116849721499776,0.23643690401297604,BEAR,3,False,False,False,,,0.0,0.0
2022-03-30 00:00:00+00:00,179516.94450426882,7.519674297204223,-0.22198334742829928,0.23568824763860932,BEAR,3,179516.94450426882,7.519674297204223,-0.22198334742829928,0.23568824763860932,BEAR,3,False,False,False,STAGE4_SELL:EXPOSURE_GAP_BELOW_5PP,STAGE4_SELL:EXPOSURE_GAP_BELOW_5PP,0.0,0.0
2022-03-31 00:00:00+00:00,178222.85731678223,7.4649675704278655,-0.22764353199979337,0.23013853274307122,DEEP_BEAR,4,178222.85731678223,7.4649675704278655,-0.22764353199979337,0.23013853274307122,DEEP_BEAR,4,False,False,False,DEEP_BEAR_TO_BEAR_NO_AUTO_BUY,DEEP_BEAR_TO_BEAR_NO_AUTO_BUY,0.0,0.0
2022-04-01 00:00:00+00:00,180364.31168723796,7.554156757208146,-0.21841564927484813,0.2392790505554953,BEAR,3,180364.31168723796,7.554156757208146,-0.21841564927484813,0.2392790505554953,BEAR,3,False,False,False,STAGE4_SELL:EXPOSURE_GAP_BELOW_5PP,STAGE4_SELL:EXPOSURE_GAP_BELOW_5PP,0.0,0.0
2022-04-02 00:00:00+00:00,180225.02472696707,7.547821454963573,-0.21907112588866695,0.2386911271590467,DEEP_BEAR,4,180225.02472696707,7.547821454963573,-0.21907112588866695,0.2386911271590467,DEEP_BEAR,4,False,False,False,DEEP_BEAR_TO_BEAR_NO_AUTO_BUY,DEEP_BEAR_TO_BEAR_NO_AUTO_BUY,0.0,0.0
2022-04-03 00:00:00+00:00,181201.55598746863,7.588214481037156,-0.21489189608549664,0.2427939722432127,BEAR,3,181201.55598746863,7.588214481037156,-0.21489189608549664,0.2427939722432127,BEAR,3,False,False,False,STAGE4_SELL:EXPOSURE_GAP_BELOW_5PP,STAGE4_SELL:EXPOSURE_GAP_BELOW_5PP,0.0,0.0
2022-04-04 00:00:00+00:00,181188.96459670732,7.587183456084379,-0.21499857019806767,0.2427413516158829,DEEP_BEAR,4,181188.96459670732,7.587183456084379,-0.21499857019806767,0.2427413516158829,DEEP_BEAR,4,False,False,False,DEEP_BEAR_TO_BEAR_NO_AUTO_BUY,DEEP_BEAR_TO_BEAR_NO_AUTO_BUY,0.0,0.0
2022-04-05 00:00:00+00:00,179805.51488087175,7.528753065670246,-0.22104402043457094,0.23691489371988825,BEAR,3,179805.51488087175,7.528753065670246,-0.22104402043457094,0.23691489371988825,BEAR,3,False,False,False,STAGE4_SELL:EXPOSURE_GAP_BELOW_5PP,STAGE4_SELL:EXPOSURE_GAP_BELOW_5PP,0.0,0.0
2022-04-06 00:00:00+00:00,176858.36990487284,7.404853867519605,-0.2338631447199565,0.2241989423151418,DEEP_BEAR,4,176858.36990487284,7.404853867519605,-0.2338631447199565,0.2241989423151418,DEEP_BEAR,4,False,False,False,DEEP_BEAR_TO_BEAR_NO_AUTO_BUY,DEEP_BEAR_TO_BEAR_NO_AUTO_BUY,0.0,0.0
2022-04-07 00:00:00+00:00,177590.44130706292,7.4350017533827,-0.23074391956281903,0.22739698475447512,BEAR,3,177590.44130706292,7.4350017533827,-0.23074391956281903,0.22739698475447512,BEAR,3,False,False,False,STAGE4_SELL:EXPOSURE_GAP_BELOW_5PP,STAGE4_SELL:EXPOSURE_GAP_BELOW_5PP,0.0,0.0
2022-04-08 00:00:00+00:00,177146.86055249718,7.4159308118103535,-0.23271707817808307,0.22546236492879193,DEEP_BEAR,4,177146.86055249718,7.4159308118103535,-0.23271707817808307,0.22546236492879193,DEEP_BEAR,4,False,False,False,DEEP_BEAR_TO_BEAR_NO_AUTO_BUY,DEEP_BEAR_TO_BEAR_NO_AUTO_BUY,0.0,0.0
2022-04-09 00:00:00+00:00,177976.54848214728,7.450160153908423,-0.22917556865169664,0.22907309079328858,BEAR,3,177976.54848214728,7.450160153908423,-0.22917556865169664,0.22907309079328858,BEAR,3,False,False,False,STAGE4_SELL:EXPOSURE_GAP_BELOW_5PP,STAGE4_SELL:EXPOSURE_GAP_BELOW_5PP,0.0,0.0
2022-04-10 00:00:00+00:00,177297.27957473585,7.42122539283352,-0.2321692788929537,0.2261194827031532,DEEP_BEAR,4,177297.27957473585,7.42122539283352,-0.2321692788929537,0.2261194827031532,DEEP_BEAR,4,False,False,False,DEEP_BEAR_TO_BEAR_NO_AUTO_BUY,DEEP_BEAR_TO_BEAR_NO_AUTO_BUY,0.0,0.0
2022-04-11 00:00:00+00:00,174522.66828323988,7.3045891330182755,-0.2442369494918889,0.21381610891977884,BEAR,3,174522.66828323988,7.3045891330182755,-0.2442369494918889,0.21381610891977884,BEAR,3,False,False,False,STAGE4_SELL:EXPOSURE_GAP_BELOW_5PP,STAGE4_SELL:EXPOSURE_GAP_BELOW_5PP,0.0,0.0
2022-04-12 00:00:00+00:00,175132.26000347067,7.3296004278328954,-0.24164917732263558,0.21655261897550376,DEEP_BEAR,4,175132.26000347067,7.3296004278328954,-0.24164917732263558,0.21655261897550376,DEEP_BEAR,4,False,False,False,,,0.0,0.0
2022-04-13 00:00:00+00:00,176275.89074489908,7.376958897324606,-0.23674927388950961,0.2216354156384224,DEEP_BEAR,4,176275.89074489908,7.376958897324606,-0.23674927388950961,0.2216354156384224,DEEP_BEAR,4,False,False,False,,,0.0,0.0
2022-04-14 00:00:00+00:00,175083.06250881642,7.326539922853777,-0.24196582984572668,0.21633247404664804,DEEP_BEAR,4,175083.06250881642,7.326539922853777,-0.24196582984572668,0.21633247404664804,DEEP_BEAR,4,False,False,False,,,0.0,0.0
2022-04-15 00:00:00+00:00,175338.7020978325,7.336734874854108,-0.24091101787981795,0.21747504235508786,DEEP_BEAR,4,175338.7020978325,7.336734874854108,-0.24091101787981795,0.21747504235508786,DEEP_BEAR,4,False,False,False,,,0.0,0.0
2022-04-16 00:00:00+00:00,175573.15780823666,7.346042200286697,-0.23994804343554577,0.21852000530468643,DEEP_BEAR,4,175573.15780823666,7.346042200286697,-0.23994804343554577,0.21852000530468643,DEEP_BEAR,4,False,False,False,,,0.0,0.0
2022-04-17 00:00:00+00:00,174698.72680783528,7.308955827918074,-0.2437851531487938,0.21460841220929558,DEEP_BEAR,4,174698.72680783528,7.308955827918074,-0.2437851531487938,0.21460841220929558,DEEP_BEAR,4,False,False,False,,,0.0,0.0
2022-04-18 00:00:00+00:00,175564.82094223413,7.344685214324283,-0.24008844282444708,0.21848289596829176,DEEP_BEAR,4,175564.82094223413,7.344685214324283,-0.24008844282444708,0.21848289596829176,DEEP_BEAR,4,False,False,False,,,0.0,0.0
2022-04-19 00:00:00+00:00,176159.32460989308,7.3690527281668246,-0.23756727890138762,0.22112036512136626,DEEP_BEAR,4,176159.32460989308,7.3690527281668246,-0.23756727890138762,0.22112036512136626,DEEP_BEAR,4,False,False,False,,,0.0,0.0
2022-04-20 00:00:00+00:00,175854.67525115868,7.355807419341451,-0.23893769342032856,0.21977103971413348,DEEP_BEAR,4,175854.67525115868,7.355807419341451,-0.23893769342032856,0.21977103971413348,DEEP_BEAR,4,False,False,False,,,0.0,0.0
2022-04-21 00:00:00+00:00,174716.05387589478,7.30768208189128,-0.24391694018913956,0.2146863016372739,DEEP_BEAR,4,174716.05387589478,7.30768208189128,-0.24391694018913956,0.2146863016372739,DEEP_BEAR,4,False,False,False,,,0.0,0.0
2022-04-22 00:00:00+00:00,174446.31181299474,7.295898811592096,-0.24513608614575721,0.21347199028372055,DEEP_BEAR,4,174446.31181299474,7.295898811592096,-0.24513608614575721,0.21347199028372055,DEEP_BEAR,4,False,False,False,,,0.0,0.0
2022-04-23 00:00:00+00:00,174093.14790482016,7.280627381001855,-0.2467161316155747,0.2118764461216262,DEEP_BEAR,4,174093.14790482016,7.280627381001855,-0.2467161316155747,0.2118764461216262,DEEP_BEAR,4,False,False,False,,,0.0,0.0
2022-04-24 00:00:00+00:00,173959.21684519807,7.274525421330075,-0.24734746564020538,0.21126967043823133,DEEP_BEAR,4,173959.21684519807,7.274525421330075,-0.24734746564020538,0.21126967043823133,DEEP_BEAR,4,False,False,False,,,0.0,0.0
2022-04-25 00:00:00+00:00,175042.97487905258,7.319339424870036,-0.24271082319473936,0.2161530016990142,DEEP_BEAR,4,175042.97487905258,7.319339424870036,-0.24271082319473936,0.2161530016990142,DEEP_BEAR,4,False,False,False,,,0.0,0.0
2022-04-26 00:00:00+00:00,172587.0358861476,7.216148844149728,-0.2533873481366232,0.20499874322464742,DEEP_BEAR,4,172587.0358861476,7.216148844149728,-0.2533873481366232,0.20499874322464742,DEEP_BEAR,4,False,False,False,,,0.0,0.0
2022-04-27 00:00:00+00:00,173599.1031760495,7.257962127664321,-0.24906117261527783,0.20963352965322293,DEEP_BEAR,4,173599.1031760495,7.257962127664321,-0.24906117261527783,0.20963352965322293,DEEP_BEAR,4,False,False,False,,,0.0,0.0
2022-04-28 00:00:00+00:00,174210.54916490283,7.283023125282982,-0.24646825798802763,0.21240756607256878,DEEP_BEAR,4,174210.54916490283,7.283023125282982,-0.24646825798802763,0.21240756607256878,DEEP_BEAR,4,False,False,False,,,0.0,0.0
2022-04-29 00:00:00+00:00,172728.96838572243,7.220584949871847,-0.25292837026232096,0.20565200084896929,DEEP_BEAR,4,172728.96838572243,7.220584949871847,-0.25292837026232096,0.20565200084896929,DEEP_BEAR,4,False,False,False,,,0.0,0.0
2022-04-30 00:00:00+00:00,171609.192149047,7.173276711877419,-0.25782307653665715,0.20046875861141233,DEEP_BEAR,4,171609.192149047,7.173276711877419,-0.25782307653665715,0.20046875861141233,DEEP_BEAR,4,False,False,False,,,0.0,0.0
2022-05-01 00:00:00+00:00,172842.02959810226,7.224305686520162,-0.2525434074357661,0.20617160796099146,DEEP_BEAR,4,172842.02959810226,7.224305686520162,-0.2525434074357661,0.20617160796099146,DEEP_BEAR,4,False,False,False,,,0.0,0.0
2022-05-02 00:00:00+00:00,173241.26937438783,7.240490256263738,-0.2508688848065225,0.20800100964334634,DEEP_BEAR,4,173241.26937438783,7.240490256263738,-0.2508688848065225,0.20800100964334634,DEEP_BEAR,4,False,False,False,,,0.0,0.0
2022-05-03 00:00:00+00:00,172316.465223288,7.2013390868565175,-0.25491962697467707,0.20375043525395403,DEEP_BEAR,4,172316.465223288,7.2013390868565175,-0.25491962697467707,0.20375043525395403,DEEP_BEAR,4,False,False,False,,,0.0,0.0
2022-05-04 00:00:00+00:00,174327.8114879509,7.2848910666405615,-0.24627499303734168,0.21293734337906467,DEEP_BEAR,4,174327.8114879509,7.2848910666405615,-0.24627499303734168,0.21293734337906467,DEEP_BEAR,4,False,False,False,,,0.0,0.0
2022-05-05 00:00:00+00:00,171888.19817357545,7.182446356559686,-0.25687434711314705,0.20176654423902618,DEEP_BEAR,4,171888.19817357545,7.182446356559686,-0.25687434711314705,0.20176654423902618,DEEP_BEAR,4,False,False,False,,,0.0,0.0
2022-05-06 00:00:00+00:00,171211.40988862715,7.15366567885219,-0.25985211525093155,0.19861117596150174,DEEP_BEAR,4,171211.40988862715,7.15366567885219,-0.25985211525093155,0.19861117596150174,DEEP_BEAR,4,False,False,False,,,0.0,0.0
2022-05-07 00:00:00+00:00,170505.25263042282,7.123660921772681,-0.262956531711217,0.19529217830009096,DEEP_BEAR,4,170505.25263042282,7.123660921772681,-0.262956531711217,0.19529217830009096,DEEP_BEAR,4,False,False,False,,,0.0,0.0
2022-05-08 00:00:00+00:00,169060.48219911824,7.062799128237551,-0.26925354498655485,0.1884152425933643,DEEP_BEAR,4,169060.48219911824,7.062799128237551,-0.26925354498655485,0.1884152425933643,DEEP_BEAR,4,False,False,False,,,0.0,0.0
2022-05-09 00:00:00+00:00,165389.8445025417,6.908957485815578,-0.2851706385909649,0.17040305077188916,DEEP_BEAR,4,165389.8445025417,6.908957485815578,-0.2851706385909649,0.17040305077188916,DEEP_BEAR,4,False,False,False,CRASH_L1:NOTIONAL_BELOW_GUARD,CRASH_L1:NOTIONAL_BELOW_GUARD,0.0,0.0
2022-05-10 00:00:00+00:00,166815.0528010549,6.967992337413807,-0.27906264829641214,0.17749083114067413,DEEP_BEAR,4,166815.0528010549,6.967992337413807,-0.27906264829641214,0.17749083114067413,DEEP_BEAR,4,False,False,False,,,0.0,0.0
2022-05-11 00:00:00+00:00,163632.91049870042,6.834578667618257,-0.29286617923128677,0.16149563058887267,DEEP_BEAR,4,163632.91049870042,6.834578667618257,-0.29286617923128677,0.16149563058887267,DEEP_BEAR,4,False,False,False,,,0.0,0.0
2022-05-12 00:00:00+00:00,162127.0200473677,6.771180229209622,-0.299425644293131,0.15370731915917962,DEEP_BEAR,4,162127.0200473677,6.771180229209622,-0.299425644293131,0.15370731915917962,DEEP_BEAR,4,False,False,False,,,0.0,0.0
2022-05-13 00:00:00+00:00,162749.34425625962,6.796672294967036,-0.29678812957057255,0.1569433900969895,DEEP_BEAR,4,162749.34425625962,6.796672294967036,-0.29678812957057255,0.1569433900969895,DEEP_BEAR,4,False,False,False,,,0.0,0.0
2022-05-14 00:00:00+00:00,163360.8624366816,6.821707173298751,-0.2941979173529473,0.16009925274604003,DEEP_BEAR,4,163360.8624366816,6.821707173298751,-0.2941979173529473,0.16009925274604003,DEEP_BEAR,4,False,False,False,,,0.0,0.0
2022-05-15 00:00:00+00:00,164500.54923640785,6.868794338619712,-0.2893260841731877,0.16591822295111752,DEEP_BEAR,4,164500.54923640785,6.868794338619712,-0.2893260841731877,0.16591822295111752,DEEP_BEAR,4,False,False,False,,,0.0,0.0
2022-05-16 00:00:00+00:00,162977.9122636063,6.804715794062445,-0.2959559158344669,0.1581257329478066,DEEP_BEAR,4,162977.9122636063,6.804715794062445,-0.2959559158344669,0.1581257329478066,DEEP_BEAR,4,False,False,False,,,0.0,0.0
2022-05-17 00:00:00+00:00,163827.22223259,6.839674280458988,-0.2923389660185256,0.16249016150793413,DEEP_BEAR,4,163827.22223259,6.839674280458988,-0.2923389660185256,0.16249016150793413,DEEP_BEAR,4,False,False,False,,,0.0,0.0
2022-05-18 00:00:00+00:00,161636.27968394881,6.747707081636766,-0.30185427337707216,0.15113790851345926,DEEP_BEAR,4,161636.27968394881,6.747707081636766,-0.30185427337707216,0.15113790851345926,DEEP_BEAR,4,False,False,False,,,0.0,0.0
2022-05-19 00:00:00+00:00,162982.35844933317,6.803397788576837,-0.29609228214176364,0.15814869941721843,DEEP_BEAR,4,162982.35844933317,6.803397788576837,-0.29609228214176364,0.15814869941721843,DEEP_BEAR,4,False,False,False,,,0.0,0.0
2022-05-20 00:00:00+00:00,162213.6745035725,6.770811519895469,-0.29946379248612864,0.15415940824644547,DEEP_BEAR,4,162213.6745035725,6.770811519895469,-0.29946379248612864,0.15415940824644547,DEEP_BEAR,4,False,False,False,,,0.0,0.0
2022-05-21 00:00:00+00:00,162429.99957458396,6.779339974512611,-0.29858140324284643,0.15528590289986344,DEEP_BEAR,4,162429.99957458396,6.779339974512611,-0.29858140324284643,0.15528590289986344,DEEP_BEAR,4,False,False,False,,,0.0,0.0
2022-05-22 00:00:00+00:00,163305.17182414353,6.815364206455568,-0.29485418697788857,0.1598128283385135,DEEP_BEAR,4,163305.17182414353,6.815364206455568,-0.29485418697788857,0.1598128283385135,DEEP_BEAR,4,False,False,False,,,0.0,0.0
2022-05-23 00:00:00+00:00,162418.1143906399,6.777845731567136,-0.29873600380779386,0.15522408970580054,DEEP_BEAR,4,162418.1143906399,6.777845731567136,-0.29873600380779386,0.15522408970580054,DEEP_BEAR,4,False,False,False,,,0.0,0.0
2022-05-24 00:00:00+00:00,162527.49996690394,6.781909431096334,-0.2983155566208805,0.15579264764079814,DEEP_BEAR,4,162527.49996690394,6.781909431096334,-0.2983155566208805,0.15579264764079814,DEEP_BEAR,4,False,False,False,,,0.0,0.0
2022-05-25 00:00:00+00:00,162087.89319892618,6.763066001383809,-0.30026517591667357,0.15350303020948128,DEEP_BEAR,4,162087.89319892618,6.763066001383809,-0.30026517591667357,0.15350303020948128,DEEP_BEAR,4,False,False,False,,,0.0,0.0
2022-05-26 00:00:00+00:00,160258.28274670226,6.686228992058412,-0.30821505119400994,0.14383888257754576,DEEP_BEAR,4,160258.28274670226,6.686228992058412,-0.30821505119400994,0.14383888257754576,DEEP_BEAR,4,False,False,False,,,0.0,0.0
2022-05-27 00:00:00+00:00,159456.05618831178,6.6522598108138755,-0.3117296434007897,0.13953151913788792,DEEP_BEAR,4,159456.05618831178,6.6522598108138755,-0.3117296434007897,0.13953151913788792,DEEP_BEAR,4,False,False,False,,,0.0,0.0
2022-05-28 00:00:00+00:00,160274.71586137667,6.685911530550159,-0.3082478970767184,0.14392666556781186,DEEP_BEAR,4,160274.71586137667,6.685911530550159,-0.3082478970767184,0.14392666556781186,DEEP_BEAR,4,False,False,False,,,0.0,0.0
2022-05-29 00:00:00+00:00,160566.58732736722,6.697585511228282,-0.3070400586770211,0.14548280114542564,DEEP_BEAR,4,160566.58732736722,6.697585511228282,-0.3070400586770211,0.14548280114542564,DEEP_BEAR,4,False,False,False,,,0.0,0.0
2022-05-30 00:00:00+00:00,162930.0277022458,6.795664937106657,-0.2968923549877246,0.15787830906549952,DEEP_BEAR,4,162930.0277022458,6.795664937106657,-0.2968923549877246,0.15787830906549952,DEEP_BEAR,4,False,False,False,,,0.0,0.0
2022-05-31 00:00:00+00:00,162254.33423661787,6.766983183780981,-0.29985988799917773,0.15437136962683906,DEEP_BEAR,4,162254.33423661787,6.766983183780981,-0.29985988799917773,0.15437136962683906,DEEP_BEAR,4,False,False,False,,,0.0,0.0
2022-06-01 00:00:00+00:00,160668.7686517515,6.70035862995757,-0.30675314032581713,0.1460262527435228,DEEP_BEAR,4,160668.7686517515,6.70035862995757,-0.30675314032581713,0.1460262527435228,DEEP_BEAR,4,False,False,False,,,0.0,0.0
2022-06-02 00:00:00+00:00,160906.78870967287,6.7097838432432475,-0.30577796871592133,0.14728948646047976,DEEP_BEAR,4,160906.78870967287,6.7097838432432475,-0.30577796871592133,0.14728948646047976,DEEP_BEAR,4,False,False,False,,,0.0,0.0
2022-06-03 00:00:00+00:00,160167.37494799995,6.678450714672661,-0.3090198239933699,0.14335294265036239,DEEP_BEAR,4,160167.37494799995,6.678450714672661,-0.3090198239933699,0.14335294265036239,DEEP_BEAR,4,False,False,False,,,0.0,0.0
2022-06-04 00:00:00+00:00,160544.95303745772,6.693692755331442,-0.3074428193276073,0.14536765038881244,DEEP_BEAR,4,160544.95303745772,6.693692755331442,-0.3074428193276073,0.14536765038881244,DEEP_BEAR,4,False,False,False,,,0.0,0.0
2022-06-05 00:00:00+00:00,160579.62962142343,6.694638006493738,-0.307345019726712,0.14555220512032466,DEEP_BEAR,4,160579.62962142343,6.694638006493738,-0.307345019726712,0.14555220512032466,DEEP_BEAR,4,False,False,False,,,0.0,0.0
2022-06-06 00:00:00+00:00,161312.4892967793,6.724691436008231,-0.3042355674146805,0.1494340516921174,DEEP_BEAR,4,161312.4892967793,6.724691436008231,-0.3042355674146805,0.1494340516921174,DEEP_BEAR,4,False,False,False,,,0.0,0.0
2022-06-07 00:00:00+00:00,160747.94851173754,6.7006560768257595,-0.3067223652406792,0.14644689588308113,DEEP_BEAR,4,160747.94851173754,6.7006560768257595,-0.3067223652406792,0.14644689588308113,DEEP_BEAR,4,False,False,False,,,0.0,0.0
2022-06-08 00:00:00+00:00,160454.45893871333,6.687922407885911,-0.30803984337762724,0.14488564954728148,DEEP_BEAR,4,160454.45893871333,6.687922407885911,-0.30803984337762724,0.14488564954728148,DEEP_BEAR,4,False,False,False,,,0.0,0.0
2022-06-09 00:00:00+00:00,160424.43656549393,6.686171261360415,-0.3082210242511706,0.14472562054718538,DEEP_BEAR,4,160424.43656549393,6.686171261360415,-0.3082210242511706,0.14472562054718538,DEEP_BEAR,4,False,False,False,,,0.0,0.0
2022-06-10 00:00:00+00:00,158856.74153659045,6.620336364080873,-0.3150325754406782,0.13628525232580993,DEEP_BEAR,4,158856.74153659045,6.620336364080873,-0.3150325754406782,0.13628525232580993,DEEP_BEAR,4,False,False,False,,,0.0,0.0
2022-06-11 00:00:00+00:00,157256.08059384214,6.553131803044917,-0.3219858377161713,0.12749376739844168,DEEP_BEAR,4,157256.08059384214,6.553131803044917,-0.3219858377161713,0.12749376739844168,DEEP_BEAR,4,False,False,False,,,0.0,0.0
2022-06-12 00:00:00+00:00,155983.6036873822,6.499607801699436,-0.32752365261522043,0.120376070374638,DEEP_BEAR,4,155983.6036873822,6.499607801699436,-0.32752365261522043,0.120376070374638,DEEP_BEAR,4,False,False,False,,,0.0,0.0
2022-06-13 00:00:00+00:00,153054.25491822985,6.37704957069632,-0.3402040348846499,0.10354069865013657,DEEP_BEAR,4,153054.25491822985,6.37704957069632,-0.3402040348846499,0.10354069865013657,DEEP_BEAR,4,False,False,False,CRASH_L1:NOTIONAL_BELOW_GUARD,CRASH_L1:NOTIONAL_BELOW_GUARD,0.0,0.0
2022-06-14 00:00:00+00:00,153036.83895254647,6.375824011413557,-0.34033083632484773,0.10343867939427827,DEEP_BEAR,4,153036.83895254647,6.375824011413557,-0.34033083632484773,0.10343867939427827,DEEP_BEAR,4,False,False,False,AHR999_TO35:EXECUTED,AHR999_TO35:EXECUTED,0.0,0.0
2022-06-15 00:00:00+00:00,154174.92782407947,6.422727755118081,-0.3354779807053374,0.3550412911445843,ACCUMULATION,4,154174.92782407947,6.422727755118081,-0.3354779807053374,0.3550412911445843,ACCUMULATION,4,False,False,False,,,0.0,0.0
2022-06-16 00:00:00+00:00,147718.0631412369,6.153254435033069,-0.3633588066777964,0.32684967381259583,ACCUMULATION,4,147718.0631412369,6.153254435033069,-0.3633588066777964,0.32684967381259583,ACCUMULATION,4,False,False,False,CRASH_L2:NOTIONAL_BELOW_GUARD,CRASH_L2:NOTIONAL_BELOW_GUARD,0.0,0.0
2022-06-17 00:00:00+00:00,148244.9815131299,6.174703994202687,-0.36113954643264323,0.32924230302873214,ACCUMULATION,4,148244.9815131299,6.174703994202687,-0.36113954643264323,0.32924230302873214,ACCUMULATION,4,False,False,False,STAGE4_SELL:EXECUTED,STAGE4_SELL:EXECUTED,0.0,0.0
2022-06-18 00:00:00+00:00,145284.78827294582,6.050908426026728,-0.37394794873156734,0.23481430396015576,DEEP_BEAR,4,145284.78827294582,6.050908426026728,-0.37394794873156734,0.23481430396015576,DEEP_BEAR,4,False,False,False,AHR999_TO35:EXECUTED,AHR999_TO35:EXECUTED,0.0,0.0
2022-06-19 00:00:00+00:00,150855.6507037421,6.282411512328164,-0.3499956804356884,0.3741171161657314,ACCUMULATION,4,150855.6507037421,6.282411512328164,-0.3499956804356884,0.3741171161657314,ACCUMULATION,4,False,False,False,,,0.0,0.0
2022-06-20 00:00:00+00:00,150860.21639105165,6.282099814674762,-0.35002792996609755,0.374136058108202,ACCUMULATION,4,150860.21639105165,6.282099814674762,-0.35002792996609755,0.374136058108202,ACCUMULATION,4,False,False,False,,,0.0,0.0
2022-06-21 00:00:00+00:00,151006.06657450553,6.287675686421202,-0.349451027177509,0.37474055283356467,ACCUMULATION,4,151006.06657450553,6.287675686421202,-0.349451027177509,0.37474055283356467,ACCUMULATION,4,False,False,False,,,0.0,0.0
2022-06-22 00:00:00+00:00,148077.9899079778,6.16525988224373,-0.36211667337756315,0.3623767464440277,ACCUMULATION,4,148077.9899079778,6.16525988224373,-0.36211667337756315,0.3623767464440277,ACCUMULATION,4,False,False,False,,,0.0,0.0
2022-06-23 00:00:00+00:00,152030.89332084457,6.329332570769207,-0.34514103336181257,0.3789553712225157,ACCUMULATION,4,152030.89332084457,6.329332570769207,-0.34514103336181257,0.3789553712225157,ACCUMULATION,4,False,False,False,,,0.0,0.0
2022-06-24 00:00:00+00:00,154305.86156159383,6.42353941146315,-0.3353940033776407,0.3881115807939372,ACCUMULATION,4,154305.86156159383,6.42353941146315,-0.3353940033776407,0.3881115807939372,ACCUMULATION,4,False,False,False,,,0.0,0.0
2022-06-25 00:00:00+00:00,155103.67483337148,6.456248415564933,-0.3320097943182556,0.39125897689666705,ACCUMULATION,4,155103.67483337148,6.456248415564933,-0.3320097943182556,0.39125897689666705,ACCUMULATION,4,False,False,False,STAGE4_SELL:EXECUTED,STAGE4_SELL:EXECUTED,0.0,0.0
2022-06-26 00:00:00+00:00,153906.97030785165,6.405939104590781,-0.33721500403483207,0.24433818892524137,DEEP_BEAR,4,153906.97030785165,6.405939104590781,-0.33721500403483207,0.24433818892524137,DEEP_BEAR,4,False,False,False,AHR999_TO35:EXECUTED,AHR999_TO35:EXECUTED,0.0,0.0
2022-06-27 00:00:00+00:00,153421.4224418784,6.3852326250832885,-0.33935738217998046,0.34805074582201356,ACCUMULATION,4,153421.4224418784,6.3852326250832885,-0.33935738217998046,0.34805074582201356,ACCUMULATION,4,False,False,False,,,0.0,0.0
2022-06-28 00:00:00+00:00,151706.76845368705,6.313376497536499,-0.3467919147955093,0.34068213992414337,ACCUMULATION,4,151706.76845368705,6.313376497536499,-0.3467919147955093,0.34068213992414337,ACCUMULATION,4,False,False,False,,,0.0,0.0
2022-06-29 00:00:00+00:00,150457.7402111214,6.260900468982635,-0.35222130208837554,0.3352087981943847,ACCUMULATION,4,150457.7402111214,6.260900468982635,-0.35222130208837554,0.3352087981943847,ACCUMULATION,4,False,False,False,,,0.0,0.0
2022-06-30 00:00:00+00:00,149542.5669884169,6.222315296950197,-0.35621348382352624,0.33114039734481815,ACCUMULATION,4,149542.5669884169,6.222315296950197,-0.35621348382352624,0.33114039734481815,ACCUMULATION,4,False,False,False,,,0.0,0.0
