execution_4h_open,level,v31_action,v39_action,not_suppressed
2020-03-13 00:00:00+00:00,CRASH_L1,STAGE4_SELL:EXECUTED|CRASH_L1:NOTIONAL_BELOW_GUARD|CRASH_L2:NOTIONAL_BELOW_GUARD,STAGE4_SELL:EXECUTED|CRASH_L1:NOTIONAL_BELOW_GUARD|CRASH_L2:NOTIONAL_BELOW_GUARD,True
2020-03-13 00:00:00+00:00,CRASH_L2,STAGE4_SELL:EXECUTED|CRASH_L1:NOTIONAL_BELOW_GUARD|CRASH_L2:NOTIONAL_BELOW_GUARD,STAGE4_SELL:EXECUTED|CRASH_L1:NOTIONAL_BELOW_GUARD|CRASH_L2:NOTIONAL_BELOW_GUARD,True
2021-05-18 00:00:00+00:00,CRASH_L1,CRASH_L1:EXPOSURE_GAP_BELOW_5PP,CRASH_L1:EXPOSURE_GAP_BELOW_5PP|BULL_PERSISTENCE_EXIT:CRASH_PRIORITY,True
2021-05-20 00:00:00+00:00,CRASH_L2,CRASH_L2:EXECUTED,CRASH_L2:EXECUTED,True
2021-06-22 00:00:00+00:00,CRASH_L1,STAGE4_SELL:NOTIONAL_BELOW_GUARD|CRASH_L1:NOTIONAL_BELOW_GUARD,STAGE4_SELL:NOTIONAL_BELOW_GUARD|CRASH_L1:NOTIONAL_BELOW_GUARD,True
2021-09-22 00:00:00+00:00,CRASH_L1,CRASH_L1:NOTIONAL_BELOW_GUARD,CRASH_L1:NOTIONAL_BELOW_GUARD,True
2022-01-23 00:00:00+00:00,CRASH_L1,DEEP_BEAR_TO_BEAR_NO_AUTO_BUY|CRASH_L1:NOTIONAL_BELOW_GUARD,DEEP_BEAR_TO_BEAR_NO_AUTO_BUY|CRASH_L1:NOTIONAL_BELOW_GUARD,True
2022-05-10 00:00:00+00:00,CRASH_L1,CRASH_L1:NOTIONAL_BELOW_GUARD,CRASH_L1:NOTIONAL_BELOW_GUARD,True
2022-06-14 00:00:00+00:00,CRASH_L1,CRASH_L1:NOTIONAL_BELOW_GUARD,CRASH_L1:NOTIONAL_BELOW_GUARD,True
2022-06-17 00:00:00+00:00,CRASH_L2,CRASH_L2:NOTIONAL_BELOW_GUARD,CRASH_L2:NOTIONAL_BELOW_GUARD,True
2022-11-10 00:00:00+00:00,CRASH_L1,CRASH_L1:NOTIONAL_BELOW_GUARD,CRASH_L1:NOTIONAL_BELOW_GUARD,True
2026-02-06 00:00:00+00:00,CRASH_L1,AHR999_TO35:EXECUTED|CRASH_L1:NOTIONAL_BELOW_GUARD,AHR999_TO35:EXECUTED|CRASH_L1:NOTIONAL_BELOW_GUARD,True
