model,timestamp,record_type,action,signal_type,side,overlay_decision,decision_reason,exposure_before,exposure_after,gross_notional,fee,slippage,cooldown_remaining,pending_ahr_buy
B,2020-02-28T00:00:00+0000,ACTUAL_EXECUTED,TACTICAL_SELL_STAGE2,RISK_SELL,SELL,EXECUTE,,0.7752047896042183,0.6999999999999998,2010.5693536969775,2.0095640690201293,1.0052846768482404,,
J,2020-02-28T00:00:00+0000,ACTUAL_EXECUTED,TACTICAL_SELL_STAGE2,RISK_SELL,SELL,EXECUTE,,0.7752047896042183,0.6999999999999998,2010.5693536969775,2.0095640690201293,1.0052846768482404,,
J,2020-02-28T00:00:00+0000,SHADOW_REQUEST_OR_PENDING,TACTICAL_SELL_STAGE2,RISK_SELL,SELL,EXECUTE,EXECUTED,0.7752047896042183,0.6999999999999998,,,,7.0,0.0
B,2020-03-01T00:00:00+0000,ACTUAL_EXECUTED,TACTICAL_SELL_STAGE3,RISK_SELL,SELL,EXECUTE,,0.6917508138584276,0.55,3686.987203569023,3.685143709967239,1.8434936017845096,,
J,2020-03-01T00:00:00+0000,ACTUAL_EXECUTED,TACTICAL_SELL_STAGE3,RISK_SELL,SELL,EXECUTE,,0.6917508138584276,0.55,3686.987203569023,3.685143709967239,1.8434936017845096,,
J,2020-03-01T00:00:00+0000,SHADOW_REQUEST_OR_PENDING,TACTICAL_SELL_STAGE3,RISK_SELL,SELL,EXECUTE,EXECUTED,0.6917508138584276,0.55,,,,7.0,0.0
B,2020-03-13T00:00:00+0000,ACTUAL_EXECUTED,TACTICAL_SELL_STAGE4,RISK_SELL,SELL,EXECUTE,,0.3959048111316347,0.25000000000000006,2825.1072298865884,2.8236946762716455,1.4125536149430382,,
J,2020-03-13T00:00:00+0000,ACTUAL_EXECUTED,TACTICAL_SELL_STAGE4,RISK_SELL,SELL,EXECUTE,,0.3959048111316347,0.25000000000000006,2825.1072298865884,2.8236946762716455,1.4125536149430382,,
J,2020-03-13T00:00:00+0000,SHADOW_REQUEST_OR_PENDING,TACTICAL_SELL_STAGE4,RISK_SELL,SELL,EXECUTE,EXECUTED,0.3959048111316347,0.25000000000000006,,,,7.0,0.0
B,2020-03-14T00:00:00+0000,ACTUAL_EXECUTED,TACTICAL_BUYBACK_AHR999_TO_35,AHR_VALUE_BUY,BUY,EXECUTE,,0.286574480006529,0.35,1289.6030837908706,1.2902478853327661,0.6448015418953693,,
J,2020-03-14T00:00:00+0000,SHADOW_REQUEST_OR_PENDING,TACTICAL_BUYBACK_AHR999_TO_35,AHR_VALUE_BUY,BUY,DELAY,AHR_REBUY_COOLDOWN,0.286574480006529,0.286574480006529,,,,6.0,1.0
J,2020-03-15T00:00:00+0000,SHADOW_REQUEST_OR_PENDING,PENDING_AHR_BUY,AHR_VALUE_BUY,BUY,DELAY,PENDING_COOLDOWN_ACTIVE,0.270417396178546,0.270417396178546,,,,5.0,1.0
J,2020-03-16T00:00:00+0000,SHADOW_REQUEST_OR_PENDING,PENDING_AHR_BUY,AHR_VALUE_BUY,BUY,DELAY,PENDING_COOLDOWN_ACTIVE,0.27543606521104286,0.27543606521104286,,,,4.0,1.0
J,2020-03-17T00:00:00+0000,SHADOW_REQUEST_OR_PENDING,PENDING_AHR_BUY,AHR_VALUE_BUY,BUY,DELAY,PENDING_COOLDOWN_ACTIVE,0.25909150427347283,0.25909150427347283,,,,3.0,1.0
J,2020-03-18T00:00:00+0000,SHADOW_REQUEST_OR_PENDING,PENDING_AHR_BUY,AHR_VALUE_BUY,BUY,DELAY,PENDING_COOLDOWN_ACTIVE,0.26889855603833457,0.26889855603833457,,,,2.0,1.0
J,2020-03-19T00:00:00+0000,SHADOW_REQUEST_OR_PENDING,PENDING_AHR_BUY,AHR_VALUE_BUY,BUY,DELAY,PENDING_COOLDOWN_ACTIVE,0.27286908365511264,0.27286908365511264,,,,1.0,1.0
J,2020-03-20T00:00:00+0000,SHADOW_REQUEST_OR_PENDING,PENDING_AHR_BUY,AHR_VALUE_BUY,BUY,CANCEL,AHR_VALUE_CONDITION_DISAPPEARED,0.3015255090042113,0.3015255090042113,,,,0.0,0.0
B,2020-03-28T00:00:00+0000,ACTUAL_EXECUTED,TACTICAL_SELL_STAGE4,RISK_SELL,SELL,EXECUTE,,0.3695146883691283,0.25,2507.270775394849,2.5060171400071516,1.2536353876973216,,
J,2020-03-28T00:00:00+0000,ACTUAL_EXECUTED,TACTICAL_SELL_STAGE4,RISK_SELL,SELL,EXECUTE,,0.3045647217701343,0.25,1139.165310506099,1.1385957278508463,0.5695826552530028,,
J,2020-03-28T00:00:00+0000,SHADOW_REQUEST_OR_PENDING,TACTICAL_SELL_STAGE4,RISK_SELL,SELL,EXECUTE,EXECUTED,0.3045647217701343,0.25,,,,7.0,0.0
B,2020-03-30T00:00:00+0000,ACTUAL_EXECUTED,TACTICAL_BUYBACK_AHR999_TO_35,AHR_VALUE_BUY,BUY,EXECUTE,,0.2384832176187503,0.35000000000000003,2301.8009549140984,2.3029518553915556,1.1509004774568732,,
J,2020-03-30T00:00:00+0000,SHADOW_REQUEST_OR_PENDING,TACTICAL_BUYBACK_AHR999_TO_35,AHR_VALUE_BUY,BUY,DELAY,AHR_REBUY_COOLDOWN,0.23853032665486515,0.23853032665486515,,,,5.0,1.0
J,2020-03-31T00:00:00+0000,SHADOW_REQUEST_OR_PENDING,PENDING_AHR_BUY,AHR_VALUE_BUY,BUY,CANCEL,AHR_VALUE_CONDITION_DISAPPEARED,0.25232943596841567,0.25232943596841567,,,,4.0,0.0
B,2020-04-04T00:00:00+0000,ACTUAL_EXECUTED,TACTICAL_BUYBACK_RIGHT_TO_50,RIGHT_SIDE_BUY,BUY,EXECUTE,,0.38233043343433604,0.5,2554.689171839377,2.555966516425297,1.277344585919587,,
J,2020-04-04T00:00:00+0000,ACTUAL_EXECUTED,TACTICAL_BUYBACK_RIGHT_TO_50,RIGHT_SIDE_BUY,BUY,EXECUTE,,0.2653925701341058,0.5,4994.573660726365,4.997070947556728,2.497286830362984,,
J,2020-04-04T00:00:00+0000,SHADOW_REQUEST_OR_PENDING,TACTICAL_BUYBACK_RIGHT_TO_50,RIGHT_SIDE_TO_50,BUY,EXECUTE,EXECUTED,0.2653925701341058,0.5,,,,0.0,0.0
B,2020-04-19T00:00:00+0000,ACTUAL_EXECUTED,TACTICAL_BUYBACK_RIGHT_TO_60,RIGHT_SIDE_BUY,BUY,EXECUTE,,0.5452023439197018,0.6,1307.6030588783094,1.3082568604077485,0.6538015294390561,,
J,2020-04-19T00:00:00+0000,ACTUAL_EXECUTED,TACTICAL_BUYBACK_RIGHT_TO_60,RIGHT_SIDE_BUY,BUY,EXECUTE,,0.5455971745529021,0.6,1273.8543537432229,1.2744912809200943,0.6369271768715153,,
J,2020-04-19T00:00:00+0000,SHADOW_REQUEST_OR_PENDING,TACTICAL_BUYBACK_RIGHT_TO_60,RIGHT_SIDE_TO_60,BUY,EXECUTE,EXECUTED,0.5455971745529021,0.6,,,,0.0,0.0
B,2020-05-09T00:00:00+0000,ACTUAL_EXECUTED,TACTICAL_BUYBACK_NEW_BULL_REDEPLOY,TACTICAL_BUYBACK_NEW_BULL_REDEPLOY,BUY,EXECUTE,,0.6556195307493861,0.6684030168262375,354.3198066297496,0.3544969665330645,0.17715990331486106,,
J,2020-05-09T00:00:00+0000,ACTUAL_EXECUTED,TACTICAL_BUYBACK_NEW_BULL_REDEPLOY,TACTICAL_BUYBACK_NEW_BULL_REDEPLOY,BUY,EXECUTE,,0.6554593982249708,0.6678355114282684,336.44590234567534,0.3366141252968482,0.16822295117282465,,
J,2020-05-09T00:00:00+0000,SHADOW_REQUEST_OR_PENDING,TACTICAL_BUYBACK_NEW_BULL_REDEPLOY,NEW_BULL_REDEPLOY,BUY,EXECUTE,EXECUTED,0.6554593982249708,0.6678355114282684,,,,0.0,0.0
B,2020-05-10T00:00:00+0000,ACTUAL_EXECUTED,TACTICAL_BUYBACK_NEW_BULL_REDEPLOY,TACTICAL_BUYBACK_NEW_BULL_REDEPLOY,BUY,EXECUTE,,0.6644615684302251,0.6773970731299837,354.31980662974956,0.35449696653306445,0.17715990331484682,,
J,2020-05-10T00:00:00+0000,ACTUAL_EXECUTED,TACTICAL_BUYBACK_NEW_BULL_REDEPLOY,TACTICAL_BUYBACK_NEW_BULL_REDEPLOY,BUY,EXECUTE,,0.6639184566337006,0.6764405628327717,336.44590234567534,0.3366141252968482,0.1682229511728111,,
J,2020-05-10T00:00:00+0000,SHADOW_REQUEST_OR_PENDING,TACTICAL_BUYBACK_NEW_BULL_REDEPLOY,NEW_BULL_REDEPLOY,BUY,EXECUTE,EXECUTED,0.6639184566337006,0.6764405628327717,,,,0.0,0.0
B,2020-05-11T00:00:00+0000,ACTUAL_EXECUTED,TACTICAL_BUYBACK_NEW_BULL_REDEPLOY,TACTICAL_BUYBACK_NEW_BULL_REDEPLOY,BUY,EXECUTE,,0.6555221105050439,0.6693344525405986,354.31980662974956,0.3544969665330644,0.17715990331487205,,
J,2020-05-11T00:00:00+0000,ACTUAL_EXECUTED,TACTICAL_BUYBACK_NEW_BULL_REDEPLOY,TACTICAL_BUYBACK_NEW_BULL_REDEPLOY,BUY,EXECUTE,,0.654717514405142,0.6680880923804676,336.44590234567534,0.3366141252968482,0.1682229511728351,,
J,2020-05-11T00:00:00+0000,SHADOW_REQUEST_OR_PENDING,TACTICAL_BUYBACK_NEW_BULL_REDEPLOY,NEW_BULL_REDEPLOY,BUY,EXECUTE,EXECUTED,0.654717514405142,0.6680880923804676,,,,0.0,0.0
B,2020-05-12T00:00:00+0000,ACTUAL_EXECUTED,TACTICAL_BUYBACK_NEW_BULL_REDEPLOY,TACTICAL_BUYBACK_NEW_BULL_REDEPLOY,BUY,EXECUTE,,0.6662942752449461,0.680239874627375,354.31980662974956,0.3544969665330644,0.17715990331487386,,
J,2020-05-12T00:00:00+0000,ACTUAL_EXECUTED,TACTICAL_BUYBACK_NEW_BULL_REDEPLOY,TACTICAL_BUYBACK_NEW_BULL_REDEPLOY,BUY,EXECUTE,,0.664848671877485,0.6783473976890847,336.4459023456754,0.3366141252968483,0.16822295117283687,,
J,2020-05-12T00:00:00+0000,SHADOW_REQUEST_OR_PENDING,TACTICAL_BUYBACK_NEW_BULL_REDEPLOY,NEW_BULL_REDEPLOY,BUY,EXECUTE,EXECUTED,0.664848671877485,0.6783473976890847,,,,0.0,0.0
B,2020-05-13T00:00:00+0000,ACTUAL_EXECUTED,TACTICAL_BUYBACK_NEW_BULL_REDEPLOY,TACTICAL_BUYBACK_NEW_BULL_REDEPLOY,BUY,EXECUTE,,0.6856625395548047,0.6993605307728653,354.31980662974956,0.3544969665330644,0.17715990331483483,,
J,2020-05-13T00:00:00+0000,ACTUAL_EXECUTED,TACTICAL_BUYBACK_NEW_BULL_REDEPLOY,TACTICAL_BUYBACK_NEW_BULL_REDEPLOY,BUY,EXECUTE,,0.6841813172298226,0.6974412298166754,336.4459023456754,0.3366141252968482,0.16822295117279978,,
J,2020-05-13T00:00:00+0000,SHADOW_REQUEST_OR_PENDING,TACTICAL_BUYBACK_NEW_BULL_REDEPLOY,NEW_BULL_REDEPLOY,BUY,EXECUTE,EXECUTED,0.6841813172298226,0.6974412298166754,,,,0.0,0.0
B,2020-05-14T00:00:00+0000,ACTUAL_EXECUTED,TACTICAL_BUYBACK_NEW_BULL_REDEPLOY,TACTICAL_BUYBACK_NEW_BULL_REDEPLOY,BUY,EXECUTE,,0.7106872704514577,0.7238754441843039,354.31980662974945,0.3544969665330643,0.17715990331485265,,
J,2020-05-14T00:00:00+0000,ACTUAL_EXECUTED,TACTICAL_BUYBACK_NEW_BULL_REDEPLOY,TACTICAL_BUYBACK_NEW_BULL_REDEPLOY,BUY,EXECUTE,,0.7084159942814882,0.7211840063382511,336.44590234567545,0.3366141252968482,0.16822295117281671,,
J,2020-05-14T00:00:00+0000,SHADOW_REQUEST_OR_PENDING,TACTICAL_BUYBACK_NEW_BULL_REDEPLOY,NEW_BULL_REDEPLOY,BUY,EXECUTE,EXECUTED,0.7084159942814882,0.7211840063382511,,,,0.0,0.0
B,2020-05-15T00:00:00+0000,ACTUAL_EXECUTED,TACTICAL_BUYBACK_NEW_BULL_REDEPLOY,TACTICAL_BUYBACK_NEW_BULL_REDEPLOY,BUY,EXECUTE,,0.7314044371139836,0.7442306360271614,354.3198066297495,0.3544969665330644,0.1771599033148506,,
J,2020-05-15T00:00:00+0000,ACTUAL_EXECUTED,TACTICAL_BUYBACK_NEW_BULL_REDEPLOY,TACTICAL_BUYBACK_NEW_BULL_REDEPLOY,BUY,EXECUTE,,0.7289142812286348,0.7413343963333336,336.4459023456754,0.3366141252968482,0.16822295117281474,,
J,2020-05-15T00:00:00+0000,SHADOW_REQUEST_OR_PENDING,TACTICAL_BUYBACK_NEW_BULL_REDEPLOY,NEW_BULL_REDEPLOY,BUY,EXECUTE,EXECUTED,0.7289142812286348,0.7413343963333336,,,,0.0,0.0
B,2020-05-16T00:00:00+0000,ACTUAL_EXECUTED,TACTICAL_BUYBACK_NEW_BULL_REDEPLOY,TACTICAL_BUYBACK_NEW_BULL_REDEPLOY,BUY,EXECUTE,,0.7354440862991369,0.7487173518669131,354.3198066297496,0.3544969665330645,0.17715990331486697,,
J,2020-05-16T00:00:00+0000,ACTUAL_EXECUTED,TACTICAL_BUYBACK_NEW_BULL_REDEPLOY,TACTICAL_BUYBACK_NEW_BULL_REDEPLOY,BUY,EXECUTE,,0.7323070144185755,0.7451576962106817,336.4459023456754,0.3366141252968483,0.1682229511728303,,
J,2020-05-16T00:00:00+0000,SHADOW_REQUEST_OR_PENDING,TACTICAL_BUYBACK_NEW_BULL_REDEPLOY,NEW_BULL_REDEPLOY,BUY,EXECUTE,EXECUTED,0.7323070144185755,0.7451576962106817,,,,0.0,0.0
B,2020-05-17T00:00:00+0000,ACTUAL_EXECUTED,TACTICAL_BUYBACK_NEW_BULL_REDEPLOY,TACTICAL_BUYBACK_NEW_BULL_REDEPLOY,BUY,EXECUTE,,0.7516454564137155,0.7647612119397063,354.3198066297496,0.3544969665330645,0.17715990331484602,,
J,2020-05-17T00:00:00+0000,ACTUAL_EXECUTED,TACTICAL_BUYBACK_NEW_BULL_REDEPLOY,TACTICAL_BUYBACK_NEW_BULL_REDEPLOY,BUY,EXECUTE,,0.7483225680436174,0.7610203825321404,336.4459023456754,0.3366141252968482,0.1682229511728104,,
J,2020-05-17T00:00:00+0000,SHADOW_REQUEST_OR_PENDING,TACTICAL_BUYBACK_NEW_BULL_REDEPLOY,NEW_BULL_REDEPLOY,BUY,EXECUTE,EXECUTED,0.7483225680436174,0.7610203825321404,,,,0.0,0.0
B,2020-05-18T00:00:00+0000,ACTUAL_EXECUTED,TACTICAL_BUYBACK_NEW_BULL_REDEPLOY,TACTICAL_BUYBACK_NEW_BULL_REDEPLOY,BUY,EXECUTE,,0.770655228379715,0.7834495079333711,354.3198066297496,0.35449696653306445,0.17715990331484865,,
J,2020-05-18T00:00:00+0000,ACTUAL_EXECUTED,TACTICAL_BUYBACK_NEW_BULL_REDEPLOY,TACTICAL_BUYBACK_NEW_BULL_REDEPLOY,BUY,EXECUTE,,0.7667984872697277,0.7791864444182021,336.44590234567545,0.33661412529684825,0.16822295117281288,,
J,2020-05-18T00:00:00+0000,SHADOW_REQUEST_OR_PENDING,TACTICAL_BUYBACK_NEW_BULL_REDEPLOY,NEW_BULL_REDEPLOY,BUY,EXECUTE,EXECUTED,0.7667984872697277,0.7791864444182021,,,,0.0,0.0
B,2020-06-21T00:00:00+0000,ACTUAL_EXECUTED,TACTICAL_SELL_STAGE2,RISK_SELL,SELL,EXECUTE,,0.7901699532378177,0.7,2582.585917931491,2.581294624972526,1.2912929589654611,,
J,2020-06-21T00:00:00+0000,ACTUAL_EXECUTED,TACTICAL_SELL_STAGE2,RISK_SELL,SELL,EXECUTE,,0.7861813467155161,0.7,2422.302057401736,2.4210909063730353,1.211151028700601,,
J,2020-06-21T00:00:00+0000,SHADOW_REQUEST_OR_PENDING,TACTICAL_SELL_STAGE2,RISK_SELL,SELL,EXECUTE,EXECUTED,0.7861813467155161,0.7,,,,7.0,0.0
B,2020-09-05T00:00:00+0000,ACTUAL_EXECUTED,TACTICAL_SELL_STAGE2,RISK_SELL,SELL,EXECUTE,,0.7664510685268818,0.7,2444.440589064274,2.443218368769742,1.2222202945318343,,
J,2020-09-05T00:00:00+0000,ACTUAL_EXECUTED,TACTICAL_SELL_STAGE2,RISK_SELL,SELL,EXECUTE,,0.7668976676800522,0.6999999999999998,2419.6048608971278,2.41839505846668,1.2098024304482644,,
J,2020-09-05T00:00:00+0000,SHADOW_REQUEST_OR_PENDING,TACTICAL_SELL_STAGE2,RISK_SELL,SELL,EXECUTE,EXECUTED,0.7668976676800522,0.6999999999999998,,,,7.0,0.0
B,2021-04-21T00:00:00+0000,ACTUAL_EXECUTED,TACTICAL_SELL_STAGE2,RISK_SELL,SELL,EXECUTE,,0.93361025714673,0.7,38838.68811714423,38.81926877308567,19.419344058568754,,
J,2021-04-21T00:00:00+0000,ACTUAL_EXECUTED,TACTICAL_SELL_STAGE2,RISK_SELL,SELL,EXECUTE,,0.9336915961400831,0.7,38247.744532939556,38.228620660673094,19.12387226646647,,
J,2021-04-21T00:00:00+0000,SHADOW_REQUEST_OR_PENDING,TACTICAL_SELL_STAGE2,RISK_SELL,SELL,EXECUTE,EXECUTED,0.9336915961400831,0.7,,,,7.0,0.0
B,2021-05-15T00:00:00+0000,ACTUAL_EXECUTED,TACTICAL_SELL_STAGE2,RISK_SELL,SELL,EXECUTE,,0.7643388263005042,0.6999999999999998,13612.148478647496,13.605342404408173,6.806074239322744,,
J,2021-05-15T00:00:00+0000,ACTUAL_EXECUTED,TACTICAL_SELL_STAGE2,RISK_SELL,SELL,EXECUTE,,0.7649555854092617,0.7,13564.324884842903,13.55754272240048,6.782162442420451,,
J,2021-05-15T00:00:00+0000,SHADOW_REQUEST_OR_PENDING,TACTICAL_SELL_STAGE2,RISK_SELL,SELL,EXECUTE,EXECUTED,0.7649555854092617,0.7,,,,7.0,0.0
B,2021-05-20T00:00:00+0000,ACTUAL_EXECUTED,TACTICAL_SELL_CRASH_L2,RISK_SELL,SELL,EXECUTE,,0.5954901799541082,0.4999999999999999,14977.251881808956,14.969763255868052,7.488625940903075,,
J,2021-05-20T00:00:00+0000,ACTUAL_EXECUTED,TACTICAL_SELL_CRASH_L2,RISK_SELL,SELL,EXECUTE,,0.5952258772037473,0.5,14732.364963805077,14.724998781323174,7.366182481901159,,
J,2021-05-20T00:00:00+0000,SHADOW_REQUEST_OR_PENDING,TACTICAL_SELL_CRASH_L2,RISK_SELL,SELL,EXECUTE,EXECUTED,0.5952258772037473,0.5,,,,7.0,0.0
B,2021-05-25T00:00:00+0000,ACTUAL_EXECUTED,TACTICAL_SELL_STAGE4,RISK_SELL,SELL,EXECUTE,,0.5194293745903589,0.25000000000000006,43944.650369901574,43.92267804471663,21.972325184947493,,
J,2021-05-25T00:00:00+0000,ACTUAL_EXECUTED,TACTICAL_SELL_STAGE4,RISK_SELL,SELL,EXECUTE,,0.5194729567291676,0.25,43357.0657236802,43.33538719081836,21.6785328618368,,
J,2021-05-25T00:00:00+0000,SHADOW_REQUEST_OR_PENDING,TACTICAL_SELL_STAGE4,RISK_SELL,SELL,EXECUTE,EXECUTED,0.5194729567291676,0.25,,,,7.0,0.0
B,2022-01-04T00:00:00+0000,ACTUAL_EXECUTED,TACTICAL_SELL_STAGE4,RISK_SELL,SELL,EXECUTE,,0.3319491913269284,0.25,14999.678544248385,14.992178704976261,7.499839272123692,,
J,2022-01-04T00:00:00+0000,ACTUAL_EXECUTED,TACTICAL_SELL_STAGE4,RISK_SELL,SELL,EXECUTE,,0.33208887297359296,0.24999999999999997,14825.043773572765,14.81763125168598,7.412521886785889,,
J,2022-01-04T00:00:00+0000,SHADOW_REQUEST_OR_PENDING,TACTICAL_SELL_STAGE4,RISK_SELL,SELL,EXECUTE,EXECUTED,0.33208887297359296,0.24999999999999997,,,,7.0,0.0
B,2022-06-15T00:00:00+0000,ACTUAL_EXECUTED,TACTICAL_BUYBACK_AHR999_TO_35,AHR_VALUE_BUY,BUY,EXECUTE,,0.10343733063594943,0.35000000000000003,37713.85840079467,37.73271532999507,18.856929200395314,,
J,2022-06-15T00:00:00+0000,ACTUAL_EXECUTED,TACTICAL_BUYBACK_AHR999_TO_35,AHR_VALUE_BUY,BUY,EXECUTE,,0.10352814330712086,0.35000000000000003,37201.400698434714,37.22000139878393,18.600700349215362,,
J,2022-06-15T00:00:00+0000,SHADOW_REQUEST_OR_PENDING,TACTICAL_BUYBACK_AHR999_TO_35,AHR_VALUE_BUY,BUY,EXECUTE,EXECUTED,0.10352814330712086,0.35000000000000003,,,,0.0,0.0
B,2022-06-18T00:00:00+0000,ACTUAL_EXECUTED,TACTICAL_SELL_STAGE4,RISK_SELL,SELL,EXECUTE,,0.32923678238090237,0.24999999999999994,11751.000075954158,11.745124575916183,5.875500037976682,,
J,2022-06-18T00:00:00+0000,ACTUAL_EXECUTED,TACTICAL_SELL_STAGE4,RISK_SELL,SELL,EXECUTE,,0.3292396725242801,0.24999999999999994,11596.072248736267,11.590274212611899,5.798036124367741,,
J,2022-06-18T00:00:00+0000,SHADOW_REQUEST_OR_PENDING,TACTICAL_SELL_STAGE4,RISK_SELL,SELL,EXECUTE,EXECUTED,0.3292396725242801,0.24999999999999994,,,,7.0,0.0
B,2022-06-19T00:00:00+0000,ACTUAL_EXECUTED,TACTICAL_BUYBACK_AHR999_TO_35,AHR_VALUE_BUY,BUY,EXECUTE,,0.23481002927054045,0.35,16726.77360968088,16.73513699648572,8.363386804839692,,
J,2022-06-19T00:00:00+0000,SHADOW_REQUEST_OR_PENDING,TACTICAL_BUYBACK_AHR999_TO_35,AHR_VALUE_BUY,BUY,DELAY,AHR_REBUY_COOLDOWN,0.23481126365854763,0.23481126365854763,,,,6.0,1.0
J,2022-06-20T00:00:00+0000,SHADOW_REQUEST_OR_PENDING,PENDING_AHR_BUY,AHR_VALUE_BUY,BUY,DELAY,PENDING_COOLDOWN_ACTIVE,0.25467303275653225,0.25467303275653225,,,,5.0,1.0
J,2022-06-21T00:00:00+0000,SHADOW_REQUEST_OR_PENDING,PENDING_AHR_BUY,AHR_VALUE_BUY,BUY,DELAY,PENDING_COOLDOWN_ACTIVE,0.25470615061087826,0.25470615061087826,,,,4.0,1.0
J,2022-06-22T00:00:00+0000,SHADOW_REQUEST_OR_PENDING,PENDING_AHR_BUY,AHR_VALUE_BUY,BUY,DELAY,PENDING_COOLDOWN_ACTIVE,0.2550999765521745,0.2550999765521745,,,,3.0,1.0
J,2022-06-23T00:00:00+0000,SHADOW_REQUEST_OR_PENDING,PENDING_AHR_BUY,AHR_VALUE_BUY,BUY,DELAY,PENDING_COOLDOWN_ACTIVE,0.24474779407487765,0.24474779407487765,,,,2.0,1.0
J,2022-06-24T00:00:00+0000,SHADOW_REQUEST_OR_PENDING,PENDING_AHR_BUY,AHR_VALUE_BUY,BUY,DELAY,PENDING_COOLDOWN_ACTIVE,0.2585418385215079,0.2585418385215079,,,,1.0,1.0
J,2022-06-25T00:00:00+0000,ACTUAL_EXECUTED,TACTICAL_BUYBACK_AHR999_TO_35,AHR_VALUE_BUY,BUY,EXECUTE,,0.26684687392647216,0.35000000000000003,12435.719322947542,12.441937182609015,6.217859661473202,,
J,2022-06-25T00:00:00+0000,SHADOW_REQUEST_OR_PENDING,PENDING_AHR_BUY,AHR_VALUE_BUY,BUY,EXECUTE,EXECUTED,0.26684687392647216,0.35000000000000003,,,,0.0,0.0
B,2022-06-26T00:00:00+0000,ACTUAL_EXECUTED,TACTICAL_SELL_STAGE4,RISK_SELL,SELL,EXECUTE,,0.39124875981884333,0.25,21916.514027491263,21.90555577047752,10.958257013745051,,
J,2022-06-26T00:00:00+0000,ACTUAL_EXECUTED,TACTICAL_SELL_STAGE4,RISK_SELL,SELL,EXECUTE,,0.35302415444604357,0.25,15491.496532436206,15.483750784169988,7.745748266217691,,
J,2022-06-26T00:00:00+0000,SHADOW_REQUEST_OR_PENDING,TACTICAL_SELL_STAGE4,RISK_SELL,SELL,EXECUTE,EXECUTED,0.35302415444604357,0.25,,,,7.0,0.0
B,2022-06-27T00:00:00+0000,ACTUAL_EXECUTED,TACTICAL_BUYBACK_AHR999_TO_35,AHR_VALUE_BUY,BUY,EXECUTE,,0.244335047141769,0.35000000000000003,16254.248484101474,16.262375608343525,8.127124242049632,,
J,2022-06-27T00:00:00+0000,SHADOW_REQUEST_OR_PENDING,TACTICAL_BUYBACK_AHR999_TO_35,AHR_VALUE_BUY,BUY,DELAY,AHR_REBUY_COOLDOWN,0.24435765441137317,0.24435765441137317,,,,6.0,1.0
J,2022-06-28T00:00:00+0000,SHADOW_REQUEST_OR_PENDING,PENDING_AHR_BUY,AHR_VALUE_BUY,BUY,DELAY,PENDING_COOLDOWN_ACTIVE,0.24291177998226335,0.24291177998226335,,,,5.0,1.0
J,2022-06-29T00:00:00+0000,SHADOW_REQUEST_OR_PENDING,PENDING_AHR_BUY,AHR_VALUE_BUY,BUY,DELAY,PENDING_COOLDOWN_ACTIVE,0.23675124098587966,0.23675124098587966,,,,4.0,1.0
J,2022-06-30T00:00:00+0000,SHADOW_REQUEST_OR_PENDING,PENDING_AHR_BUY,AHR_VALUE_BUY,BUY,DELAY,PENDING_COOLDOWN_ACTIVE,0.2320079669441811,0.2320079669441811,,,,3.0,1.0
J,2022-07-01T00:00:00+0000,SHADOW_REQUEST_OR_PENDING,PENDING_AHR_BUY,AHR_VALUE_BUY,BUY,DELAY,PENDING_COOLDOWN_ACTIVE,0.2285727495513106,0.2285727495513106,,,,2.0,1.0
J,2022-07-02T00:00:00+0000,SHADOW_REQUEST_OR_PENDING,PENDING_AHR_BUY,AHR_VALUE_BUY,BUY,DELAY,PENDING_COOLDOWN_ACTIVE,0.2251549322463712,0.2251549322463712,,,,1.0,1.0
J,2022-07-03T00:00:00+0000,ACTUAL_EXECUTED,TACTICAL_BUYBACK_AHR999_TO_35,AHR_VALUE_BUY,BUY,EXECUTE,,0.22584481799142805,0.35,18067.348629691114,18.07638230400596,9.03367431484309,,
J,2022-07-03T00:00:00+0000,SHADOW_REQUEST_OR_PENDING,PENDING_AHR_BUY,AHR_VALUE_BUY,BUY,EXECUTE,EXECUTED,0.22584481799142805,0.35,,,,0.0,0.0
B,2022-07-04T00:00:00+0000,ACTUAL_EXECUTED,TACTICAL_SELL_STAGE4,RISK_SELL,SELL,EXECUTE,,0.3283818554444742,0.25,11677.891543840999,11.67205259806908,5.8389457719201445,,
J,2022-07-04T00:00:00+0000,ACTUAL_EXECUTED,TACTICAL_SELL_STAGE4,RISK_SELL,SELL,EXECUTE,,0.3512153186519279,0.25,14767.214244683079,14.759830637560738,7.38360712234109,,
J,2022-07-04T00:00:00+0000,SHADOW_REQUEST_OR_PENDING,TACTICAL_SELL_STAGE4,RISK_SELL,SELL,EXECUTE,EXECUTED,0.3512153186519279,0.25,,,,7.0,0.0
B,2022-07-05T00:00:00+0000,ACTUAL_EXECUTED,TACTICAL_BUYBACK_AHR999_TO_35,AHR_VALUE_BUY,BUY,EXECUTE,,0.26145902643982727,0.35,13382.521068107962,13.389212328642015,6.691260534053535,,
J,2022-07-05T00:00:00+0000,SHADOW_REQUEST_OR_PENDING,TACTICAL_BUYBACK_AHR999_TO_35,AHR_VALUE_BUY,BUY,DELAY,AHR_REBUY_COOLDOWN,0.26143274387246657,0.26143274387246657,,,,6.0,1.0
J,2022-07-06T00:00:00+0000,SHADOW_REQUEST_OR_PENDING,PENDING_AHR_BUY,AHR_VALUE_BUY,BUY,DELAY,PENDING_COOLDOWN_ACTIVE,0.25941721322801303,0.25941721322801303,,,,5.0,1.0
J,2022-07-07T00:00:00+0000,SHADOW_REQUEST_OR_PENDING,PENDING_AHR_BUY,AHR_VALUE_BUY,BUY,DELAY,PENDING_COOLDOWN_ACTIVE,0.266323546394197,0.266323546394197,,,,4.0,1.0
J,2022-07-08T00:00:00+0000,SHADOW_REQUEST_OR_PENDING,PENDING_AHR_BUY,AHR_VALUE_BUY,BUY,CANCEL,AHR_VALUE_CONDITION_DISAPPEARED,0.27534471209107836,0.27534471209107836,,,,3.0,0.0
B,2022-07-12T00:00:00+0000,ACTUAL_EXECUTED,TACTICAL_SELL_STAGE4,RISK_SELL,SELL,EXECUTE,,0.3430219064196172,0.25,13921.131376184163,13.914170810496072,6.960565688091247,,
J,2022-07-12T00:00:00+0000,SHADOW_REQUEST_OR_PENDING,TACTICAL_SELL_STAGE4,RISK_SELL,SELL,EXECUTE,EXECUTE_NO_FILL_AT_TARGET,0.25530408253959186,0.25530408253959186,,,,7.0,0.0
B,2022-07-13T00:00:00+0000,ACTUAL_EXECUTED,TACTICAL_BUYBACK_AHR999_TO_35,AHR_VALUE_BUY,BUY,EXECUTE,,0.2417067320529236,0.35,16012.65535204918,16.0206616797252,8.006327676023949,,
J,2022-07-13T00:00:00+0000,SHADOW_REQUEST_OR_PENDING,TACTICAL_BUYBACK_AHR999_TO_35,AHR_VALUE_BUY,BUY,DELAY,AHR_REBUY_COOLDOWN,0.24692778178115005,0.24692778178115005,,,,6.0,1.0
J,2022-07-14T00:00:00+0000,SHADOW_REQUEST_OR_PENDING,PENDING_AHR_BUY,AHR_VALUE_BUY,BUY,DELAY,PENDING_COOLDOWN_ACTIVE,0.25837670616301794,0.25837670616301794,,,,5.0,1.0
J,2022-07-15T00:00:00+0000,SHADOW_REQUEST_OR_PENDING,PENDING_AHR_BUY,AHR_VALUE_BUY,BUY,DELAY,PENDING_COOLDOWN_ACTIVE,0.26755435706800473,0.26755435706800473,,,,4.0,1.0
J,2022-07-16T00:00:00+0000,SHADOW_REQUEST_OR_PENDING,PENDING_AHR_BUY,AHR_VALUE_BUY,BUY,DELAY,PENDING_COOLDOWN_ACTIVE,0.27220069148852977,0.27220069148852977,,,,3.0,1.0
J,2022-07-17T00:00:00+0000,SHADOW_REQUEST_OR_PENDING,PENDING_AHR_BUY,AHR_VALUE_BUY,BUY,DELAY,PENDING_COOLDOWN_ACTIVE,0.28539222589706326,0.28539222589706326,,,,2.0,1.0
J,2022-07-18T00:00:00+0000,SHADOW_REQUEST_OR_PENDING,PENDING_AHR_BUY,AHR_VALUE_BUY,BUY,DELAY,PENDING_COOLDOWN_ACTIVE,0.28237845575634113,0.28237845575634113,,,,1.0,1.0
B,2022-07-19T00:00:00+0000,ACTUAL_EXECUTED,TACTICAL_BUYBACK_RIGHT_TO_50,RIGHT_SIDE_BUY,BUY,EXECUTE,,0.42088600402920434,0.5,13124.908597720365,13.131471052019226,6.5624542988600245,,
J,2022-07-19T00:00:00+0000,ACTUAL_EXECUTED,TACTICAL_BUYBACK_RIGHT_TO_50,RIGHT_SIDE_BUY,BUY,EXECUTE,,0.3100646759994908,0.5,30085.446815429776,30.100489538837493,15.042723407714526,,
J,2022-07-19T00:00:00+0000,SHADOW_REQUEST_OR_PENDING,PENDING_AHR_BUY,AHR_VALUE_BUY,BUY,CANCEL,RIGHT_SIDE_CANCELS_PENDING_AHR,0.3100646759994908,0.3100646759994908,,,,0.0,0.0
J,2022-07-19T00:00:00+0000,SHADOW_REQUEST_OR_PENDING,TACTICAL_BUYBACK_RIGHT_TO_50,RIGHT_SIDE_TO_50,BUY,EXECUTE,EXECUTED,0.3100646759994908,0.5,,,,0.0,0.0
B,2022-07-22T00:00:00+0000,ACTUAL_EXECUTED,TACTICAL_BUYBACK_RIGHT_TO_60,RIGHT_SIDE_BUY,BUY,EXECUTE,,0.5031934520422486,0.5999999999999999,16158.973242206592,16.167052728827695,8.0794866211031,,
J,2022-07-22T00:00:00+0000,ACTUAL_EXECUTED,TACTICAL_BUYBACK_RIGHT_TO_60,RIGHT_SIDE_BUY,BUY,EXECUTE,,0.5033185318618627,0.6000000000000001,15409.806973955869,15.417511877442848,7.704903486977749,,
J,2022-07-22T00:00:00+0000,SHADOW_REQUEST_OR_PENDING,TACTICAL_BUYBACK_RIGHT_TO_60,RIGHT_SIDE_TO_60,BUY,EXECUTE,EXECUTED,0.5033185318618627,0.6000000000000001,,,,0.0,0.0
B,2022-07-29T00:00:00+0000,ACTUAL_EXECUTED,TACTICAL_SELL_STAGE4,RISK_SELL,SELL,EXECUTE,,0.6148384562533349,0.25,63316.563192813745,63.28490491121735,31.658281596403945,,
J,2022-07-29T00:00:00+0000,ACTUAL_EXECUTED,TACTICAL_SELL_STAGE4,RISK_SELL,SELL,EXECUTE,,0.6146828697288965,0.25,60409.0080921139,60.378803588067846,30.204504046054154,,
J,2022-07-29T00:00:00+0000,SHADOW_REQUEST_OR_PENDING,TACTICAL_SELL_STAGE4,RISK_SELL,SELL,EXECUTE,EXECUTED,0.6146828697288965,0.25,,,,7.0,0.0
B,2022-08-27T00:00:00+0000,ACTUAL_EXECUTED,TACTICAL_BUYBACK_AHR999_TO_35,AHR_VALUE_BUY,BUY,EXECUTE,,0.22588501267622502,0.3499999999999999,20838.580672611006,20.84899996294731,10.419290336304325,,
J,2022-08-27T00:00:00+0000,ACTUAL_EXECUTED,TACTICAL_BUYBACK_AHR999_TO_35,AHR_VALUE_BUY,BUY,EXECUTE,,0.22580689443012064,0.3499999999999999,19900.6513095952,19.910601635249996,9.950325654796476,,
J,2022-08-27T00:00:00+0000,SHADOW_REQUEST_OR_PENDING,TACTICAL_BUYBACK_AHR999_TO_35,AHR_VALUE_BUY,BUY,EXECUTE,EXECUTED,0.22580689443012064,0.3499999999999999,,,,0.0,0.0
B,2022-08-29T00:00:00+0000,ACTUAL_EXECUTED,TACTICAL_SELL_STAGE4,RISK_SELL,SELL,EXECUTE,,0.3393761406013559,0.25,14775.24255359834,14.767854932321542,7.38762127679785,,
J,2022-08-29T00:00:00+0000,ACTUAL_EXECUTED,TACTICAL_SELL_STAGE4,RISK_SELL,SELL,EXECUTE,,0.33946650234174475,0.25,14117.530436861949,14.11047167164352,7.058765218429713,,
J,2022-08-29T00:00:00+0000,SHADOW_REQUEST_OR_PENDING,TACTICAL_SELL_STAGE4,RISK_SELL,SELL,EXECUTE,EXECUTED,0.33946650234174475,0.25,,,,7.0,0.0
B,2022-08-30T00:00:00+0000,ACTUAL_EXECUTED,TACTICAL_BUYBACK_AHR999_TO_35,AHR_VALUE_BUY,BUY,EXECUTE,,0.26344576273727643,0.3499999999999999,14554.88570875395,14.562163151608328,7.277442854376686,,
J,2022-08-30T00:00:00+0000,SHADOW_REQUEST_OR_PENDING,TACTICAL_BUYBACK_AHR999_TO_35,AHR_VALUE_BUY,BUY,DELAY,AHR_REBUY_COOLDOWN,0.26322484553440917,0.26322484553440917,,,,6.0,1.0
J,2022-08-31T00:00:00+0000,SHADOW_REQUEST_OR_PENDING,PENDING_AHR_BUY,AHR_VALUE_BUY,BUY,DELAY,PENDING_COOLDOWN_ACTIVE,0.25950782602122374,0.25950782602122374,,,,5.0,1.0
J,2022-09-01T00:00:00+0000,SHADOW_REQUEST_OR_PENDING,PENDING_AHR_BUY,AHR_VALUE_BUY,BUY,DELAY,PENDING_COOLDOWN_ACTIVE,0.26282262069211954,0.26282262069211954,,,,4.0,1.0
J,2022-09-02T00:00:00+0000,SHADOW_REQUEST_OR_PENDING,PENDING_AHR_BUY,AHR_VALUE_BUY,BUY,DELAY,PENDING_COOLDOWN_ACTIVE,0.2658791121007396,0.2658791121007396,,,,3.0,1.0
J,2022-09-03T00:00:00+0000,SHADOW_REQUEST_OR_PENDING,PENDING_AHR_BUY,AHR_VALUE_BUY,BUY,DELAY,PENDING_COOLDOWN_ACTIVE,0.2644680128592946,0.2644680128592946,,,,2.0,1.0
J,2022-09-04T00:00:00+0000,SHADOW_REQUEST_OR_PENDING,PENDING_AHR_BUY,AHR_VALUE_BUY,BUY,DELAY,PENDING_COOLDOWN_ACTIVE,0.2626302041146108,0.2626302041146108,,,,1.0,1.0
J,2022-09-05T00:00:00+0000,ACTUAL_EXECUTED,TACTICAL_BUYBACK_AHR999_TO_35,AHR_VALUE_BUY,BUY,EXECUTE,,0.2650632614166301,0.35,13663.312901468475,13.670144557919208,6.831656450733643,,
J,2022-09-05T00:00:00+0000,SHADOW_REQUEST_OR_PENDING,PENDING_AHR_BUY,AHR_VALUE_BUY,BUY,EXECUTE,EXECUTED,0.2650632614166301,0.35,,,,0.0,0.0
B,2022-09-06T00:00:00+0000,ACTUAL_EXECUTED,TACTICAL_SELL_STAGE4,RISK_SELL,SELL,EXECUTE,,0.3543374088607813,0.25,17676.762403764063,17.667924022562183,8.838381201881154,,
J,2022-09-06T00:00:00+0000,ACTUAL_EXECUTED,TACTICAL_SELL_STAGE4,RISK_SELL,SELL,EXECUTE,,0.3525665100995864,0.25,16577.526896427727,16.569238132979514,8.288763448213041,,
J,2022-09-06T00:00:00+0000,SHADOW_REQUEST_OR_PENDING,TACTICAL_SELL_STAGE4,RISK_SELL,SELL,EXECUTE,EXECUTED,0.3525665100995864,0.25,,,,7.0,0.0
B,2022-09-07T00:00:00+0000,ACTUAL_EXECUTED,TACTICAL_BUYBACK_AHR999_TO_35,AHR_VALUE_BUY,BUY,EXECUTE,,0.2425038003595146,0.35,18012.656116575192,18.021662444633478,9.006328058286389,,
J,2022-09-07T00:00:00+0000,SHADOW_REQUEST_OR_PENDING,TACTICAL_BUYBACK_AHR999_TO_35,AHR_VALUE_BUY,BUY,DELAY,AHR_REBUY_COOLDOWN,0.2424274409488429,0.2424274409488429,,,,6.0,1.0
J,2022-09-08T00:00:00+0000,SHADOW_REQUEST_OR_PENDING,PENDING_AHR_BUY,AHR_VALUE_BUY,BUY,DELAY,PENDING_COOLDOWN_ACTIVE,0.2498424316477716,0.2498424316477716,,,,5.0,1.0
J,2022-09-09T00:00:00+0000,SHADOW_REQUEST_OR_PENDING,PENDING_AHR_BUY,AHR_VALUE_BUY,BUY,DELAY,PENDING_COOLDOWN_ACTIVE,0.25042234877600345,0.25042234877600345,,,,4.0,1.0
J,2022-09-10T00:00:00+0000,SHADOW_REQUEST_OR_PENDING,PENDING_AHR_BUY,AHR_VALUE_BUY,BUY,CANCEL,AHR_VALUE_CONDITION_DISAPPEARED,0.2625415921695891,0.2625415921695891,,,,3.0,0.0
B,2022-09-14T00:00:00+0000,ACTUAL_EXECUTED,TACTICAL_SELL_STAGE4,RISK_SELL,SELL,EXECUTE,,0.3576794673682381,0.25,18272.58265697438,18.263446365645894,9.136291328487516,,
J,2022-09-14T00:00:00+0000,SHADOW_REQUEST_OR_PENDING,TACTICAL_SELL_STAGE4,RISK_SELL,SELL,EXECUTE,EXECUTE_NO_FILL_AT_TARGET,0.24774904468181397,0.24774904468181397,,,,7.0,0.0
B,2022-09-15T00:00:00+0000,ACTUAL_EXECUTED,TACTICAL_BUYBACK_AHR999_TO_35,AHR_VALUE_BUY,BUY,EXECUTE,,0.25573376570398393,0.35000000000000003,16102.567521714715,16.110618805475575,8.051283760856602,,
J,2022-09-15T00:00:00+0000,SHADOW_REQUEST_OR_PENDING,TACTICAL_BUYBACK_AHR999_TO_35,AHR_VALUE_BUY,BUY,DELAY,AHR_REBUY_COOLDOWN,0.2533308535804367,0.2533308535804367,,,,6.0,1.0
J,2022-09-16T00:00:00+0000,SHADOW_REQUEST_OR_PENDING,PENDING_AHR_BUY,AHR_VALUE_BUY,BUY,DELAY,PENDING_COOLDOWN_ACTIVE,0.23787634873895874,0.23787634873895874,,,,5.0,1.0
J,2022-09-17T00:00:00+0000,SHADOW_REQUEST_OR_PENDING,PENDING_AHR_BUY,AHR_VALUE_BUY,BUY,DELAY,PENDING_COOLDOWN_ACTIVE,0.23481309836418415,0.23481309836418415,,,,4.0,1.0
J,2022-09-18T00:00:00+0000,SHADOW_REQUEST_OR_PENDING,PENDING_AHR_BUY,AHR_VALUE_BUY,BUY,DELAY,PENDING_COOLDOWN_ACTIVE,0.23875628807101487,0.23875628807101487,,,,3.0,1.0
J,2022-09-19T00:00:00+0000,SHADOW_REQUEST_OR_PENDING,PENDING_AHR_BUY,AHR_VALUE_BUY,BUY,DELAY,PENDING_COOLDOWN_ACTIVE,0.2250329025159336,0.2250329025159336,,,,2.0,1.0
J,2022-09-20T00:00:00+0000,SHADOW_REQUEST_OR_PENDING,PENDING_AHR_BUY,AHR_VALUE_BUY,BUY,DELAY,PENDING_COOLDOWN_ACTIVE,0.22913855540405245,0.22913855540405245,,,,1.0,1.0
J,2022-09-21T00:00:00+0000,ACTUAL_EXECUTED,TACTICAL_BUYBACK_AHR999_TO_35,AHR_VALUE_BUY,BUY,EXECUTE,,0.22258274056684157,0.3499999999999999,19846.860915088197,19.85678434554574,9.923430457543896,,
J,2022-09-21T00:00:00+0000,SHADOW_REQUEST_OR_PENDING,PENDING_AHR_BUY,AHR_VALUE_BUY,BUY,EXECUTE,EXECUTED,0.22258274056684157,0.3499999999999999,,,,0.0,0.0
B,2022-09-22T00:00:00+0000,ACTUAL_EXECUTED,TACTICAL_SELL_STAGE4,RISK_SELL,SELL,EXECUTE,,0.3053098906482515,0.24999999999999994,8846.94784903283,8.842524375108315,4.423473924516511,,
J,2022-09-22T00:00:00+0000,ACTUAL_EXECUTED,TACTICAL_SELL_STAGE4,RISK_SELL,SELL,EXECUTE,,0.34014175006569747,0.25,13840.765740712446,13.83384535784209,6.920382870356374,,
J,2022-09-22T00:00:00+0000,SHADOW_REQUEST_OR_PENDING,TACTICAL_SELL_STAGE4,RISK_SELL,SELL,EXECUTE,EXECUTED,0.34014175006569747,0.25,,,,7.0,0.0
B,2022-09-23T00:00:00+0000,ACTUAL_EXECUTED,TACTICAL_BUYBACK_AHR999_TO_35,AHR_VALUE_BUY,BUY,EXECUTE,,0.2611190894336699,0.35,14416.475158425987,14.423683396005199,7.208237579213003,,
J,2022-09-23T00:00:00+0000,SHADOW_REQUEST_OR_PENDING,TACTICAL_BUYBACK_AHR999_TO_35,AHR_VALUE_BUY,BUY,DELAY,AHR_REBUY_COOLDOWN,0.26109413242471424,0.26109413242471424,,,,6.0,1.0
J,2022-09-24T00:00:00+0000,SHADOW_REQUEST_OR_PENDING,PENDING_AHR_BUY,AHR_VALUE_BUY,BUY,DELAY,PENDING_COOLDOWN_ACTIVE,0.26081828857713524,0.26081828857713524,,,,5.0,1.0
J,2022-09-25T00:00:00+0000,SHADOW_REQUEST_OR_PENDING,PENDING_AHR_BUY,AHR_VALUE_BUY,BUY,DELAY,PENDING_COOLDOWN_ACTIVE,0.2586114982348301,0.2586114982348301,,,,4.0,1.0
J,2022-09-26T00:00:00+0000,SHADOW_REQUEST_OR_PENDING,PENDING_AHR_BUY,AHR_VALUE_BUY,BUY,DELAY,PENDING_COOLDOWN_ACTIVE,0.2561437517712886,0.2561437517712886,,,,3.0,1.0
J,2022-09-27T00:00:00+0000,SHADOW_REQUEST_OR_PENDING,PENDING_AHR_BUY,AHR_VALUE_BUY,BUY,DELAY,PENDING_COOLDOWN_ACTIVE,0.26159920651197743,0.26159920651197743,,,,2.0,1.0
J,2022-09-28T00:00:00+0000,SHADOW_REQUEST_OR_PENDING,PENDING_AHR_BUY,AHR_VALUE_BUY,BUY,DELAY,PENDING_COOLDOWN_ACTIVE,0.26036081789769516,0.26036081789769516,,,,1.0,1.0
J,2022-09-29T00:00:00+0000,ACTUAL_EXECUTED,TACTICAL_BUYBACK_AHR999_TO_35,AHR_VALUE_BUY,BUY,EXECUTE,,0.2624757245819823,0.3499999999999999,13652.054541366168,13.65888056863685,6.826027270682469,,
J,2022-09-29T00:00:00+0000,SHADOW_REQUEST_OR_PENDING,PENDING_AHR_BUY,AHR_VALUE_BUY,BUY,EXECUTE,EXECUTED,0.2624757245819823,0.3499999999999999,,,,0.0,0.0
B,2022-09-30T00:00:00+0000,ACTUAL_EXECUTED,TACTICAL_SELL_STAGE4,RISK_SELL,SELL,EXECUTE,,0.35218295946039213,0.2500000000000001,16642.670783300488,16.63434944790884,8.321335391649292,,
J,2022-09-30T00:00:00+0000,ACTUAL_EXECUTED,TACTICAL_SELL_STAGE4,RISK_SELL,SELL,EXECUTE,,0.3507893113228532,0.25,15752.355742595431,15.744479564724134,7.8761778712968145,,
J,2022-09-30T00:00:00+0000,SHADOW_REQUEST_OR_PENDING,TACTICAL_SELL_STAGE4,RISK_SELL,SELL,EXECUTE,EXECUTED,0.3507893113228532,0.25,,,,7.0,0.0
B,2022-10-01T00:00:00+0000,ACTUAL_EXECUTED,TACTICAL_BUYBACK_AHR999_TO_35,AHR_VALUE_BUY,BUY,EXECUTE,,0.24886159995316065,0.35000000000000003,16430.26210979678,16.438477240851682,8.215131054898247,,
J,2022-10-01T00:00:00+0000,SHADOW_REQUEST_OR_PENDING,TACTICAL_BUYBACK_AHR999_TO_35,AHR_VALUE_BUY,BUY,DELAY,AHR_REBUY_COOLDOWN,0.24885641218626264,0.24885641218626264,,,,6.0,1.0
J,2022-10-02T00:00:00+0000,SHADOW_REQUEST_OR_PENDING,PENDING_AHR_BUY,AHR_VALUE_BUY,BUY,DELAY,PENDING_COOLDOWN_ACTIVE,0.24698908163739988,0.24698908163739988,,,,5.0,1.0
J,2022-10-03T00:00:00+0000,SHADOW_REQUEST_OR_PENDING,PENDING_AHR_BUY,AHR_VALUE_BUY,BUY,DELAY,PENDING_COOLDOWN_ACTIVE,0.24293674346230085,0.24293674346230085,,,,4.0,1.0
J,2022-10-04T00:00:00+0000,SHADOW_REQUEST_OR_PENDING,PENDING_AHR_BUY,AHR_VALUE_BUY,BUY,DELAY,PENDING_COOLDOWN_ACTIVE,0.24921161538233785,0.24921161538233785,,,,3.0,1.0
J,2022-10-05T00:00:00+0000,SHADOW_REQUEST_OR_PENDING,PENDING_AHR_BUY,AHR_VALUE_BUY,BUY,CANCEL,AHR_VALUE_CONDITION_DISAPPEARED,0.25512109123685006,0.25512109123685006,,,,2.0,0.0
B,2022-10-08T00:00:00+0000,ACTUAL_EXECUTED,TACTICAL_SELL_STAGE4,RISK_SELL,SELL,EXECUTE,,0.35109683852171086,0.24999999999999994,16463.585869419607,16.4553540764849,8.231792934709574,,
J,2022-10-08T00:00:00+0000,SHADOW_REQUEST_OR_PENDING,TACTICAL_SELL_STAGE4,RISK_SELL,SELL,EXECUTE,EXECUTE_NO_FILL_AT_TARGET,0.24983526001155182,0.24983526001155182,,,,7.0,0.0
B,2022-10-09T00:00:00+0000,ACTUAL_EXECUTED,TACTICAL_BUYBACK_AHR999_TO_35,AHR_VALUE_BUY,BUY,EXECUTE,,0.24822768345202736,0.35,16517.135403807373,16.525393971509278,8.2585677019028,,
J,2022-10-09T00:00:00+0000,SHADOW_REQUEST_OR_PENDING,TACTICAL_BUYBACK_AHR999_TO_35,AHR_VALUE_BUY,BUY,DELAY,AHR_REBUY_COOLDOWN,0.24807876868020295,0.24807876868020295,,,,6.0,1.0
J,2022-10-10T00:00:00+0000,SHADOW_REQUEST_OR_PENDING,PENDING_AHR_BUY,AHR_VALUE_BUY,BUY,DELAY,PENDING_COOLDOWN_ACTIVE,0.24891727810996364,0.24891727810996364,,,,5.0,1.0
J,2022-10-11T00:00:00+0000,SHADOW_REQUEST_OR_PENDING,PENDING_AHR_BUY,AHR_VALUE_BUY,BUY,DELAY,PENDING_COOLDOWN_ACTIVE,0.24487888878756062,0.24487888878756062,,,,4.0,1.0
J,2022-10-12T00:00:00+0000,SHADOW_REQUEST_OR_PENDING,PENDING_AHR_BUY,AHR_VALUE_BUY,BUY,DELAY,PENDING_COOLDOWN_ACTIVE,0.24377129823954596,0.24377129823954596,,,,3.0,1.0
J,2022-10-13T00:00:00+0000,SHADOW_REQUEST_OR_PENDING,PENDING_AHR_BUY,AHR_VALUE_BUY,BUY,DELAY,PENDING_COOLDOWN_ACTIVE,0.24548325403547283,0.24548325403547283,,,,2.0,1.0
J,2022-10-14T00:00:00+0000,SHADOW_REQUEST_OR_PENDING,PENDING_AHR_BUY,AHR_VALUE_BUY,BUY,DELAY,PENDING_COOLDOWN_ACTIVE,0.24561665051134776,0.24561665051134776,,,,1.0,1.0
J,2022-10-15T00:00:00+0000,ACTUAL_EXECUTED,TACTICAL_BUYBACK_AHR999_TO_35,AHR_VALUE_BUY,BUY,EXECUTE,,0.24584178307136642,0.35000000000000003,16172.11580974599,16.180201867650865,8.086057904873552,,
J,2022-10-15T00:00:00+0000,SHADOW_REQUEST_OR_PENDING,PENDING_AHR_BUY,AHR_VALUE_BUY,BUY,EXECUTE,EXECUTED,0.24584178307136642,0.35000000000000003,,,,0.0,0.0
B,2022-10-16T00:00:00+0000,ACTUAL_EXECUTED,TACTICAL_SELL_STAGE4,RISK_SELL,SELL,EXECUTE,,0.34451755680406687,0.24999999999999994,15222.795567604373,15.21518416982057,7.6113977838013955,,
J,2022-10-16T00:00:00+0000,ACTUAL_EXECUTED,TACTICAL_SELL_STAGE4,RISK_SELL,SELL,EXECUTE,,0.3473639438820419,0.25000000000000006,15067.346252488362,15.05981257936212,7.533673126243398,,
J,2022-10-16T00:00:00+0000,SHADOW_REQUEST_OR_PENDING,TACTICAL_SELL_STAGE4,RISK_SELL,SELL,EXECUTE,EXECUTED,0.3473639438820419,0.25000000000000006,,,,7.0,0.0
B,2022-10-17T00:00:00+0000,ACTUAL_EXECUTED,TACTICAL_BUYBACK_AHR999_TO_35,AHR_VALUE_BUY,BUY,EXECUTE,,0.2536651298731828,0.3499999999999999,15575.447656318449,15.583235380146608,7.7877238281584,,
J,2022-10-17T00:00:00+0000,SHADOW_REQUEST_OR_PENDING,TACTICAL_BUYBACK_AHR999_TO_35,AHR_VALUE_BUY,BUY,DELAY,AHR_REBUY_COOLDOWN,0.25363724328121484,0.25363724328121484,,,,6.0,1.0
J,2022-10-18T00:00:00+0000,SHADOW_REQUEST_OR_PENDING,PENDING_AHR_BUY,AHR_VALUE_BUY,BUY,CANCEL,AHR_VALUE_CONDITION_DISAPPEARED,0.25704724986694366,0.25704724986694366,,,,5.0,0.0
B,2022-10-24T00:00:00+0000,ACTUAL_EXECUTED,TACTICAL_SELL_STAGE4,RISK_SELL,SELL,EXECUTE,,0.35762218628060355,0.24999999999999994,17620.156589790753,17.61134651149586,8.810078294893966,,
J,2022-10-24T00:00:00+0000,SHADOW_REQUEST_OR_PENDING,TACTICAL_SELL_STAGE4,RISK_SELL,SELL,EXECUTE,EXECUTE_NO_FILL_AT_TARGET,0.2604639032846808,0.2604639032846808,,,,7.0,0.0
B,2022-11-09T00:00:00+0000,ACTUAL_EXECUTED,TACTICAL_BUYBACK_AHR999_TO_35,AHR_VALUE_BUY,BUY,EXECUTE,,0.24480399618522705,0.35000000000000003,17086.291061973865,17.094834207504853,8.543145530984997,,
J,2022-11-09T00:00:00+0000,ACTUAL_EXECUTED,TACTICAL_BUYBACK_AHR999_TO_35,AHR_VALUE_BUY,BUY,EXECUTE,,0.2549744373136296,0.35000000000000003,14788.184450089198,14.795578542314242,7.394092225042925,,
J,2022-11-09T00:00:00+0000,SHADOW_REQUEST_OR_PENDING,TACTICAL_BUYBACK_AHR999_TO_35,AHR_VALUE_BUY,BUY,EXECUTE,EXECUTED,0.2549744373136296,0.35000000000000003,,,,0.0,0.0
B,2022-11-16T00:00:00+0000,ACTUAL_EXECUTED,TACTICAL_SELL_STAGE4,RISK_SELL,SELL,EXECUTE,,0.3334040242469493,0.25000000000000006,13219.303364631702,13.212693712949385,6.609651682315464,,
J,2022-11-16T00:00:00+0000,ACTUAL_EXECUTED,TACTICAL_SELL_STAGE4,RISK_SELL,SELL,EXECUTE,,0.3333575851876607,0.25,12658.111291025794,12.651782235380281,6.329055645512528,,
J,2022-11-16T00:00:00+0000,SHADOW_REQUEST_OR_PENDING,TACTICAL_SELL_STAGE4,RISK_SELL,SELL,EXECUTE,EXECUTED,0.3333575851876607,0.25,,,,7.0,0.0
B,2022-11-17T00:00:00+0000,ACTUAL_EXECUTED,TACTICAL_BUYBACK_AHR999_TO_35,AHR_VALUE_BUY,BUY,EXECUTE,,0.2454656914453571,0.35,16451.954124461852,16.460180101524085,8.225977062229418,,
J,2022-11-17T00:00:00+0000,SHADOW_REQUEST_OR_PENDING,TACTICAL_BUYBACK_AHR999_TO_35,AHR_VALUE_BUY,BUY,DELAY,AHR_REBUY_COOLDOWN,0.2455048120864409,0.2455048120864409,,,,6.0,1.0
J,2022-11-18T00:00:00+0000,SHADOW_REQUEST_OR_PENDING,PENDING_AHR_BUY,AHR_VALUE_BUY,BUY,DELAY,PENDING_COOLDOWN_ACTIVE,0.24413935188070263,0.24413935188070263,,,,5.0,1.0
J,2022-11-19T00:00:00+0000,SHADOW_REQUEST_OR_PENDING,PENDING_AHR_BUY,AHR_VALUE_BUY,BUY,DELAY,PENDING_COOLDOWN_ACTIVE,0.24542283823910147,0.24542283823910147,,,,4.0,1.0
J,2022-11-20T00:00:00+0000,SHADOW_REQUEST_OR_PENDING,PENDING_AHR_BUY,AHR_VALUE_BUY,BUY,DELAY,PENDING_COOLDOWN_ACTIVE,0.2459874912263138,0.2459874912263138,,,,3.0,1.0
J,2022-11-21T00:00:00+0000,SHADOW_REQUEST_OR_PENDING,PENDING_AHR_BUY,AHR_VALUE_BUY,BUY,DELAY,PENDING_COOLDOWN_ACTIVE,0.23687111427906501,0.23687111427906501,,,,2.0,1.0
J,2022-11-22T00:00:00+0000,SHADOW_REQUEST_OR_PENDING,PENDING_AHR_BUY,AHR_VALUE_BUY,BUY,DELAY,PENDING_COOLDOWN_ACTIVE,0.23136926561674256,0.23136926561674256,,,,1.0,1.0
J,2022-11-23T00:00:00+0000,ACTUAL_EXECUTED,TACTICAL_BUYBACK_AHR999_TO_35,AHR_VALUE_BUY,BUY,EXECUTE,,0.23652370039540924,0.35000000000000003,16910.228959832293,16.91868407431221,8.45511447991438,,
J,2022-11-23T00:00:00+0000,SHADOW_REQUEST_OR_PENDING,PENDING_AHR_BUY,AHR_VALUE_BUY,BUY,EXECUTE,EXECUTED,0.23652370039540924,0.35000000000000003,,,,0.0,0.0
B,2022-11-24T00:00:00+0000,ACTUAL_EXECUTED,TACTICAL_SELL_STAGE4,RISK_SELL,SELL,EXECUTE,,0.3466002447856629,0.25,15135.404151023951,15.12783644894844,7.567702075510447,,
J,2022-11-24T00:00:00+0000,ACTUAL_EXECUTED,TACTICAL_SELL_STAGE4,RISK_SELL,SELL,EXECUTE,,0.3572714890862179,0.25,16178.243411530642,16.17015428982488,8.089121705763688,,
J,2022-11-24T00:00:00+0000,SHADOW_REQUEST_OR_PENDING,TACTICAL_SELL_STAGE4,RISK_SELL,SELL,EXECUTE,EXECUTED,0.3572714890862179,0.25,,,,7.0,0.0
B,2022-11-25T00:00:00+0000,ACTUAL_EXECUTED,TACTICAL_BUYBACK_AHR999_TO_35,AHR_VALUE_BUY,BUY,EXECUTE,,0.25198428337922607,0.35,15381.838993711026,15.389529913207884,7.690919496855166,,
J,2022-11-25T00:00:00+0000,SHADOW_REQUEST_OR_PENDING,TACTICAL_BUYBACK_AHR999_TO_35,AHR_VALUE_BUY,BUY,DELAY,AHR_REBUY_COOLDOWN,0.2519576294773111,0.2519576294773111,,,,6.0,1.0
J,2022-11-26T00:00:00+0000,SHADOW_REQUEST_OR_PENDING,PENDING_AHR_BUY,AHR_VALUE_BUY,BUY,DELAY,PENDING_COOLDOWN_ACTIVE,0.2512517648182712,0.2512517648182712,,,,5.0,1.0
J,2022-11-27T00:00:00+0000,SHADOW_REQUEST_OR_PENDING,PENDING_AHR_BUY,AHR_VALUE_BUY,BUY,DELAY,PENDING_COOLDOWN_ACTIVE,0.25167475624314894,0.25167475624314894,,,,4.0,1.0
J,2022-11-28T00:00:00+0000,SHADOW_REQUEST_OR_PENDING,PENDING_AHR_BUY,AHR_VALUE_BUY,BUY,DELAY,PENDING_COOLDOWN_ACTIVE,0.25044516265673694,0.25044516265673694,,,,3.0,1.0
J,2022-11-29T00:00:00+0000,SHADOW_REQUEST_OR_PENDING,PENDING_AHR_BUY,AHR_VALUE_BUY,BUY,DELAY,PENDING_COOLDOWN_ACTIVE,0.24697914557108902,0.24697914557108902,,,,2.0,1.0
J,2022-11-30T00:00:00+0000,SHADOW_REQUEST_OR_PENDING,PENDING_AHR_BUY,AHR_VALUE_BUY,BUY,DELAY,PENDING_COOLDOWN_ACTIVE,0.25287213590795676,0.25287213590795676,,,,1.0,1.0
J,2022-12-01T00:00:00+0000,ACTUAL_EXECUTED,TACTICAL_BUYBACK_AHR999_TO_35,AHR_VALUE_BUY,BUY,EXECUTE,,0.26351070462850185,0.35000000000000003,13269.161880545074,13.27579646148535,6.634580940272289,,
J,2022-12-01T00:00:00+0000,SHADOW_REQUEST_OR_PENDING,PENDING_AHR_BUY,AHR_VALUE_BUY,BUY,EXECUTE,EXECUTED,0.26351070462850185,0.35000000000000003,,,,0.0,0.0
B,2022-12-02T00:00:00+0000,ACTUAL_EXECUTED,TACTICAL_SELL_STAGE4,RISK_SELL,SELL,EXECUTE,,0.3602403866553305,0.25000000000000006,17590.444703400524,17.581649481048828,8.795222351698138,,
J,2022-12-02T00:00:00+0000,ACTUAL_EXECUTED,TACTICAL_SELL_STAGE4,RISK_SELL,SELL,EXECUTE,,0.34715591776082644,0.25,14852.131943719076,14.84470587774722,7.426065971857744,,
J,2022-12-02T00:00:00+0000,SHADOW_REQUEST_OR_PENDING,TACTICAL_SELL_STAGE4,RISK_SELL,SELL,EXECUTE,EXECUTED,0.34715591776082644,0.25,,,,7.0,0.0
B,2022-12-03T00:00:00+0000,ACTUAL_EXECUTED,TACTICAL_BUYBACK_AHR999_TO_35,AHR_VALUE_BUY,BUY,EXECUTE,,0.25234633008237056,0.35000000000000003,15614.309113623842,15.622116268180651,7.80715455681108,,
J,2022-12-03T00:00:00+0000,SHADOW_REQUEST_OR_PENDING,TACTICAL_BUYBACK_AHR999_TO_35,AHR_VALUE_BUY,BUY,DELAY,AHR_REBUY_COOLDOWN,0.25232997960132336,0.25232997960132336,,,,6.0,1.0
J,2022-12-04T00:00:00+0000,SHADOW_REQUEST_OR_PENDING,PENDING_AHR_BUY,AHR_VALUE_BUY,BUY,DELAY,PENDING_COOLDOWN_ACTIVE,0.24629736174307137,0.24629736174307137,,,,5.0,1.0
J,2022-12-05T00:00:00+0000,SHADOW_REQUEST_OR_PENDING,PENDING_AHR_BUY,AHR_VALUE_BUY,BUY,DELAY,PENDING_COOLDOWN_ACTIVE,0.25095670156296224,0.25095670156296224,,,,4.0,1.0
J,2022-12-06T00:00:00+0000,SHADOW_REQUEST_OR_PENDING,PENDING_AHR_BUY,AHR_VALUE_BUY,BUY,DELAY,PENDING_COOLDOWN_ACTIVE,0.24855608556860304,0.24855608556860304,,,,3.0,1.0
J,2022-12-07T00:00:00+0000,SHADOW_REQUEST_OR_PENDING,PENDING_AHR_BUY,AHR_VALUE_BUY,BUY,DELAY,PENDING_COOLDOWN_ACTIVE,0.2502312217249055,0.2502312217249055,,,,2.0,1.0
J,2022-12-08T00:00:00+0000,SHADOW_REQUEST_OR_PENDING,PENDING_AHR_BUY,AHR_VALUE_BUY,BUY,DELAY,PENDING_COOLDOWN_ACTIVE,0.24544036742427786,0.24544036742427786,,,,1.0,1.0
J,2022-12-09T00:00:00+0000,ACTUAL_EXECUTED,TACTICAL_BUYBACK_AHR999_TO_35,AHR_VALUE_BUY,BUY,EXECUTE,,0.2517181169292459,0.3499999999999999,15043.014909419442,15.050536416874154,7.521507454709012,,
J,2022-12-09T00:00:00+0000,SHADOW_REQUEST_OR_PENDING,PENDING_AHR_BUY,AHR_VALUE_BUY,BUY,EXECUTE,EXECUTED,0.2517181169292459,0.3499999999999999,,,,0.0,0.0
B,2022-12-10T00:00:00+0000,ACTUAL_EXECUTED,TACTICAL_SELL_STAGE4,RISK_SELL,SELL,EXECUTE,,0.34719195990869134,0.25,15485.301118768777,15.477558468209395,7.742650559383348,,
J,2022-12-10T00:00:00+0000,ACTUAL_EXECUTED,TACTICAL_SELL_STAGE4,RISK_SELL,SELL,EXECUTE,,0.3477670286770994,0.25,14924.207574334709,14.916745470547543,7.462103787166352,,
J,2022-12-10T00:00:00+0000,SHADOW_REQUEST_OR_PENDING,TACTICAL_SELL_STAGE4,RISK_SELL,SELL,EXECUTE,EXECUTED,0.3477670286770994,0.25,,,,7.0,0.0
B,2022-12-11T00:00:00+0000,ACTUAL_EXECUTED,TACTICAL_BUYBACK_AHR999_TO_35,AHR_VALUE_BUY,BUY,EXECUTE,,0.2503682239761445,0.35000000000000003,15865.226742356788,15.873159355727964,7.932613371177794,,
J,2022-12-11T00:00:00+0000,SHADOW_REQUEST_OR_PENDING,TACTICAL_BUYBACK_AHR999_TO_35,AHR_VALUE_BUY,BUY,DELAY,AHR_REBUY_COOLDOWN,0.2503655597570447,0.2503655597570447,,,,6.0,1.0
J,2022-12-12T00:00:00+0000,SHADOW_REQUEST_OR_PENDING,PENDING_AHR_BUY,AHR_VALUE_BUY,BUY,DELAY,PENDING_COOLDOWN_ACTIVE,0.24993843160243426,0.24993843160243426,,,,5.0,1.0
J,2022-12-13T00:00:00+0000,SHADOW_REQUEST_OR_PENDING,PENDING_AHR_BUY,AHR_VALUE_BUY,BUY,DELAY,PENDING_COOLDOWN_ACTIVE,0.2516657668052295,0.2516657668052295,,,,4.0,1.0
J,2022-12-14T00:00:00+0000,SHADOW_REQUEST_OR_PENDING,PENDING_AHR_BUY,AHR_VALUE_BUY,BUY,DELAY,PENDING_COOLDOWN_ACTIVE,0.2581843241687762,0.2581843241687762,,,,3.0,1.0
J,2022-12-15T00:00:00+0000,SHADOW_REQUEST_OR_PENDING,PENDING_AHR_BUY,AHR_VALUE_BUY,BUY,CANCEL,AHR_VALUE_CONDITION_DISAPPEARED,0.25710368308754555,0.25710368308754555,,,,2.0,0.0
B,2022-12-18T00:00:00+0000,ACTUAL_EXECUTED,TACTICAL_SELL_STAGE4,RISK_SELL,SELL,EXECUTE,,0.3400042583313181,0.25,14125.68940097714,14.118626556276652,7.062844700487271,,
J,2022-12-18T00:00:00+0000,SHADOW_REQUEST_OR_PENDING,TACTICAL_SELL_STAGE4,RISK_SELL,SELL,EXECUTE,EXECUTE_NO_FILL_AT_TARGET,0.24171821382471922,0.24171821382471922,,,,7.0,0.0
B,2022-12-19T00:00:00+0000,ACTUAL_EXECUTED,TACTICAL_BUYBACK_AHR999_TO_35,AHR_VALUE_BUY,BUY,EXECUTE,,0.24948865522124722,0.35,15747.665612743865,15.755539445550239,7.873832806371947,,
J,2022-12-19T00:00:00+0000,SHADOW_REQUEST_OR_PENDING,TACTICAL_BUYBACK_AHR999_TO_35,AHR_VALUE_BUY,BUY,DELAY,AHR_REBUY_COOLDOWN,0.24122225710107306,0.24122225710107306,,,,6.0,1.0
J,2022-12-20T00:00:00+0000,SHADOW_REQUEST_OR_PENDING,PENDING_AHR_BUY,AHR_VALUE_BUY,BUY,DELAY,PENDING_COOLDOWN_ACTIVE,0.23857782987754528,0.23857782987754528,,,,5.0,1.0
J,2022-12-21T00:00:00+0000,SHADOW_REQUEST_OR_PENDING,PENDING_AHR_BUY,AHR_VALUE_BUY,BUY,DELAY,PENDING_COOLDOWN_ACTIVE,0.2452796055835696,0.2452796055835696,,,,4.0,1.0
J,2022-12-22T00:00:00+0000,SHADOW_REQUEST_OR_PENDING,PENDING_AHR_BUY,AHR_VALUE_BUY,BUY,DELAY,PENDING_COOLDOWN_ACTIVE,0.24474826346466733,0.24474826346466733,,,,3.0,1.0
J,2022-12-23T00:00:00+0000,SHADOW_REQUEST_OR_PENDING,PENDING_AHR_BUY,AHR_VALUE_BUY,BUY,DELAY,PENDING_COOLDOWN_ACTIVE,0.24518063885937982,0.24518063885937982,,,,2.0,1.0
J,2022-12-24T00:00:00+0000,SHADOW_REQUEST_OR_PENDING,PENDING_AHR_BUY,AHR_VALUE_BUY,BUY,DELAY,PENDING_COOLDOWN_ACTIVE,0.24528800578469234,0.24528800578469234,,,,1.0,1.0
J,2022-12-25T00:00:00+0000,ACTUAL_EXECUTED,TACTICAL_BUYBACK_AHR999_TO_35,AHR_VALUE_BUY,BUY,EXECUTE,,0.2456170087691595,0.35,15824.989247682468,15.832901742306309,7.91249462384005,,
J,2022-12-25T00:00:00+0000,SHADOW_REQUEST_OR_PENDING,PENDING_AHR_BUY,AHR_VALUE_BUY,BUY,EXECUTE,EXECUTED,0.2456170087691595,0.35,,,,0.0,0.0
B,2022-12-26T00:00:00+0000,ACTUAL_EXECUTED,TACTICAL_SELL_STAGE4,RISK_SELL,SELL,EXECUTE,,0.3546872842032073,0.25,16533.45264136372,16.52518591504304,8.266726320680293,,
J,2022-12-26T00:00:00+0000,ACTUAL_EXECUTED,TACTICAL_SELL_STAGE4,RISK_SELL,SELL,EXECUTE,,0.3498312464207962,0.25000000000000006,15142.246349963865,15.134675226788886,7.571123174980498,,
J,2022-12-26T00:00:00+0000,SHADOW_REQUEST_OR_PENDING,TACTICAL_SELL_STAGE4,RISK_SELL,SELL,EXECUTE,EXECUTED,0.3498312464207962,0.25000000000000006,,,,7.0,0.0
B,2022-12-27T00:00:00+0000,ACTUAL_EXECUTED,TACTICAL_BUYBACK_AHR999_TO_35,AHR_VALUE_BUY,BUY,EXECUTE,,0.25135217186968173,0.35,15591.280375191214,15.59907601537881,7.79564018759374,,
J,2022-12-27T00:00:00+0000,SHADOW_REQUEST_OR_PENDING,TACTICAL_BUYBACK_AHR999_TO_35,AHR_VALUE_BUY,BUY,DELAY,AHR_REBUY_COOLDOWN,0.25134976747682314,0.25134976747682314,,,,6.0,1.0
J,2022-12-28T00:00:00+0000,SHADOW_REQUEST_OR_PENDING,PENDING_AHR_BUY,AHR_VALUE_BUY,BUY,DELAY,PENDING_COOLDOWN_ACTIVE,0.2489225624190493,0.2489225624190493,,,,5.0,1.0
J,2022-12-29T00:00:00+0000,SHADOW_REQUEST_OR_PENDING,PENDING_AHR_BUY,AHR_VALUE_BUY,BUY,DELAY,PENDING_COOLDOWN_ACTIVE,0.24622742393035427,0.24622742393035427,,,,4.0,1.0
J,2022-12-30T00:00:00+0000,SHADOW_REQUEST_OR_PENDING,PENDING_AHR_BUY,AHR_VALUE_BUY,BUY,DELAY,PENDING_COOLDOWN_ACTIVE,0.24765871416082053,0.24765871416082053,,,,3.0,1.0
J,2022-12-31T00:00:00+0000,SHADOW_REQUEST_OR_PENDING,PENDING_AHR_BUY,AHR_VALUE_BUY,BUY,DELAY,PENDING_COOLDOWN_ACTIVE,0.24756276975630045,0.24756276975630045,,,,2.0,1.0
J,2023-01-01T00:00:00+0000,SHADOW_REQUEST_OR_PENDING,PENDING_AHR_BUY,AHR_VALUE_BUY,BUY,DELAY,PENDING_COOLDOWN_ACTIVE,0.24697309174767204,0.24697309174767204,,,,1.0,1.0
J,2023-01-02T00:00:00+0000,ACTUAL_EXECUTED,TACTICAL_BUYBACK_AHR999_TO_35,AHR_VALUE_BUY,BUY,EXECUTE,,0.2477566925745845,0.35,15445.633853973424,15.453356670900412,7.722816926985246,,
J,2023-01-02T00:00:00+0000,SHADOW_REQUEST_OR_PENDING,PENDING_AHR_BUY,AHR_VALUE_BUY,BUY,EXECUTE,EXECUTED,0.2477566925745845,0.35,,,,0.0,0.0
B,2023-01-03T00:00:00+0000,ACTUAL_EXECUTED,TACTICAL_SELL_STAGE4,RISK_SELL,SELL,EXECUTE,,0.3474167971824025,0.24999999999999994,15347.306538785098,15.339632885515707,7.673653269392158,,
J,2023-01-03T00:00:00+0000,ACTUAL_EXECUTED,TACTICAL_SELL_STAGE4,RISK_SELL,SELL,EXECUTE,,0.35182624077199776,0.25,15437.491359305517,15.429772613625865,7.718745679652365,,
J,2023-01-03T00:00:00+0000,SHADOW_REQUEST_OR_PENDING,TACTICAL_SELL_STAGE4,RISK_SELL,SELL,EXECUTE,EXECUTED,0.35182624077199776,0.25,,,,7.0,0.0
B,2023-01-04T00:00:00+0000,ACTUAL_EXECUTED,TACTICAL_BUYBACK_AHR999_TO_35,AHR_VALUE_BUY,BUY,EXECUTE,,0.2501251846989272,0.3499999999999999,15720.721685168512,15.728582046011095,7.860360842583229,,
J,2023-01-04T00:00:00+0000,SHADOW_REQUEST_OR_PENDING,TACTICAL_BUYBACK_AHR999_TO_35,AHR_VALUE_BUY,BUY,DELAY,AHR_REBUY_COOLDOWN,0.25012688908708514,0.25012688908708514,,,,6.0,1.0
J,2023-01-05T00:00:00+0000,SHADOW_REQUEST_OR_PENDING,PENDING_AHR_BUY,AHR_VALUE_BUY,BUY,DELAY,PENDING_COOLDOWN_ACTIVE,0.25502034573985266,0.25502034573985266,,,,5.0,1.0
J,2023-01-06T00:00:00+0000,SHADOW_REQUEST_OR_PENDING,PENDING_AHR_BUY,AHR_VALUE_BUY,BUY,DELAY,PENDING_COOLDOWN_ACTIVE,0.25445606890100275,0.25445606890100275,,,,4.0,1.0
J,2023-01-07T00:00:00+0000,SHADOW_REQUEST_OR_PENDING,PENDING_AHR_BUY,AHR_VALUE_BUY,BUY,DELAY,PENDING_COOLDOWN_ACTIVE,0.2567215856829172,0.2567215856829172,,,,3.0,1.0
J,2023-01-08T00:00:00+0000,SHADOW_REQUEST_OR_PENDING,PENDING_AHR_BUY,AHR_VALUE_BUY,BUY,DELAY,PENDING_COOLDOWN_ACTIVE,0.25626546207490475,0.25626546207490475,,,,2.0,1.0
J,2023-01-09T00:00:00+0000,SHADOW_REQUEST_OR_PENDING,PENDING_AHR_BUY,AHR_VALUE_BUY,BUY,DELAY,PENDING_COOLDOWN_ACTIVE,0.25957040211860216,0.25957040211860216,,,,1.0,1.0
J,2023-01-10T00:00:00+0000,ACTUAL_EXECUTED,TACTICAL_BUYBACK_AHR999_TO_35,AHR_VALUE_BUY,BUY,EXECUTE,,0.262709237135257,0.35,13447.77942822611,13.45450331794022,6.723889714112058,,
J,2023-01-10T00:00:00+0000,SHADOW_REQUEST_OR_PENDING,PENDING_AHR_BUY,AHR_VALUE_BUY,BUY,EXECUTE,EXECUTED,0.262709237135257,0.35,,,,0.0,0.0
B,2023-01-28T00:00:00+0000,ACTUAL_EXECUTED,TACTICAL_BUYBACK_NEW_BULL_REDEPLOY,TACTICAL_BUYBACK_NEW_BULL_REDEPLOY,BUY,EXECUTE,,0.4211250920809735,0.47557262887932106,9620.032160180523,9.62484217626061,4.810016080089582,,
J,2023-01-28T00:00:00+0000,ACTUAL_EXECUTED,TACTICAL_BUYBACK_NEW_BULL_REDEPLOY,TACTICAL_BUYBACK_NEW_BULL_REDEPLOY,BUY,EXECUTE,,0.4062292815551186,0.4620011695226973,9402.912930196759,9.407614386661859,4.701456465097715,,
J,2023-01-28T00:00:00+0000,SHADOW_REQUEST_OR_PENDING,TACTICAL_BUYBACK_NEW_BULL_REDEPLOY,NEW_BULL_REDEPLOY,BUY,EXECUTE,EXECUTED,0.4062292815551186,0.4620011695226973,,,,0.0,0.0
B,2023-01-29T00:00:00+0000,ACTUAL_EXECUTED,TACTICAL_BUYBACK_NEW_BULL_REDEPLOY,TACTICAL_BUYBACK_NEW_BULL_REDEPLOY,BUY,EXECUTE,,0.4732128374422276,0.5279141327105901,9620.032160180523,9.624842176260612,4.810016080089819,,
J,2023-01-29T00:00:00+0000,ACTUAL_EXECUTED,TACTICAL_BUYBACK_NEW_BULL_REDEPLOY,TACTICAL_BUYBACK_NEW_BULL_REDEPLOY,BUY,EXECUTE,,0.4596612493527061,0.5156849002919411,9402.912930196759,9.407614386661857,4.701456465097947,,
J,2023-01-29T00:00:00+0000,SHADOW_REQUEST_OR_PENDING,TACTICAL_BUYBACK_NEW_BULL_REDEPLOY,NEW_BULL_REDEPLOY,BUY,EXECUTE,EXECUTED,0.4596612493527061,0.5156849002919411,,,,0.0,0.0
B,2023-01-30T00:00:00+0000,ACTUAL_EXECUTED,TACTICAL_BUYBACK_NEW_BULL_REDEPLOY,TACTICAL_BUYBACK_NEW_BULL_REDEPLOY,BUY,EXECUTE,,0.5374601848357866,0.5910648356537681,9620.032160180523,9.62484217626061,4.810016080089798,,
J,2023-01-30T00:00:00+0000,ACTUAL_EXECUTED,TACTICAL_BUYBACK_NEW_BULL_REDEPLOY,TACTICAL_BUYBACK_NEW_BULL_REDEPLOY,BUY,EXECUTE,,0.5252472773480086,0.580174714328159,9402.912930196759,9.407614386661859,4.701456465097927,,
J,2023-01-30T00:00:00+0000,SHADOW_REQUEST_OR_PENDING,TACTICAL_BUYBACK_NEW_BULL_REDEPLOY,NEW_BULL_REDEPLOY,BUY,EXECUTE,EXECUTED,0.5252472773480086,0.580174714328159,,,,0.0,0.0
B,2023-01-31T00:00:00+0000,ACTUAL_EXECUTED,TACTICAL_BUYBACK_NEW_BULL_REDEPLOY,TACTICAL_BUYBACK_NEW_BULL_REDEPLOY,BUY,EXECUTE,,0.5803807218008622,0.6353939600849327,9620.032160180523,9.624842176260612,4.810016080089574,,
J,2023-01-31T00:00:00+0000,ACTUAL_EXECUTED,TACTICAL_BUYBACK_NEW_BULL_REDEPLOY,TACTICAL_BUYBACK_NEW_BULL_REDEPLOY,BUY,EXECUTE,,0.5694230847845494,0.6257656909267287,9402.912930196759,9.407614386661857,4.701456465097707,,
J,2023-01-31T00:00:00+0000,SHADOW_REQUEST_OR_PENDING,TACTICAL_BUYBACK_NEW_BULL_REDEPLOY,NEW_BULL_REDEPLOY,BUY,EXECUTE,EXECUTED,0.5694230847845494,0.6257656909267287,,,,0.0,0.0
B,2023-02-01T00:00:00+0000,ACTUAL_EXECUTED,TACTICAL_BUYBACK_NEW_BULL_REDEPLOY,TACTICAL_BUYBACK_NEW_BULL_REDEPLOY,BUY,EXECUTE,,0.6383215047731633,0.6929022289969903,9620.032160180523,9.624842176260612,4.810016080089946,,
J,2023-02-01T00:00:00+0000,ACTUAL_EXECUTED,TACTICAL_BUYBACK_NEW_BULL_REDEPLOY,TACTICAL_BUYBACK_NEW_BULL_REDEPLOY,BUY,EXECUTE,,0.6287276349104828,0.6846339623054974,9402.912930196759,9.407614386661859,4.701456465098072,,
J,2023-02-01T00:00:00+0000,SHADOW_REQUEST_OR_PENDING,TACTICAL_BUYBACK_NEW_BULL_REDEPLOY,NEW_BULL_REDEPLOY,BUY,EXECUTE,EXECUTED,0.6287276349104828,0.6846339623054974,,,,0.0,0.0
B,2023-02-02T00:00:00+0000,ACTUAL_EXECUTED,TACTICAL_BUYBACK_NEW_BULL_REDEPLOY,TACTICAL_BUYBACK_NEW_BULL_REDEPLOY,BUY,EXECUTE,,0.6993191129748094,0.7527685278412932,9620.03216018052,9.62484217626061,4.810016080090275,,
J,2023-02-02T00:00:00+0000,ACTUAL_EXECUTED,TACTICAL_BUYBACK_NEW_BULL_REDEPLOY,TACTICAL_BUYBACK_NEW_BULL_REDEPLOY,BUY,EXECUTE,,0.6911410777821252,0.7459034778278016,9402.912930196759,9.407614386661857,4.701456465098394,,
J,2023-02-02T00:00:00+0000,SHADOW_REQUEST_OR_PENDING,TACTICAL_BUYBACK_NEW_BULL_REDEPLOY,NEW_BULL_REDEPLOY,BUY,EXECUTE,EXECUTED,0.6911410777821252,0.7459034778278016,,,,0.0,0.0
B,2023-02-03T00:00:00+0000,ACTUAL_EXECUTED,TACTICAL_BUYBACK_NEW_BULL_REDEPLOY,TACTICAL_BUYBACK_NEW_BULL_REDEPLOY,BUY,EXECUTE,,0.7518630634826737,0.805516771685817,9620.03216018052,9.62484217626061,4.810016080089538,,
J,2023-02-03T00:00:00+0000,ACTUAL_EXECUTED,TACTICAL_BUYBACK_NEW_BULL_REDEPLOY,TACTICAL_BUYBACK_NEW_BULL_REDEPLOY,BUY,EXECUTE,,0.7449749085193763,0.7999463960756888,9402.912930196762,9.407614386661859,4.701456465097674,,
J,2023-02-03T00:00:00+0000,SHADOW_REQUEST_OR_PENDING,TACTICAL_BUYBACK_NEW_BULL_REDEPLOY,NEW_BULL_REDEPLOY,BUY,EXECUTE,EXECUTED,0.7449749085193763,0.7999463960756888,,,,0.0,0.0
B,2023-02-04T00:00:00+0000,ACTUAL_EXECUTED,TACTICAL_BUYBACK_NEW_BULL_REDEPLOY,TACTICAL_BUYBACK_NEW_BULL_REDEPLOY,BUY,EXECUTE,,0.8062405461782407,0.8597032205554681,9620.032160180519,9.624842176260609,4.810016080089314,,
J,2023-02-04T00:00:00+0000,ACTUAL_EXECUTED,TACTICAL_BUYBACK_NEW_BULL_REDEPLOY,TACTICAL_BUYBACK_NEW_BULL_REDEPLOY,BUY,EXECUTE,,0.80067824875622,0.8554577047243568,9402.91293019676,9.407614386661859,4.701456465097456,,
J,2023-02-04T00:00:00+0000,SHADOW_REQUEST_OR_PENDING,TACTICAL_BUYBACK_NEW_BULL_REDEPLOY,NEW_BULL_REDEPLOY,BUY,EXECUTE,EXECUTED,0.80067824875622,0.8554577047243568,,,,0.0,0.0
B,2023-02-05T00:00:00+0000,ACTUAL_EXECUTED,TACTICAL_BUYBACK_NEW_BULL_REDEPLOY,TACTICAL_BUYBACK_NEW_BULL_REDEPLOY,BUY,EXECUTE,,0.8595245768634161,0.9130638967056314,9620.03216018052,9.62484217626061,4.810016080089518,,
J,2023-02-05T00:00:00+0000,ACTUAL_EXECUTED,TACTICAL_BUYBACK_NEW_BULL_REDEPLOY,TACTICAL_BUYBACK_NEW_BULL_REDEPLOY,BUY,EXECUTE,,0.8552724276428102,0.9101310983381261,9402.912930196759,9.407614386661857,4.701456465097653,,
J,2023-02-05T00:00:00+0000,SHADOW_REQUEST_OR_PENDING,TACTICAL_BUYBACK_NEW_BULL_REDEPLOY,NEW_BULL_REDEPLOY,BUY,EXECUTE,EXECUTED,0.8552724276428102,0.9101310983381261,,,,0.0,0.0
B,2023-03-08T00:00:00+0000,ACTUAL_EXECUTED,TACTICAL_SELL_STAGE1,RISK_SELL,SELL,EXECUTE,,0.9086555113273062,0.8500000000000001,10056.43313279829,10.051404916231894,5.028216566398489,,
J,2023-03-08T00:00:00+0000,ACTUAL_EXECUTED,TACTICAL_SELL_STAGE1,RISK_SELL,SELL,EXECUTE,,0.9056039083918659,0.85,9096.802321420071,9.092253920259362,4.548401160709441,,
J,2023-03-08T00:00:00+0000,SHADOW_REQUEST_OR_PENDING,TACTICAL_SELL_STAGE1,RISK_SELL,SELL,EXECUTE,EXECUTED,0.9056039083918659,0.85,,,,7.0,0.0
B,2023-03-09T00:00:00+0000,ACTUAL_EXECUTED,TACTICAL_SELL_STAGE2,RISK_SELL,SELL,EXECUTE,,0.8473226319469223,0.7,24807.623542394034,24.79521973062284,12.40381177119576,,
J,2023-03-09T00:00:00+0000,ACTUAL_EXECUTED,TACTICAL_SELL_STAGE2,RISK_SELL,SELL,EXECUTE,,0.8473213940270304,0.6999999999999998,23671.636067735883,23.659800249702016,11.835818033866744,,
J,2023-03-09T00:00:00+0000,SHADOW_REQUEST_OR_PENDING,TACTICAL_SELL_STAGE2,RISK_SELL,SELL,EXECUTE,EXECUTED,0.8473213940270304,0.6999999999999998,,,,7.0,0.0
B,2023-03-12T00:00:00+0000,ACTUAL_EXECUTED,TACTICAL_SELL_STAGE3,RISK_SELL,SELL,EXECUTE,,0.6894692671132863,0.55,22678.64235295354,22.667303031777067,11.339321176473906,,
J,2023-03-12T00:00:00+0000,ACTUAL_EXECUTED,TACTICAL_SELL_STAGE3,RISK_SELL,SELL,EXECUTE,,0.6894529319503733,0.55,21636.654016554203,21.62583568954593,10.81832700827437,,
J,2023-03-12T00:00:00+0000,SHADOW_REQUEST_OR_PENDING,TACTICAL_SELL_STAGE3,RISK_SELL,SELL,EXECUTE,EXECUTED,0.6894529319503733,0.55,,,,7.0,0.0
B,2023-11-02T00:00:00+0000,ACTUAL_EXECUTED,TACTICAL_SELL_DRIFT,RISK_SELL,SELL,EXECUTE,,0.6506570377641167,0.55,21079.110658240388,21.06857110291127,10.539555329120605,,
J,2023-11-02T00:00:00+0000,ACTUAL_EXECUTED,TACTICAL_SELL_DRIFT,RISK_SELL,SELL,EXECUTE,,0.6513725376877723,0.55,20297.511158439374,20.287362402860154,10.148755579220081,,
J,2023-11-02T00:00:00+0000,SHADOW_REQUEST_OR_PENDING,TACTICAL_SELL_DRIFT,RISK_SELL,SELL,EXECUTE,EXECUTED,0.6513725376877723,0.55,,,,7.0,0.0
B,2024-02-19T00:00:00+0000,ACTUAL_EXECUTED,TACTICAL_SELL_DRIFT,RISK_SELL,SELL,EXECUTE,,0.6507810822661695,0.55,27191.69614092938,27.178100292858915,13.59584807046432,,
J,2024-02-19T00:00:00+0000,ACTUAL_EXECUTED,TACTICAL_SELL_DRIFT,RISK_SELL,SELL,EXECUTE,,0.6507815327738683,0.55,25998.76184138873,25.985762460468035,12.999380920694012,,
J,2024-02-19T00:00:00+0000,SHADOW_REQUEST_OR_PENDING,TACTICAL_SELL_DRIFT,RISK_SELL,SELL,EXECUTE,EXECUTED,0.6507815327738683,0.55,,,,7.0,0.0
B,2024-11-22T00:00:00+0000,ACTUAL_EXECUTED,TACTICAL_SELL_DRIFT,RISK_SELL,SELL,EXECUTE,,0.6599393741505986,0.55,39247.31633701056,39.22769267884206,19.62365816850449,,
J,2024-11-22T00:00:00+0000,ACTUAL_EXECUTED,TACTICAL_SELL_DRIFT,RISK_SELL,SELL,EXECUTE,,0.6610903910900127,0.55,38045.03923091576,38.0260167113003,19.022519615457117,,
J,2024-11-22T00:00:00+0000,SHADOW_REQUEST_OR_PENDING,TACTICAL_SELL_DRIFT,RISK_SELL,SELL,EXECUTE,EXECUTED,0.6610903910900127,0.55,,,,7.0,0.0
B,2025-11-21T00:00:00+0000,ACTUAL_EXECUTED,TACTICAL_SELL_STAGE4,RISK_SELL,SELL,EXECUTE,,0.5215485067381412,0.2500000000000001,91118.27517204308,91.07271603445706,45.559137586022814,,
J,2025-11-21T00:00:00+0000,ACTUAL_EXECUTED,TACTICAL_SELL_STAGE4,RISK_SELL,SELL,EXECUTE,,0.5219224185739255,0.25000000000000006,87600.47233193259,87.55667209576663,43.80023616596752,,
J,2025-11-21T00:00:00+0000,SHADOW_REQUEST_OR_PENDING,TACTICAL_SELL_STAGE4,RISK_SELL,SELL,EXECUTE,EXECUTED,0.5219224185739255,0.25000000000000006,,,,7.0,0.0
B,2026-02-06T00:00:00+0000,ACTUAL_EXECUTED,TACTICAL_BUYBACK_AHR999_TO_35,AHR_VALUE_BUY,BUY,EXECUTE,,0.19168848761479726,0.35,49224.41005749657,49.249022262525315,24.612205028745358,,
J,2026-02-06T00:00:00+0000,ACTUAL_EXECUTED,TACTICAL_BUYBACK_AHR999_TO_35,AHR_VALUE_BUY,BUY,EXECUTE,,0.19209149819913585,0.3499999999999999,47163.262044212905,47.18684367523501,23.581631022103643,,
J,2026-02-06T00:00:00+0000,SHADOW_REQUEST_OR_PENDING,TACTICAL_BUYBACK_AHR999_TO_35,AHR_VALUE_BUY,BUY,EXECUTE,EXECUTED,0.19209149819913585,0.3499999999999999,,,,0.0,0.0
B,2026-02-13T00:00:00+0000,ACTUAL_EXECUTED,TACTICAL_SELL_STAGE4,RISK_SELL,SELL,EXECUTE,,0.3629508726180662,0.25000000000000006,35858.41992461054,35.84049071464824,17.929209962300714,,
J,2026-02-13T00:00:00+0000,ACTUAL_EXECUTED,TACTICAL_SELL_STAGE4,RISK_SELL,SELL,EXECUTE,,0.36294507613360105,0.25,34441.69452118307,34.42447367392248,17.220847260587156,,
J,2026-02-13T00:00:00+0000,SHADOW_REQUEST_OR_PENDING,TACTICAL_SELL_STAGE4,RISK_SELL,SELL,EXECUTE,EXECUTED,0.36294507613360105,0.25,,,,7.0,0.0
B,2026-02-14T00:00:00+0000,ACTUAL_EXECUTED,TACTICAL_BUYBACK_AHR999_TO_35,AHR_VALUE_BUY,BUY,EXECUTE,,0.2579324940722363,0.35000000000000003,29509.062106712285,29.52381663776564,14.754531053355066,,
J,2026-02-14T00:00:00+0000,SHADOW_REQUEST_OR_PENDING,TACTICAL_BUYBACK_AHR999_TO_35,AHR_VALUE_BUY,BUY,DELAY,AHR_REBUY_COOLDOWN,0.25788232262850413,0.25788232262850413,,,,6.0,1.0
J,2026-02-15T00:00:00+0000,SHADOW_REQUEST_OR_PENDING,PENDING_AHR_BUY,AHR_VALUE_BUY,BUY,DELAY,PENDING_COOLDOWN_ACTIVE,0.26082933803485253,0.26082933803485253,,,,5.0,1.0
J,2026-02-16T00:00:00+0000,SHADOW_REQUEST_OR_PENDING,PENDING_AHR_BUY,AHR_VALUE_BUY,BUY,DELAY,PENDING_COOLDOWN_ACTIVE,0.25582448299093336,0.25582448299093336,,,,4.0,1.0
J,2026-02-17T00:00:00+0000,SHADOW_REQUEST_OR_PENDING,PENDING_AHR_BUY,AHR_VALUE_BUY,BUY,DELAY,PENDING_COOLDOWN_ACTIVE,0.2567840130117972,0.2567840130117972,,,,3.0,1.0
J,2026-02-18T00:00:00+0000,SHADOW_REQUEST_OR_PENDING,PENDING_AHR_BUY,AHR_VALUE_BUY,BUY,DELAY,PENDING_COOLDOWN_ACTIVE,0.25379113855734986,0.25379113855734986,,,,2.0,1.0
J,2026-02-19T00:00:00+0000,SHADOW_REQUEST_OR_PENDING,PENDING_AHR_BUY,AHR_VALUE_BUY,BUY,DELAY,PENDING_COOLDOWN_ACTIVE,0.25076667548093995,0.25076667548093995,,,,1.0,1.0
J,2026-02-20T00:00:00+0000,ACTUAL_EXECUTED,TACTICAL_BUYBACK_AHR999_TO_35,AHR_VALUE_BUY,BUY,EXECUTE,,0.25174226769371005,0.35,30000.9012028035,30.015901653404896,15.000450601400907,,
J,2026-02-20T00:00:00+0000,SHADOW_REQUEST_OR_PENDING,PENDING_AHR_BUY,AHR_VALUE_BUY,BUY,EXECUTE,EXECUTED,0.25174226769371005,0.35,,,,0.0,0.0
B,2026-02-21T00:00:00+0000,ACTUAL_EXECUTED,TACTICAL_SELL_STAGE4,RISK_SELL,SELL,EXECUTE,,0.34550007044283343,0.25,30422.336799384346,30.407125630984655,15.211168399690417,,
J,2026-02-21T00:00:00+0000,ACTUAL_EXECUTED,TACTICAL_SELL_STAGE4,RISK_SELL,SELL,EXECUTE,,0.35313586101286726,0.25,31666.29770319942,31.650464554347824,15.833148851597883,,
J,2026-02-21T00:00:00+0000,SHADOW_REQUEST_OR_PENDING,TACTICAL_SELL_STAGE4,RISK_SELL,SELL,EXECUTE,EXECUTED,0.35313586101286726,0.25,,,,7.0,0.0
B,2026-02-22T00:00:00+0000,ACTUAL_EXECUTED,TACTICAL_BUYBACK_AHR999_TO_35,AHR_VALUE_BUY,BUY,EXECUTE,,0.2500496520103038,0.35000000000000003,31809.18201411879,31.825086605125847,15.904591007056602,,
J,2026-02-22T00:00:00+0000,SHADOW_REQUEST_OR_PENDING,TACTICAL_BUYBACK_AHR999_TO_35,AHR_VALUE_BUY,BUY,DELAY,AHR_REBUY_COOLDOWN,0.2500442798967382,0.2500442798967382,,,,6.0,1.0
J,2026-02-23T00:00:00+0000,SHADOW_REQUEST_OR_PENDING,PENDING_AHR_BUY,AHR_VALUE_BUY,BUY,DELAY,PENDING_COOLDOWN_ACTIVE,0.249002641358586,0.249002641358586,,,,5.0,1.0
J,2026-02-24T00:00:00+0000,SHADOW_REQUEST_OR_PENDING,PENDING_AHR_BUY,AHR_VALUE_BUY,BUY,DELAY,PENDING_COOLDOWN_ACTIVE,0.2402937478565097,0.2402937478565097,,,,4.0,1.0
J,2026-02-25T00:00:00+0000,SHADOW_REQUEST_OR_PENDING,PENDING_AHR_BUY,AHR_VALUE_BUY,BUY,DELAY,PENDING_COOLDOWN_ACTIVE,0.23897031651576905,0.23897031651576905,,,,3.0,1.0
J,2026-02-26T00:00:00+0000,SHADOW_REQUEST_OR_PENDING,PENDING_AHR_BUY,AHR_VALUE_BUY,BUY,DELAY,PENDING_COOLDOWN_ACTIVE,0.2522620307308977,0.2522620307308977,,,,2.0,1.0
J,2026-02-27T00:00:00+0000,SHADOW_REQUEST_OR_PENDING,PENDING_AHR_BUY,AHR_VALUE_BUY,BUY,DELAY,PENDING_COOLDOWN_ACTIVE,0.2505431715125394,0.2505431715125394,,,,1.0,1.0
J,2026-02-28T00:00:00+0000,ACTUAL_EXECUTED,TACTICAL_BUYBACK_AHR999_TO_35,AHR_VALUE_BUY,BUY,EXECUTE,,0.2448124279404313,0.35000000000000003,32040.930266273244,32.05695073140638,16.02046513313441,,
J,2026-02-28T00:00:00+0000,SHADOW_REQUEST_OR_PENDING,PENDING_AHR_BUY,AHR_VALUE_BUY,BUY,EXECUTE,EXECUTED,0.2448124279404313,0.35000000000000003,,,,0.0,0.0
B,2026-03-01T00:00:00+0000,ACTUAL_EXECUTED,TACTICAL_SELL_STAGE4,RISK_SELL,SELL,EXECUTE,,0.3475076347786218,0.25,30936.824575349652,30.921356163061983,15.468412287674045,,
J,2026-03-01T00:00:00+0000,ACTUAL_EXECUTED,TACTICAL_SELL_STAGE4,RISK_SELL,SELL,EXECUTE,,0.35390048301327887,0.25,31863.05462373654,31.847123096424674,15.931527311867463,,
J,2026-03-01T00:00:00+0000,SHADOW_REQUEST_OR_PENDING,TACTICAL_SELL_STAGE4,RISK_SELL,SELL,EXECUTE,EXECUTED,0.35390048301327887,0.25,,,,7.0,0.0
B,2026-03-02T00:00:00+0000,ACTUAL_EXECUTED,TACTICAL_BUYBACK_AHR999_TO_35,AHR_VALUE_BUY,BUY,EXECUTE,,0.2469477273021032,0.35000000000000003,32528.98458657883,32.54524907887212,16.26449229328838,,
J,2026-03-02T00:00:00+0000,SHADOW_REQUEST_OR_PENDING,TACTICAL_BUYBACK_AHR999_TO_35,AHR_VALUE_BUY,BUY,DELAY,AHR_REBUY_COOLDOWN,0.24690274186921835,0.24690274186921835,,,,6.0,1.0
J,2026-03-03T00:00:00+0000,SHADOW_REQUEST_OR_PENDING,PENDING_AHR_BUY,AHR_VALUE_BUY,BUY,DELAY,PENDING_COOLDOWN_ACTIVE,0.2554172392323429,0.2554172392323429,,,,5.0,1.0
J,2026-03-04T00:00:00+0000,SHADOW_REQUEST_OR_PENDING,PENDING_AHR_BUY,AHR_VALUE_BUY,BUY,DELAY,PENDING_COOLDOWN_ACTIVE,0.2533291187808832,0.2533291187808832,,,,4.0,1.0
J,2026-03-05T00:00:00+0000,SHADOW_REQUEST_OR_PENDING,PENDING_AHR_BUY,AHR_VALUE_BUY,BUY,CANCEL,AHR_VALUE_CONDITION_DISAPPEARED,0.2656173641709449,0.2656173641709449,,,,3.0,0.0
B,2026-03-06T00:00:00+0000,ACTUAL_EXECUTED,TACTICAL_BUYBACK_RIGHT_TO_50,RIGHT_SIDE_BUY,BUY,EXECUTE,,0.3667228369080059,0.5000000000000001,43163.53874753743,43.1851205169112,21.581769373765937,,
J,2026-03-06T00:00:00+0000,ACTUAL_EXECUTED,TACTICAL_BUYBACK_RIGHT_TO_50,RIGHT_SIDE_BUY,BUY,EXECUTE,,0.2607824369275543,0.5,74336.68837404072,74.37385671822774,37.16834418701558,,
J,2026-03-06T00:00:00+0000,SHADOW_REQUEST_OR_PENDING,TACTICAL_BUYBACK_RIGHT_TO_50,RIGHT_SIDE_TO_50,BUY,EXECUTE,EXECUTED,0.2607824369275543,0.5,,,,2.0,0.0
B,2026-03-13T00:00:00+0000,ACTUAL_EXECUTED,TACTICAL_SELL_STAGE4,RISK_SELL,SELL,EXECUTE,,0.49931541947708896,0.24999999999999994,80709.50435173458,80.66914959955872,40.35475217586714,,
J,2026-03-13T00:00:00+0000,ACTUAL_EXECUTED,TACTICAL_SELL_STAGE4,RISK_SELL,SELL,EXECUTE,,0.4993277884886323,0.25,77432.46927819394,77.39375304355484,38.716234639096825,,
J,2026-03-13T00:00:00+0000,SHADOW_REQUEST_OR_PENDING,TACTICAL_SELL_STAGE4,RISK_SELL,SELL,EXECUTE,EXECUTED,0.4993277884886323,0.25,,,,7.0,0.0
B,2026-03-22T00:00:00+0000,ACTUAL_EXECUTED,TACTICAL_BUYBACK_AHR999_TO_35,AHR_VALUE_BUY,BUY,EXECUTE,,0.24738003597907346,0.35000000000000003,33062.96952365466,33.079501008416486,16.53148476182527,,
J,2026-03-22T00:00:00+0000,ACTUAL_EXECUTED,TACTICAL_BUYBACK_AHR999_TO_35,AHR_VALUE_BUY,BUY,EXECUTE,,0.24731715304147908,0.35,31735.70267232601,31.75157052366217,15.867851336161026,,
J,2026-03-22T00:00:00+0000,SHADOW_REQUEST_OR_PENDING,TACTICAL_BUYBACK_AHR999_TO_35,AHR_VALUE_BUY,BUY,EXECUTE,EXECUTED,0.24731715304147908,0.35,,,,0.0,0.0
B,2026-03-29T00:00:00+0000,ACTUAL_EXECUTED,TACTICAL_SELL_STAGE4,RISK_SELL,SELL,EXECUTE,,0.34120337804548423,0.25,29014.301032438536,28.999793881922315,14.507150516217205,,
J,2026-03-29T00:00:00+0000,ACTUAL_EXECUTED,TACTICAL_SELL_STAGE4,RISK_SELL,SELL,EXECUTE,,0.34124150950587306,0.24999999999999994,27845.07426422614,27.83115172709403,13.92253713211109,,
J,2026-03-29T00:00:00+0000,SHADOW_REQUEST_OR_PENDING,TACTICAL_SELL_STAGE4,RISK_SELL,SELL,EXECUTE,EXECUTED,0.34124150950587306,0.24999999999999994,,,,7.0,0.0
B,2026-03-30T00:00:00+0000,ACTUAL_EXECUTED,TACTICAL_BUYBACK_AHR999_TO_35,AHR_VALUE_BUY,BUY,EXECUTE,,0.24902699032990533,0.3500000000000001,32046.988771882257,32.06301226626819,16.02349438593915,,
J,2026-03-30T00:00:00+0000,SHADOW_REQUEST_OR_PENDING,TACTICAL_BUYBACK_AHR999_TO_35,AHR_VALUE_BUY,BUY,DELAY,AHR_REBUY_COOLDOWN,0.24899399425399302,0.24899399425399302,,,,6.0,1.0
J,2026-03-31T00:00:00+0000,SHADOW_REQUEST_OR_PENDING,PENDING_AHR_BUY,AHR_VALUE_BUY,BUY,DELAY,PENDING_COOLDOWN_ACTIVE,0.25171261163784253,0.25171261163784253,,,,5.0,1.0
J,2026-04-01T00:00:00+0000,SHADOW_REQUEST_OR_PENDING,PENDING_AHR_BUY,AHR_VALUE_BUY,BUY,DELAY,PENDING_COOLDOWN_ACTIVE,0.2567470153434597,0.2567470153434597,,,,4.0,1.0
J,2026-04-02T00:00:00+0000,SHADOW_REQUEST_OR_PENDING,PENDING_AHR_BUY,AHR_VALUE_BUY,BUY,DELAY,PENDING_COOLDOWN_ACTIVE,0.2573066404749683,0.2573066404749683,,,,3.0,1.0
J,2026-04-03T00:00:00+0000,SHADOW_REQUEST_OR_PENDING,PENDING_AHR_BUY,AHR_VALUE_BUY,BUY,DELAY,PENDING_COOLDOWN_ACTIVE,0.25278460328785096,0.25278460328785096,,,,2.0,1.0
J,2026-04-04T00:00:00+0000,SHADOW_REQUEST_OR_PENDING,PENDING_AHR_BUY,AHR_VALUE_BUY,BUY,DELAY,PENDING_COOLDOWN_ACTIVE,0.252868162017632,0.252868162017632,,,,1.0,1.0
J,2026-04-05T00:00:00+0000,ACTUAL_EXECUTED,TACTICAL_BUYBACK_AHR999_TO_35,AHR_VALUE_BUY,BUY,EXECUTE,,0.25387303992283816,0.35000000000000003,29458.05721588603,29.47278624449397,14.729028607939494,,
J,2026-04-05T00:00:00+0000,SHADOW_REQUEST_OR_PENDING,PENDING_AHR_BUY,AHR_VALUE_BUY,BUY,EXECUTE,EXECUTED,0.25387303992283816,0.35000000000000003,,,,0.0,0.0
B,2026-04-06T00:00:00+0000,ACTUAL_EXECUTED,TACTICAL_SELL_STAGE4,RISK_SELL,SELL,EXECUTE,,0.3616023827851096,0.24999999999999994,36091.74175945256,36.073695888572836,18.045870879724053,,
J,2026-04-06T00:00:00+0000,ACTUAL_EXECUTED,TACTICAL_SELL_STAGE4,RISK_SELL,SELL,EXECUTE,,0.3555486497283203,0.25,32648.8129758949,32.63248856940696,16.324406487945435,,
J,2026-04-06T00:00:00+0000,SHADOW_REQUEST_OR_PENDING,TACTICAL_SELL_STAGE4,RISK_SELL,SELL,EXECUTE,EXECUTED,0.3555486497283203,0.25,,,,7.0,0.0
B,2026-06-04T00:00:00+0000,ACTUAL_EXECUTED,TACTICAL_BUYBACK_AHR999_TO_35,AHR_VALUE_BUY,BUY,EXECUTE,,0.2340206872299203,0.35,36685.55647058661,36.7038992488219,18.342778235292187,,
J,2026-06-04T00:00:00+0000,ACTUAL_EXECUTED,TACTICAL_BUYBACK_AHR999_TO_35,AHR_VALUE_BUY,BUY,EXECUTE,,0.23430722863006057,0.35,35016.082947777504,35.033590989251394,17.50804147388768,,
J,2026-06-04T00:00:00+0000,SHADOW_REQUEST_OR_PENDING,TACTICAL_BUYBACK_AHR999_TO_35,AHR_VALUE_BUY,BUY,EXECUTE,EXECUTED,0.23430722863006057,0.35,,,,0.0,0.0
B,2026-06-05T00:00:00+0000,ACTUAL_EXECUTED,TACTICAL_SELL_STAGE4,RISK_SELL,SELL,EXECUTE,,0.34777271853934444,0.25,30842.931103446543,30.827509637894824,15.421465551722166,,
J,2026-06-05T00:00:00+0000,ACTUAL_EXECUTED,TACTICAL_SELL_STAGE4,RISK_SELL,SELL,EXECUTE,,0.34780356758285996,0.25000000000000006,29523.706836384215,29.50894498296602,14.761853418191047,,
J,2026-06-05T00:00:00+0000,SHADOW_REQUEST_OR_PENDING,TACTICAL_SELL_STAGE4,RISK_SELL,SELL,EXECUTE,EXECUTED,0.34780356758285996,0.25000000000000006,,,,7.0,0.0
B,2026-06-06T00:00:00+0000,ACTUAL_EXECUTED,TACTICAL_BUYBACK_AHR999_TO_35,AHR_VALUE_BUY,BUY,EXECUTE,,0.23840230445993682,0.35,34631.772742420624,34.64908862879184,17.31588637120952,,
J,2026-06-06T00:00:00+0000,SHADOW_REQUEST_OR_PENDING,TACTICAL_BUYBACK_AHR999_TO_35,AHR_VALUE_BUY,BUY,DELAY,AHR_REBUY_COOLDOWN,0.23857336094336537,0.23857336094336537,,,,6.0,1.0
J,2026-06-07T00:00:00+0000,SHADOW_REQUEST_OR_PENDING,PENDING_AHR_BUY,AHR_VALUE_BUY,BUY,DELAY,PENDING_COOLDOWN_ACTIVE,0.23783096950617497,0.23783096950617497,,,,5.0,1.0
J,2026-06-08T00:00:00+0000,SHADOW_REQUEST_OR_PENDING,PENDING_AHR_BUY,AHR_VALUE_BUY,BUY,DELAY,PENDING_COOLDOWN_ACTIVE,0.24667789520411568,0.24667789520411568,,,,4.0,1.0
J,2026-06-09T00:00:00+0000,SHADOW_REQUEST_OR_PENDING,PENDING_AHR_BUY,AHR_VALUE_BUY,BUY,DELAY,PENDING_COOLDOWN_ACTIVE,0.24616680034871113,0.24616680034871113,,,,3.0,1.0
J,2026-06-10T00:00:00+0000,SHADOW_REQUEST_OR_PENDING,PENDING_AHR_BUY,AHR_VALUE_BUY,BUY,DELAY,PENDING_COOLDOWN_ACTIVE,0.24177750481501645,0.24177750481501645,,,,2.0,1.0
J,2026-06-11T00:00:00+0000,SHADOW_REQUEST_OR_PENDING,PENDING_AHR_BUY,AHR_VALUE_BUY,BUY,DELAY,PENDING_COOLDOWN_ACTIVE,0.24081655612650074,0.24081655612650074,,,,1.0,1.0
J,2026-06-12T00:00:00+0000,ACTUAL_EXECUTED,TACTICAL_BUYBACK_AHR999_TO_35,AHR_VALUE_BUY,BUY,EXECUTE,,0.24697380475734051,0.3499999999999999,30942.894034773406,30.958365481790793,15.471447017384996,,
J,2026-06-12T00:00:00+0000,SHADOW_REQUEST_OR_PENDING,PENDING_AHR_BUY,AHR_VALUE_BUY,BUY,EXECUTE,EXECUTED,0.24697380475734051,0.3499999999999999,,,,0.0,0.0
B,2026-06-13T00:00:00+0000,ACTUAL_EXECUTED,TACTICAL_SELL_STAGE4,RISK_SELL,SELL,EXECUTE,,0.36016838697384834,0.25,34757.0025301787,34.73962402891361,17.378501265087227,,
J,2026-06-13T00:00:00+0000,ACTUAL_EXECUTED,TACTICAL_SELL_STAGE4,RISK_SELL,SELL,EXECUTE,,0.349634399060369,0.25,29929.683051618125,29.914718210092317,14.964841525807234,,
J,2026-06-13T00:00:00+0000,SHADOW_REQUEST_OR_PENDING,TACTICAL_SELL_STAGE4,RISK_SELL,SELL,EXECUTE,EXECUTED,0.349634399060369,0.25,,,,7.0,0.0
B,2026-06-14T00:00:00+0000,ACTUAL_EXECUTED,TACTICAL_BUYBACK_AHR999_TO_35,AHR_VALUE_BUY,BUY,EXECUTE,,0.25236402390355006,0.35,30867.654782787267,30.88308861017866,15.43382739139104,,
J,2026-06-14T00:00:00+0000,SHADOW_REQUEST_OR_PENDING,TACTICAL_BUYBACK_AHR999_TO_35,AHR_VALUE_BUY,BUY,DELAY,AHR_REBUY_COOLDOWN,0.25238000744161765,0.25238000744161765,,,,6.0,1.0
J,2026-06-15T00:00:00+0000,SHADOW_REQUEST_OR_PENDING,PENDING_AHR_BUY,AHR_VALUE_BUY,BUY,DELAY,PENDING_COOLDOWN_ACTIVE,0.2564627871844174,0.2564627871844174,,,,5.0,1.0
J,2026-06-16T00:00:00+0000,SHADOW_REQUEST_OR_PENDING,PENDING_AHR_BUY,AHR_VALUE_BUY,BUY,CANCEL,AHR_VALUE_CONDITION_DISAPPEARED,0.2596954108119753,0.2596954108119753,,,,4.0,0.0
B,2026-06-21T00:00:00+0000,ACTUAL_EXECUTED,TACTICAL_SELL_STAGE4,RISK_SELL,SELL,EXECUTE,,0.3521633181146019,0.25000000000000006,32431.260920605862,32.41504529014556,16.215630460301956,,
J,2026-06-21T00:00:00+0000,SHADOW_REQUEST_OR_PENDING,TACTICAL_SELL_STAGE4,RISK_SELL,SELL,EXECUTE,EXECUTE_NO_FILL_AT_TARGET,0.2539084557764358,0.2539084557764358,,,,7.0,0.0
B,2026-06-22T00:00:00+0000,ACTUAL_EXECUTED,TACTICAL_BUYBACK_AHR999_TO_35,AHR_VALUE_BUY,BUY,EXECUTE,,0.24691967849488652,0.35,32554.209521935532,32.5704866266965,16.277104760966402,,
J,2026-06-22T00:00:00+0000,SHADOW_REQUEST_OR_PENDING,TACTICAL_BUYBACK_AHR999_TO_35,AHR_VALUE_BUY,BUY,DELAY,AHR_REBUY_COOLDOWN,0.2508116970356512,0.2508116970356512,,,,6.0,1.0
J,2026-06-23T00:00:00+0000,SHADOW_REQUEST_OR_PENDING,PENDING_AHR_BUY,AHR_VALUE_BUY,BUY,DELAY,PENDING_COOLDOWN_ACTIVE,0.2529973150169458,0.2529973150169458,,,,5.0,1.0
J,2026-06-24T00:00:00+0000,SHADOW_REQUEST_OR_PENDING,PENDING_AHR_BUY,AHR_VALUE_BUY,BUY,DELAY,PENDING_COOLDOWN_ACTIVE,0.24846469535969998,0.24846469535969998,,,,4.0,1.0
J,2026-06-25T00:00:00+0000,SHADOW_REQUEST_OR_PENDING,PENDING_AHR_BUY,AHR_VALUE_BUY,BUY,DELAY,PENDING_COOLDOWN_ACTIVE,0.24350469933394978,0.24350469933394978,,,,3.0,1.0
J,2026-06-26T00:00:00+0000,SHADOW_REQUEST_OR_PENDING,PENDING_AHR_BUY,AHR_VALUE_BUY,BUY,DELAY,PENDING_COOLDOWN_ACTIVE,0.2390548444665981,0.2390548444665981,,,,2.0,1.0
J,2026-06-27T00:00:00+0000,SHADOW_REQUEST_OR_PENDING,PENDING_AHR_BUY,AHR_VALUE_BUY,BUY,DELAY,PENDING_COOLDOWN_ACTIVE,0.24008928054255652,0.24008928054255652,,,,1.0,1.0
J,2026-06-28T00:00:00+0000,ACTUAL_EXECUTED,TACTICAL_BUYBACK_AHR999_TO_35,AHR_VALUE_BUY,BUY,EXECUTE,,0.23982825649904707,0.35000000000000003,32617.9606536808,32.63426963400764,16.30898032683863,,
J,2026-06-28T00:00:00+0000,SHADOW_REQUEST_OR_PENDING,PENDING_AHR_BUY,AHR_VALUE_BUY,BUY,EXECUTE,EXECUTED,0.23982825649904707,0.35000000000000003,,,,0.0,0.0
B,2026-06-29T00:00:00+0000,ACTUAL_EXECUTED,TACTICAL_SELL_STAGE4,RISK_SELL,SELL,EXECUTE,,0.3350199096896362,0.25,26265.18459956529,26.25205200726551,13.132592299781022,,
J,2026-06-29T00:00:00+0000,ACTUAL_EXECUTED,TACTICAL_SELL_STAGE4,RISK_SELL,SELL,EXECUTE,,0.34872270765065483,0.25,29192.42382174509,29.17782760983422,14.59621191087074,,
J,2026-06-29T00:00:00+0000,SHADOW_REQUEST_OR_PENDING,TACTICAL_SELL_STAGE4,RISK_SELL,SELL,EXECUTE,EXECUTED,0.34872270765065483,0.25,,,,7.0,0.0
B,2026-06-30T00:00:00+0000,ACTUAL_EXECUTED,TACTICAL_BUYBACK_AHR999_TO_35,AHR_VALUE_BUY,BUY,EXECUTE,,0.2529235613303893,0.3499999999999999,30076.246009892508,30.09128413289745,15.038123004944229,,
J,2026-06-30T00:00:00+0000,SHADOW_REQUEST_OR_PENDING,TACTICAL_BUYBACK_AHR999_TO_35,AHR_VALUE_BUY,BUY,DELAY,AHR_REBUY_COOLDOWN,0.25288333802625634,0.25288333802625634,,,,6.0,1.0
J,2026-07-01T00:00:00+0000,SHADOW_REQUEST_OR_PENDING,PENDING_AHR_BUY,AHR_VALUE_BUY,BUY,DELAY,PENDING_COOLDOWN_ACTIVE,0.2478349474495508,0.2478349474495508,,,,5.0,1.0
J,2026-07-02T00:00:00+0000,SHADOW_REQUEST_OR_PENDING,PENDING_AHR_BUY,AHR_VALUE_BUY,BUY,DELAY,PENDING_COOLDOWN_ACTIVE,0.2522905674491521,0.2522905674491521,,,,4.0,1.0
J,2026-07-03T00:00:00+0000,SHADOW_REQUEST_OR_PENDING,PENDING_AHR_BUY,AHR_VALUE_BUY,BUY,DELAY,PENDING_COOLDOWN_ACTIVE,0.25864162942610736,0.25864162942610736,,,,3.0,1.0
J,2026-07-04T00:00:00+0000,SHADOW_REQUEST_OR_PENDING,PENDING_AHR_BUY,AHR_VALUE_BUY,BUY,DELAY,PENDING_COOLDOWN_ACTIVE,0.26271961708644553,0.26271961708644553,,,,2.0,1.0
J,2026-07-05T00:00:00+0000,SHADOW_REQUEST_OR_PENDING,PENDING_AHR_BUY,AHR_VALUE_BUY,BUY,DELAY,PENDING_COOLDOWN_ACTIVE,0.26467237957861445,0.26467237957861445,,,,1.0,1.0
J,2026-07-06T00:00:00+0000,ACTUAL_EXECUTED,TACTICAL_BUYBACK_AHR999_TO_35,AHR_VALUE_BUY,BUY,EXECUTE,,0.2659776499085905,0.35,25359.850197626914,25.372530122725728,12.679925098812635,,
J,2026-07-06T00:00:00+0000,SHADOW_REQUEST_OR_PENDING,PENDING_AHR_BUY,AHR_VALUE_BUY,BUY,EXECUTE,EXECUTED,0.2659776499085905,0.35,,,,0.0,0.0
