model,tactical_event_id,timestamp,side,action,target_crypto_exposure,gross_notional_usd
B,1,2020-02-28T00:00:00+0000,SELL,TACTICAL_SELL_STAGE2,0.7,2010.5693536969775
B,2,2020-03-01T00:00:00+0000,SELL,TACTICAL_SELL_STAGE3,0.55,3686.987203569023
B,3,2020-03-13T00:00:00+0000,SELL,TACTICAL_SELL_STAGE4,0.25,2825.1072298865884
B,4,2020-03-14T00:00:00+0000,BUY,TACTICAL_BUYBACK_AHR999_TO_35,0.35,1289.6030837908706
B,5,2020-03-28T00:00:00+0000,SELL,TACTICAL_SELL_STAGE4,0.25,2507.270775394849
B,6,2020-03-30T00:00:00+0000,BUY,TACTICAL_BUYBACK_AHR999_TO_35,0.35,2301.8009549140984
B,7,2020-04-04T00:00:00+0000,BUY,TACTICAL_BUYBACK_RIGHT_TO_50,0.5,2554.689171839377
B,8,2020-04-19T00:00:00+0000,BUY,TACTICAL_BUYBACK_RIGHT_TO_60,0.6,1307.6030588783094
B,9,2020-05-09T00:00:00+0000,BUY,TACTICAL_BUYBACK_NEW_BULL_REDEPLOY,0.95,354.3198066297496
B,10,2020-05-10T00:00:00+0000,BUY,TACTICAL_BUYBACK_NEW_BULL_REDEPLOY,0.95,354.31980662974956
B,11,2020-05-11T00:00:00+0000,BUY,TACTICAL_BUYBACK_NEW_BULL_REDEPLOY,0.95,354.31980662974956
B,12,2020-05-12T00:00:00+0000,BUY,TACTICAL_BUYBACK_NEW_BULL_REDEPLOY,0.95,354.31980662974956
B,13,2020-05-13T00:00:00+0000,BUY,TACTICAL_BUYBACK_NEW_BULL_REDEPLOY,0.95,354.31980662974956
B,14,2020-05-14T00:00:00+0000,BUY,TACTICAL_BUYBACK_NEW_BULL_REDEPLOY,0.95,354.31980662974945
B,15,2020-05-15T00:00:00+0000,BUY,TACTICAL_BUYBACK_NEW_BULL_REDEPLOY,0.95,354.3198066297495
B,16,2020-05-16T00:00:00+0000,BUY,TACTICAL_BUYBACK_NEW_BULL_REDEPLOY,0.95,354.3198066297496
B,17,2020-05-17T00:00:00+0000,BUY,TACTICAL_BUYBACK_NEW_BULL_REDEPLOY,0.95,354.3198066297496
B,18,2020-05-18T00:00:00+0000,BUY,TACTICAL_BUYBACK_NEW_BULL_REDEPLOY,0.95,354.3198066297496
B,19,2020-06-21T00:00:00+0000,SELL,TACTICAL_SELL_STAGE2,0.7,2582.585917931491
B,20,2020-09-05T00:00:00+0000,SELL,TACTICAL_SELL_STAGE2,0.7,2444.440589064274
B,21,2021-04-21T00:00:00+0000,SELL,TACTICAL_SELL_STAGE2,0.7,38838.68811714423
B,22,2021-05-15T00:00:00+0000,SELL,TACTICAL_SELL_STAGE2,0.7,13612.148478647496
B,23,2021-05-20T00:00:00+0000,SELL,TACTICAL_SELL_CRASH_L2,0.5,14977.251881808956
B,24,2021-05-25T00:00:00+0000,SELL,TACTICAL_SELL_STAGE4,0.25,43944.650369901574
B,25,2022-01-04T00:00:00+0000,SELL,TACTICAL_SELL_STAGE4,0.25,14999.678544248385
B,26,2022-06-15T00:00:00+0000,BUY,TACTICAL_BUYBACK_AHR999_TO_35,0.35,37713.85840079467
B,27,2022-06-18T00:00:00+0000,SELL,TACTICAL_SELL_STAGE4,0.25,11751.000075954158
B,28,2022-06-19T00:00:00+0000,BUY,TACTICAL_BUYBACK_AHR999_TO_35,0.35,16726.77360968088
B,29,2022-06-26T00:00:00+0000,SELL,TACTICAL_SELL_STAGE4,0.25,21916.514027491263
B,30,2022-06-27T00:00:00+0000,BUY,TACTICAL_BUYBACK_AHR999_TO_35,0.35,16254.248484101474
B,31,2022-07-04T00:00:00+0000,SELL,TACTICAL_SELL_STAGE4,0.25,11677.891543840999
B,32,2022-07-05T00:00:00+0000,BUY,TACTICAL_BUYBACK_AHR999_TO_35,0.35,13382.521068107962
B,33,2022-07-12T00:00:00+0000,SELL,TACTICAL_SELL_STAGE4,0.25,13921.131376184163
B,34,2022-07-13T00:00:00+0000,BUY,TACTICAL_BUYBACK_AHR999_TO_35,0.35,16012.65535204918
B,35,2022-07-19T00:00:00+0000,BUY,TACTICAL_BUYBACK_RIGHT_TO_50,0.5,13124.908597720365
B,36,2022-07-22T00:00:00+0000,BUY,TACTICAL_BUYBACK_RIGHT_TO_60,0.6,16158.973242206592
B,37,2022-07-29T00:00:00+0000,SELL,TACTICAL_SELL_STAGE4,0.25,63316.563192813745
B,38,2022-08-27T00:00:00+0000,BUY,TACTICAL_BUYBACK_AHR999_TO_35,0.35,20838.580672611006
B,39,2022-08-29T00:00:00+0000,SELL,TACTICAL_SELL_STAGE4,0.25,14775.24255359834
B,40,2022-08-30T00:00:00+0000,BUY,TACTICAL_BUYBACK_AHR999_TO_35,0.35,14554.88570875395
B,41,2022-09-06T00:00:00+0000,SELL,TACTICAL_SELL_STAGE4,0.25,17676.762403764063
B,42,2022-09-07T00:00:00+0000,BUY,TACTICAL_BUYBACK_AHR999_TO_35,0.35,18012.656116575192
B,43,2022-09-14T00:00:00+0000,SELL,TACTICAL_SELL_STAGE4,0.25,18272.58265697438
B,44,2022-09-15T00:00:00+0000,BUY,TACTICAL_BUYBACK_AHR999_TO_35,0.35,16102.567521714715
B,45,2022-09-22T00:00:00+0000,SELL,TACTICAL_SELL_STAGE4,0.25,8846.94784903283
B,46,2022-09-23T00:00:00+0000,BUY,TACTICAL_BUYBACK_AHR999_TO_35,0.35,14416.475158425987
B,47,2022-09-30T00:00:00+0000,SELL,TACTICAL_SELL_STAGE4,0.25,16642.670783300488
B,48,2022-10-01T00:00:00+0000,BUY,TACTICAL_BUYBACK_AHR999_TO_35,0.35,16430.26210979678
B,49,2022-10-08T00:00:00+0000,SELL,TACTICAL_SELL_STAGE4,0.25,16463.585869419607
B,50,2022-10-09T00:00:00+0000,BUY,TACTICAL_BUYBACK_AHR999_TO_35,0.35,16517.135403807373
B,51,2022-10-16T00:00:00+0000,SELL,TACTICAL_SELL_STAGE4,0.25,15222.795567604373
B,52,2022-10-17T00:00:00+0000,BUY,TACTICAL_BUYBACK_AHR999_TO_35,0.35,15575.447656318449
B,53,2022-10-24T00:00:00+0000,SELL,TACTICAL_SELL_STAGE4,0.25,17620.156589790753
B,54,2022-11-09T00:00:00+0000,BUY,TACTICAL_BUYBACK_AHR999_TO_35,0.35,17086.291061973865
B,55,2022-11-16T00:00:00+0000,SELL,TACTICAL_SELL_STAGE4,0.25,13219.303364631702
B,56,2022-11-17T00:00:00+0000,BUY,TACTICAL_BUYBACK_AHR999_TO_35,0.35,16451.954124461852
B,57,2022-11-24T00:00:00+0000,SELL,TACTICAL_SELL_STAGE4,0.25,15135.404151023951
B,58,2022-11-25T00:00:00+0000,BUY,TACTICAL_BUYBACK_AHR999_TO_35,0.35,15381.838993711026
B,59,2022-12-02T00:00:00+0000,SELL,TACTICAL_SELL_STAGE4,0.25,17590.444703400524
B,60,2022-12-03T00:00:00+0000,BUY,TACTICAL_BUYBACK_AHR999_TO_35,0.35,15614.309113623842
B,61,2022-12-10T00:00:00+0000,SELL,TACTICAL_SELL_STAGE4,0.25,15485.301118768777
B,62,2022-12-11T00:00:00+0000,BUY,TACTICAL_BUYBACK_AHR999_TO_35,0.35,15865.226742356788
B,63,2022-12-18T00:00:00+0000,SELL,TACTICAL_SELL_STAGE4,0.25,14125.68940097714
B,64,2022-12-19T00:00:00+0000,BUY,TACTICAL_BUYBACK_AHR999_TO_35,0.35,15747.665612743865
B,65,2022-12-26T00:00:00+0000,SELL,TACTICAL_SELL_STAGE4,0.25,16533.45264136372
B,66,2022-12-27T00:00:00+0000,BUY,TACTICAL_BUYBACK_AHR999_TO_35,0.35,15591.280375191214
B,67,2023-01-03T00:00:00+0000,SELL,TACTICAL_SELL_STAGE4,0.25,15347.306538785098
B,68,2023-01-04T00:00:00+0000,BUY,TACTICAL_BUYBACK_AHR999_TO_35,0.35,15720.721685168512
B,69,2023-01-28T00:00:00+0000,BUY,TACTICAL_BUYBACK_NEW_BULL_REDEPLOY,0.95,9620.032160180523
B,70,2023-01-29T00:00:00+0000,BUY,TACTICAL_BUYBACK_NEW_BULL_REDEPLOY,0.95,9620.032160180523
B,71,2023-01-30T00:00:00+0000,BUY,TACTICAL_BUYBACK_NEW_BULL_REDEPLOY,0.95,9620.032160180523
B,72,2023-01-31T00:00:00+0000,BUY,TACTICAL_BUYBACK_NEW_BULL_REDEPLOY,0.95,9620.032160180523
B,73,2023-02-01T00:00:00+0000,BUY,TACTICAL_BUYBACK_NEW_BULL_REDEPLOY,0.95,9620.032160180523
B,74,2023-02-02T00:00:00+0000,BUY,TACTICAL_BUYBACK_NEW_BULL_REDEPLOY,0.95,9620.03216018052
B,75,2023-02-03T00:00:00+0000,BUY,TACTICAL_BUYBACK_NEW_BULL_REDEPLOY,0.95,9620.03216018052
B,76,2023-02-04T00:00:00+0000,BUY,TACTICAL_BUYBACK_NEW_BULL_REDEPLOY,0.95,9620.032160180519
B,77,2023-02-05T00:00:00+0000,BUY,TACTICAL_BUYBACK_NEW_BULL_REDEPLOY,0.95,9620.03216018052
B,78,2023-03-08T00:00:00+0000,SELL,TACTICAL_SELL_STAGE1,0.85,10056.43313279829
B,79,2023-03-09T00:00:00+0000,SELL,TACTICAL_SELL_STAGE2,0.7,24807.623542394034
B,80,2023-03-12T00:00:00+0000,SELL,TACTICAL_SELL_STAGE3,0.55,22678.64235295354
B,81,2023-11-02T00:00:00+0000,SELL,TACTICAL_SELL_DRIFT,0.55,21079.110658240388
B,82,2024-02-19T00:00:00+0000,SELL,TACTICAL_SELL_DRIFT,0.55,27191.69614092938
B,83,2024-11-22T00:00:00+0000,SELL,TACTICAL_SELL_DRIFT,0.55,39247.31633701056
B,84,2025-11-21T00:00:00+0000,SELL,TACTICAL_SELL_STAGE4,0.25,91118.27517204308
B,85,2026-02-06T00:00:00+0000,BUY,TACTICAL_BUYBACK_AHR999_TO_35,0.35,49224.41005749657
B,86,2026-02-13T00:00:00+0000,SELL,TACTICAL_SELL_STAGE4,0.25,35858.41992461054
B,87,2026-02-14T00:00:00+0000,BUY,TACTICAL_BUYBACK_AHR999_TO_35,0.35,29509.062106712285
B,88,2026-02-21T00:00:00+0000,SELL,TACTICAL_SELL_STAGE4,0.25,30422.336799384346
B,89,2026-02-22T00:00:00+0000,BUY,TACTICAL_BUYBACK_AHR999_TO_35,0.35,31809.18201411879
B,90,2026-03-01T00:00:00+0000,SELL,TACTICAL_SELL_STAGE4,0.25,30936.824575349652
B,91,2026-03-02T00:00:00+0000,BUY,TACTICAL_BUYBACK_AHR999_TO_35,0.35,32528.98458657883
B,92,2026-03-06T00:00:00+0000,BUY,TACTICAL_BUYBACK_RIGHT_TO_50,0.5,43163.53874753743
B,93,2026-03-13T00:00:00+0000,SELL,TACTICAL_SELL_STAGE4,0.25,80709.50435173458
B,94,2026-03-22T00:00:00+0000,BUY,TACTICAL_BUYBACK_AHR999_TO_35,0.35,33062.96952365466
B,95,2026-03-29T00:00:00+0000,SELL,TACTICAL_SELL_STAGE4,0.25,29014.301032438536
B,96,2026-03-30T00:00:00+0000,BUY,TACTICAL_BUYBACK_AHR999_TO_35,0.35,32046.988771882257
B,97,2026-04-06T00:00:00+0000,SELL,TACTICAL_SELL_STAGE4,0.25,36091.74175945256
B,98,2026-06-04T00:00:00+0000,BUY,TACTICAL_BUYBACK_AHR999_TO_35,0.35,36685.55647058661
B,99,2026-06-05T00:00:00+0000,SELL,TACTICAL_SELL_STAGE4,0.25,30842.931103446543
B,100,2026-06-06T00:00:00+0000,BUY,TACTICAL_BUYBACK_AHR999_TO_35,0.35,34631.772742420624
B,101,2026-06-13T00:00:00+0000,SELL,TACTICAL_SELL_STAGE4,0.25,34757.0025301787
B,102,2026-06-14T00:00:00+0000,BUY,TACTICAL_BUYBACK_AHR999_TO_35,0.35,30867.654782787267
B,103,2026-06-21T00:00:00+0000,SELL,TACTICAL_SELL_STAGE4,0.25,32431.260920605862
B,104,2026-06-22T00:00:00+0000,BUY,TACTICAL_BUYBACK_AHR999_TO_35,0.35,32554.209521935532
B,105,2026-06-29T00:00:00+0000,SELL,TACTICAL_SELL_STAGE4,0.25,26265.18459956529
B,106,2026-06-30T00:00:00+0000,BUY,TACTICAL_BUYBACK_AHR999_TO_35,0.35,30076.246009892508
J,1,2020-02-28T00:00:00+0000,SELL,TACTICAL_SELL_STAGE2,0.7,2010.5693536969775
J,2,2020-03-01T00:00:00+0000,SELL,TACTICAL_SELL_STAGE3,0.55,3686.987203569023
J,3,2020-03-13T00:00:00+0000,SELL,TACTICAL_SELL_STAGE4,0.25,2825.1072298865884
J,4,2020-03-28T00:00:00+0000,SELL,TACTICAL_SELL_STAGE4,0.25,1139.165310506099
J,5,2020-04-04T00:00:00+0000,BUY,TACTICAL_BUYBACK_RIGHT_TO_50,0.5,4994.573660726365
J,6,2020-04-19T00:00:00+0000,BUY,TACTICAL_BUYBACK_RIGHT_TO_60,0.6,1273.8543537432229
J,7,2020-05-09T00:00:00+0000,BUY,TACTICAL_BUYBACK_NEW_BULL_REDEPLOY,0.95,336.44590234567534
J,8,2020-05-10T00:00:00+0000,BUY,TACTICAL_BUYBACK_NEW_BULL_REDEPLOY,0.95,336.44590234567534
J,9,2020-05-11T00:00:00+0000,BUY,TACTICAL_BUYBACK_NEW_BULL_REDEPLOY,0.95,336.44590234567534
J,10,2020-05-12T00:00:00+0000,BUY,TACTICAL_BUYBACK_NEW_BULL_REDEPLOY,0.95,336.4459023456754
J,11,2020-05-13T00:00:00+0000,BUY,TACTICAL_BUYBACK_NEW_BULL_REDEPLOY,0.95,336.4459023456754
J,12,2020-05-14T00:00:00+0000,BUY,TACTICAL_BUYBACK_NEW_BULL_REDEPLOY,0.95,336.44590234567545
J,13,2020-05-15T00:00:00+0000,BUY,TACTICAL_BUYBACK_NEW_BULL_REDEPLOY,0.95,336.4459023456754
J,14,2020-05-16T00:00:00+0000,BUY,TACTICAL_BUYBACK_NEW_BULL_REDEPLOY,0.95,336.4459023456754
J,15,2020-05-17T00:00:00+0000,BUY,TACTICAL_BUYBACK_NEW_BULL_REDEPLOY,0.95,336.4459023456754
J,16,2020-05-18T00:00:00+0000,BUY,TACTICAL_BUYBACK_NEW_BULL_REDEPLOY,0.95,336.44590234567545
J,17,2020-06-21T00:00:00+0000,SELL,TACTICAL_SELL_STAGE2,0.7,2422.302057401736
J,18,2020-09-05T00:00:00+0000,SELL,TACTICAL_SELL_STAGE2,0.7,2419.6048608971278
J,19,2021-04-21T00:00:00+0000,SELL,TACTICAL_SELL_STAGE2,0.7,38247.744532939556
J,20,2021-05-15T00:00:00+0000,SELL,TACTICAL_SELL_STAGE2,0.7,13564.324884842903
J,21,2021-05-20T00:00:00+0000,SELL,TACTICAL_SELL_CRASH_L2,0.5,14732.364963805077
J,22,2021-05-25T00:00:00+0000,SELL,TACTICAL_SELL_STAGE4,0.25,43357.0657236802
J,23,2022-01-04T00:00:00+0000,SELL,TACTICAL_SELL_STAGE4,0.25,14825.043773572765
J,24,2022-06-15T00:00:00+0000,BUY,TACTICAL_BUYBACK_AHR999_TO_35,0.35,37201.400698434714
J,25,2022-06-18T00:00:00+0000,SELL,TACTICAL_SELL_STAGE4,0.25,11596.072248736267
J,26,2022-06-25T00:00:00+0000,BUY,TACTICAL_BUYBACK_AHR999_TO_35,0.35,12435.719322947542
J,27,2022-06-26T00:00:00+0000,SELL,TACTICAL_SELL_STAGE4,0.25,15491.496532436206
J,28,2022-07-03T00:00:00+0000,BUY,TACTICAL_BUYBACK_AHR999_TO_35,0.35,18067.348629691114
J,29,2022-07-04T00:00:00+0000,SELL,TACTICAL_SELL_STAGE4,0.25,14767.214244683079
J,30,2022-07-19T00:00:00+0000,BUY,TACTICAL_BUYBACK_RIGHT_TO_50,0.5,30085.446815429776
J,31,2022-07-22T00:00:00+0000,BUY,TACTICAL_BUYBACK_RIGHT_TO_60,0.6,15409.806973955869
J,32,2022-07-29T00:00:00+0000,SELL,TACTICAL_SELL_STAGE4,0.25,60409.0080921139
J,33,2022-08-27T00:00:00+0000,BUY,TACTICAL_BUYBACK_AHR999_TO_35,0.35,19900.6513095952
J,34,2022-08-29T00:00:00+0000,SELL,TACTICAL_SELL_STAGE4,0.25,14117.530436861949
J,35,2022-09-05T00:00:00+0000,BUY,TACTICAL_BUYBACK_AHR999_TO_35,0.35,13663.312901468475
J,36,2022-09-06T00:00:00+0000,SELL,TACTICAL_SELL_STAGE4,0.25,16577.526896427727
J,37,2022-09-21T00:00:00+0000,BUY,TACTICAL_BUYBACK_AHR999_TO_35,0.35,19846.860915088197
J,38,2022-09-22T00:00:00+0000,SELL,TACTICAL_SELL_STAGE4,0.25,13840.765740712446
J,39,2022-09-29T00:00:00+0000,BUY,TACTICAL_BUYBACK_AHR999_TO_35,0.35,13652.054541366168
J,40,2022-09-30T00:00:00+0000,SELL,TACTICAL_SELL_STAGE4,0.25,15752.355742595431
J,41,2022-10-15T00:00:00+0000,BUY,TACTICAL_BUYBACK_AHR999_TO_35,0.35,16172.11580974599
J,42,2022-10-16T00:00:00+0000,SELL,TACTICAL_SELL_STAGE4,0.25,15067.346252488362
J,43,2022-11-09T00:00:00+0000,BUY,TACTICAL_BUYBACK_AHR999_TO_35,0.35,14788.184450089198
J,44,2022-11-16T00:00:00+0000,SELL,TACTICAL_SELL_STAGE4,0.25,12658.111291025794
J,45,2022-11-23T00:00:00+0000,BUY,TACTICAL_BUYBACK_AHR999_TO_35,0.35,16910.228959832293
J,46,2022-11-24T00:00:00+0000,SELL,TACTICAL_SELL_STAGE4,0.25,16178.243411530642
J,47,2022-12-01T00:00:00+0000,BUY,TACTICAL_BUYBACK_AHR999_TO_35,0.35,13269.161880545074
J,48,2022-12-02T00:00:00+0000,SELL,TACTICAL_SELL_STAGE4,0.25,14852.131943719076
J,49,2022-12-09T00:00:00+0000,BUY,TACTICAL_BUYBACK_AHR999_TO_35,0.35,15043.014909419442
J,50,2022-12-10T00:00:00+0000,SELL,TACTICAL_SELL_STAGE4,0.25,14924.207574334709
J,51,2022-12-25T00:00:00+0000,BUY,TACTICAL_BUYBACK_AHR999_TO_35,0.35,15824.989247682468
J,52,2022-12-26T00:00:00+0000,SELL,TACTICAL_SELL_STAGE4,0.25,15142.246349963865
J,53,2023-01-02T00:00:00+0000,BUY,TACTICAL_BUYBACK_AHR999_TO_35,0.35,15445.633853973424
J,54,2023-01-03T00:00:00+0000,SELL,TACTICAL_SELL_STAGE4,0.25,15437.491359305517
J,55,2023-01-10T00:00:00+0000,BUY,TACTICAL_BUYBACK_AHR999_TO_35,0.35,13447.77942822611
J,56,2023-01-28T00:00:00+0000,BUY,TACTICAL_BUYBACK_NEW_BULL_REDEPLOY,0.95,9402.912930196759
J,57,2023-01-29T00:00:00+0000,BUY,TACTICAL_BUYBACK_NEW_BULL_REDEPLOY,0.95,9402.912930196759
J,58,2023-01-30T00:00:00+0000,BUY,TACTICAL_BUYBACK_NEW_BULL_REDEPLOY,0.95,9402.912930196759
J,59,2023-01-31T00:00:00+0000,BUY,TACTICAL_BUYBACK_NEW_BULL_REDEPLOY,0.95,9402.912930196759
J,60,2023-02-01T00:00:00+0000,BUY,TACTICAL_BUYBACK_NEW_BULL_REDEPLOY,0.95,9402.912930196759
J,61,2023-02-02T00:00:00+0000,BUY,TACTICAL_BUYBACK_NEW_BULL_REDEPLOY,0.95,9402.912930196759
J,62,2023-02-03T00:00:00+0000,BUY,TACTICAL_BUYBACK_NEW_BULL_REDEPLOY,0.95,9402.912930196762
J,63,2023-02-04T00:00:00+0000,BUY,TACTICAL_BUYBACK_NEW_BULL_REDEPLOY,0.95,9402.91293019676
J,64,2023-02-05T00:00:00+0000,BUY,TACTICAL_BUYBACK_NEW_BULL_REDEPLOY,0.95,9402.912930196759
J,65,2023-03-08T00:00:00+0000,SELL,TACTICAL_SELL_STAGE1,0.85,9096.802321420071
J,66,2023-03-09T00:00:00+0000,SELL,TACTICAL_SELL_STAGE2,0.7,23671.636067735883
J,67,2023-03-12T00:00:00+0000,SELL,TACTICAL_SELL_STAGE3,0.55,21636.654016554203
J,68,2023-11-02T00:00:00+0000,SELL,TACTICAL_SELL_DRIFT,0.55,20297.511158439374
J,69,2024-02-19T00:00:00+0000,SELL,TACTICAL_SELL_DRIFT,0.55,25998.76184138873
J,70,2024-11-22T00:00:00+0000,SELL,TACTICAL_SELL_DRIFT,0.55,38045.03923091576
J,71,2025-11-21T00:00:00+0000,SELL,TACTICAL_SELL_STAGE4,0.25,87600.47233193259
J,72,2026-02-06T00:00:00+0000,BUY,TACTICAL_BUYBACK_AHR999_TO_35,0.35,47163.262044212905
J,73,2026-02-13T00:00:00+0000,SELL,TACTICAL_SELL_STAGE4,0.25,34441.69452118307
J,74,2026-02-20T00:00:00+0000,BUY,TACTICAL_BUYBACK_AHR999_TO_35,0.35,30000.9012028035
J,75,2026-02-21T00:00:00+0000,SELL,TACTICAL_SELL_STAGE4,0.25,31666.29770319942
J,76,2026-02-28T00:00:00+0000,BUY,TACTICAL_BUYBACK_AHR999_TO_35,0.35,32040.930266273244
J,77,2026-03-01T00:00:00+0000,SELL,TACTICAL_SELL_STAGE4,0.25,31863.05462373654
J,78,2026-03-06T00:00:00+0000,BUY,TACTICAL_BUYBACK_RIGHT_TO_50,0.5,74336.68837404072
J,79,2026-03-13T00:00:00+0000,SELL,TACTICAL_SELL_STAGE4,0.25,77432.46927819394
J,80,2026-03-22T00:00:00+0000,BUY,TACTICAL_BUYBACK_AHR999_TO_35,0.35,31735.70267232601
J,81,2026-03-29T00:00:00+0000,SELL,TACTICAL_SELL_STAGE4,0.25,27845.07426422614
J,82,2026-04-05T00:00:00+0000,BUY,TACTICAL_BUYBACK_AHR999_TO_35,0.35,29458.05721588603
J,83,2026-04-06T00:00:00+0000,SELL,TACTICAL_SELL_STAGE4,0.25,32648.8129758949
J,84,2026-06-04T00:00:00+0000,BUY,TACTICAL_BUYBACK_AHR999_TO_35,0.35,35016.082947777504
J,85,2026-06-05T00:00:00+0000,SELL,TACTICAL_SELL_STAGE4,0.25,29523.706836384215
J,86,2026-06-12T00:00:00+0000,BUY,TACTICAL_BUYBACK_AHR999_TO_35,0.35,30942.894034773406
J,87,2026-06-13T00:00:00+0000,SELL,TACTICAL_SELL_STAGE4,0.25,29929.683051618125
J,88,2026-06-28T00:00:00+0000,BUY,TACTICAL_BUYBACK_AHR999_TO_35,0.35,32617.9606536808
J,89,2026-06-29T00:00:00+0000,SELL,TACTICAL_SELL_STAGE4,0.25,29192.42382174509
J,90,2026-07-06T00:00:00+0000,BUY,TACTICAL_BUYBACK_AHR999_TO_35,0.35,25359.850197626914
