date,B_BTC_signal_close,B_sma20,B_sma50,B_sma200,B_macro_state,B_sell_stage,B_crypto_exposure,B_portfolio_value,B_actions,P39_BTC_signal_close,P39_sma20,P39_sma50,P39_sma200,P39_macro_state,P39_sell_stage,P39_crypto_exposure,P39_portfolio_value,P39_actions,Q_BTC_signal_close,Q_sma20,Q_sma50,Q_sma200,Q_macro_state,Q_sell_stage,Q_crypto_exposure,Q_portfolio_value,Q_actions
2023-02-15 00:00:00+00:00,22199.84,22786.033000000003,20548.608200000002,19701.9875,BULL,0,0.9150993715420015,184203.19498781674,,22199.84,22786.033000000003,20548.608200000002,19701.9875,BULL,0,0.9150993715420015,184203.19498781674,,22199.84,22786.033000000003,20548.608200000002,19701.9875,BULL,0,0.9150993715420015,184203.19498781674,
2023-02-16 00:00:00+00:00,24324.05,22851.753,20700.962,19705.3902,BULL,0,0.9128607961798814,179471.07998278685,,24324.05,22851.753,20700.962,19705.3902,BULL,0,0.9128607961798814,179471.07998278685,,24324.05,22851.753,20700.962,19705.3902,BULL,0,0.9128607961798814,179471.07998278685,
2023-02-17 00:00:00+00:00,23517.72,22873.931,20840.3702,19706.5122,BULL,0,0.9159303082137464,186023.84148378723,,23517.72,22873.931,20840.3702,19706.5122,BULL,0,0.9159303082137464,186023.84148378723,,23517.72,22873.931,20840.3702,19706.5122,BULL,0,0.9159303082137464,186023.84148378723,
2023-02-18 00:00:00+00:00,24569.97,22951.2995,20999.1002,19713.022,BULL,0,0.9159949768257963,186167.04605873267,,24569.97,22951.2995,20999.1002,19713.022,BULL,0,0.9159949768257963,186167.04605873267,,24569.97,22951.2995,20999.1002,19713.022,BULL,0,0.9159949768257963,186167.04605873267,
2023-02-19 00:00:00+00:00,24631.95,22995.782,21159.5896,19721.2428,BULL,0,0.9151321340820868,184274.30511288418,,24631.95,22995.782,21159.5896,19721.2428,BULL,0,0.9151321340820868,184274.30511288418,,24631.95,22995.782,21159.5896,19721.2428,BULL,0,0.9151321340820868,184274.30511288418,
2023-02-20 00:00:00+00:00,24271.76,23068.0625,21314.1768,19728.50975,BULL,0,0.9166006765206817,187519.11125891912,,24271.76,23068.0625,21314.1768,19728.50975,BULL,0,0.9166006765206817,187519.11125891912,,24271.76,23068.0625,21314.1768,19728.50975,BULL,0,0.9166006765206817,187519.11125891912,
2023-02-21 00:00:00+00:00,24842.2,23153.916,21478.6858,19739.605850000004,BULL,0,0.9150354748015685,184064.6667760769,,24842.2,23153.916,21478.6858,19739.605850000004,BULL,0,0.9150354748015685,184064.6667760769,,24842.2,23153.916,21478.6858,19739.605850000004,BULL,0,0.9150354748015685,184064.6667760769,
2023-02-22 00:00:00+00:00,24452.16,23189.891,21634.271599999996,19745.304549999997,BULL,0,0.9142108348058647,182295.36309214483,,24452.16,23189.891,21634.271599999996,19745.304549999997,BULL,0,0.9142108348058647,182295.36309214483,,24452.16,23189.891,21634.271599999996,19745.304549999997,BULL,0,0.9142108348058647,182295.36309214483,
2023-02-23 00:00:00+00:00,24182.21,23224.5545,21784.412200000002,19751.44455,BULL,0,0.9139441839647976,181730.50630348473,,24182.21,23224.5545,21784.412200000002,19751.44455,BULL,0,0.9139441839647976,181730.50630348473,,24182.21,23224.5545,21784.412200000002,19751.44455,BULL,0,0.9139441839647976,181730.50630348473,
2023-02-24 00:00:00+00:00,23940.2,23249.9695,21926.209,19755.2736,BULL,0,0.9116100192573038,176931.44502386544,,23940.2,23249.9695,21926.209,19755.2736,BULL,0,0.9116100192573038,176931.44502386544,,23940.2,23249.9695,21926.209,19755.2736,BULL,0,0.9116100192573038,176931.44502386544,
2023-02-25 00:00:00+00:00,23185.29,23242.892,22053.277800000003,19752.15005,BULL,0,0.9112589771143834,176231.53880697134,,23185.29,23242.892,22053.277800000003,19752.15005,BULL,0,0.9112589771143834,176231.53880697134,,23185.29,23242.892,22053.277800000003,19752.15005,BULL,0,0.9112589771143834,176231.53880697134,
2023-02-26 00:00:00+00:00,23157.07,23254.1,22177.406199999998,19752.18565,BULL,0,0.9130636517003787,179889.8541785773,,23157.07,23254.1,22177.406199999998,19752.18565,BULL,0,0.9130636517003787,179889.8541785773,,23157.07,23254.1,22177.406199999998,19752.18565,BULL,0,0.9130636517003787,179889.8541785773,
2023-02-27 00:00:00+00:00,23554.85,23293.716500000002,22309.631800000003,19750.18965,BULL,0,0.9127788015786432,179302.36343333207,,23554.85,23293.716500000002,22309.631800000003,19750.18965,BULL,0,0.9127788015786432,179302.36343333207,,23554.85,23293.716500000002,22309.631800000003,19750.18965,BULL,0,0.9127788015786432,179302.36343333207,
2023-02-28 00:00:00+00:00,23492.09,23306.298,22436.917,19747.97815,BULL,0,0.9114923203537676,176696.15880730626,,23492.09,23306.298,22436.917,19747.97815,BULL,0,0.9114923203537676,176696.15880730626,,23492.09,23306.298,22436.917,19747.97815,BULL,0,0.9114923203537676,176696.15880730626,
2023-03-01 00:00:00+00:00,23141.57,23315.226499999997,22556.1832,19741.6676,BULL,0,0.9137393186649198,181298.9043952389,,23141.57,23315.226499999997,22556.1832,19741.6676,BULL,0,0.9137393186649198,181298.9043952389,,23141.57,23315.226499999997,22556.1832,19741.6676,BULL,0,0.9137393186649198,181298.9043952389,
2023-03-02 00:00:00+00:00,23628.97,23406.857500000002,22679.949399999998,19737.60555,BULL,0,0.9130670148994009,179896.81362418886,,23628.97,23406.857500000002,22679.949399999998,19737.60555,BULL,0,0.9130670148994009,179896.81362418886,,23628.97,23406.857500000002,22679.949399999998,19737.60555,BULL,0,0.9130670148994009,179896.81362418886,
2023-03-03 00:00:00+00:00,23465.32,23498.864,22790.3906,19733.40595,BULL,0,0.9091359978276234,172114.00163475578,,23465.32,23498.864,22790.3906,19733.40595,BULL,0,0.9091359978276234,172114.00163475578,,23465.32,23498.864,22790.3906,19733.40595,BULL,0,0.9091359978276234,172114.00163475578,
2023-03-04 00:00:00+00:00,22354.34,23523.4535,22860.545,19724.70355,BULL,0,0.9090610057721827,171972.06931119855,,22354.34,23523.4535,22860.545,19724.70355,BULL,0,0.9090610057721827,171972.06931119855,,22354.34,23523.4535,22860.545,19724.70355,BULL,0,0.9090610057721827,171972.06931119855,
2023-03-05 00:00:00+00:00,22346.57,23551.605,22908.876199999995,19717.1627,BULL,0,0.9091826596853492,172202.43363495596,,22346.57,23551.605,22908.876199999995,19717.1627,BULL,0,0.9091826596853492,172202.43363495596,,22346.57,23551.605,22908.876199999995,19717.1627,BULL,0,0.9091826596853492,172202.43363495596,
2023-03-06 00:00:00+00:00,22430.24,23584.4185,22938.382599999997,19712.6006,BULL,0,0.9091789844492503,172195.46515308454,,22430.24,23584.4185,22938.382599999997,19712.6006,BULL,0,0.9091789844492503,172195.46515308454,,22430.24,23584.4185,22938.382599999997,19712.6006,BULL,0,0.9091789844492503,172195.46515308454,
2023-03-07 00:00:00+00:00,22410.0,23594.926499999998,22969.152599999998,19708.6946,BULL,0,0.9086651566297183,171226.73496066278,STAGE1_SELL:EXECUTED,22410.0,23594.926499999998,22969.152599999998,19708.6946,BULL,0,0.9086651566297183,171226.73496066278,STAGE1_SELL:EXECUTED,22410.0,23594.926499999998,22969.152599999998,19708.6946,BULL,0,0.9086651566297183,171226.73496066278,STAGE1_SELL:EXECUTED
2023-03-08 00:00:00+00:00,22197.96,23488.622,22989.398800000003,19715.512450000002,DISTRIBUTION,1,0.8473361103574827,168214.76637262673,STAGE2_SELL:EXECUTED,22197.96,23488.622,22989.398800000003,19715.512450000002,DISTRIBUTION,1,0.8473361103574827,168214.76637262673,STAGE2_SELL:EXECUTED,22197.96,23488.622,22989.398800000003,19715.512450000002,DISTRIBUTION,1,0.8473361103574827,168214.76637262673,STAGE2_SELL:EXECUTED
2023-03-09 00:00:00+00:00,21705.44,23398.008,23000.811400000002,19718.3393,EARLY_BEAR,2,0.6864355328987436,160894.3306205456,,21705.44,23398.008,23000.811400000002,19718.3393,EARLY_BEAR,2,0.6864355328987436,160894.3306205456,,21705.44,23398.008,23000.811400000002,19718.3393,EARLY_BEAR,2,0.6864355328987436,160894.3306205456,
2023-03-10 00:00:00+00:00,20362.22,23187.620499999997,22994.506400000002,19712.572350000002,EARLY_BEAR,2,0.6845057322240987,159910.17965651414,,20362.22,23187.620499999997,22994.506400000002,19712.572350000002,EARLY_BEAR,2,0.6845057322240987,159910.17965651414,,20362.22,23187.620499999997,22994.506400000002,19712.572350000002,EARLY_BEAR,2,0.6845057322240987,159910.17965651414,
2023-03-11 00:00:00+00:00,20150.69,22963.5575,22976.088399999997,19706.32665,EARLY_BEAR,2,0.6894806056054331,162472.12235812438,STAGE3_SELL:EXECUTED,20150.69,22963.5575,22976.088399999997,19706.32665,EARLY_BEAR,2,0.6894806056054331,162472.12235812438,BEAR_REENTRY_CANDIDATE|STAGE3_HELD_FOR_3_CLOSE_CONFIRMATION,20150.69,22963.5575,22976.088399999997,19706.32665,EARLY_BEAR,2,0.6894806056054331,162472.12235812438,STAGE3_REENTRY_CANDIDATE:1|STAGE3_HELD_FOR_3_CLOSE_CONFIRMATION
2023-03-12 00:00:00+00:00,20455.73,22772.756,22931.858799999998,19700.9597,BEAR,3,0.5677445713297244,169102.28517950483,,20455.73,22772.756,22931.858799999998,19700.9597,EARLY_BEAR,2,0.7046739336379254,170830.65393486572,STAGE3_HELD_FOR_3_CLOSE_CONFIRMATION,20455.73,22772.756,22931.858799999998,19700.9597,EARLY_BEAR,2,0.7046739336379254,170830.65393486572,STAGE3_HELD_FOR_3_CLOSE_CONFIRMATION
2023-03-13 00:00:00+00:00,21997.11,22630.501500000002,22916.13,19704.10485,BEAR,3,0.5858488240134727,176494.44214488455,,21997.11,22630.501500000002,22916.13,19704.10485,EARLY_BEAR,2,0.7200715855184061,180227.3096644215,,21997.11,22630.501500000002,22916.13,19704.10485,EARLY_BEAR,2,0.7200715855184061,180227.3096644215,
2023-03-14 00:00:00+00:00,24113.48,22613.567499999997,22944.242000000002,19716.87705,BEAR,3,0.5904889561025635,178494.2844855169,,24113.48,22613.567499999997,22944.242000000002,19716.87705,EARLY_BEAR,2,0.7239553568626255,182762.99249008705,,24113.48,22613.567499999997,22944.242000000002,19716.87705,EARLY_BEAR,2,0.7239553568626255,182762.99249008705,
2023-03-15 00:00:00+00:00,24670.41,22637.9775,22979.321199999995,19739.02385,BEAR,3,0.5850141150984612,176139.43854194687,,24670.41,22637.9775,22979.321199999995,19739.02385,EARLY_BEAR,2,0.7194935106202472,179855.89264690407,,24670.41,22637.9775,22979.321199999995,19739.02385,EARLY_BEAR,2,0.7194935106202472,179855.89264690407,
2023-03-16 00:00:00+00:00,24285.66,22655.250500000002,23012.376600000003,19760.26415,BEAR,3,0.5902713206778024,178399.47374518577,,24285.66,22655.250500000002,23012.376600000003,19760.26415,EARLY_BEAR,2,0.7239318035422705,182747.39969321157,EARLY_BEAR_TO_DISTRIBUTION,24285.66,22655.250500000002,23012.376600000003,19760.26415,EARLY_BEAR,2,0.7239318035422705,182747.39969321157,EARLY_BEAR_TO_DISTRIBUTION
2023-03-17 00:00:00+00:00,24998.78,22745.925,23051.133400000002,19787.48,BEAR,3,0.6093057869021521,187091.0249471332,,24998.78,22745.925,23051.133400000002,19787.48,DISTRIBUTION,1,0.7396318907277422,193766.99082563203,,24998.78,22745.925,23051.133400000002,19787.48,DISTRIBUTION,1,0.7396318907277422,193766.99082563203,
2023-03-18 00:00:00+00:00,27395.13,22957.828,23138.842999999997,19823.027,BEAR,3,0.6051425467645919,185118.40202193588,,27395.13,22957.828,23138.842999999997,19823.027,DISTRIBUTION,1,0.7362475313023618,191280.65526651317,,27395.13,22957.828,23138.842999999997,19823.027,DISTRIBUTION,1,0.7362475313023618,191280.65526651317,
2023-03-19 00:00:00+00:00,26907.49,23125.46,23215.5096,19858.50615,BEAR,3,0.6113177676251391,188059.48582412658,,26907.49,23125.46,23215.5096,19858.50615,DISTRIBUTION,1,0.741392478355906,195086.1472238116,,26907.49,23125.46,23215.5096,19858.50615,DISTRIBUTION,1,0.741392478355906,195086.1472238116,
2023-03-20 00:00:00+00:00,27972.87,23349.499000000003,23314.515,19898.1204,BEAR,3,0.6070636561144988,186023.4664134033,,27972.87,23349.499000000003,23314.515,19898.1204,DISTRIBUTION,1,0.7380489544227747,192596.081949104,,27972.87,23349.499000000003,23314.515,19898.1204,DISTRIBUTION,1,0.7380489544227747,192596.081949104,
2023-03-21 00:00:00+00:00,27717.01,23578.271,23394.009200000004,19936.04815,BEAR,3,0.6132729011765606,189010.23743040516,,27717.01,23578.271,23394.009200000004,19936.04815,DISTRIBUTION,1,0.7429228823852924,196247.51323164205,,27717.01,23578.271,23394.009200000004,19936.04815,DISTRIBUTION,1,0.7429228823852924,196247.51323164205,
2023-03-22 00:00:00+00:00,28105.47,23802.095999999998,23499.5956,19976.8162,BEAR,3,0.6051362666337746,185115.45779666747,,28105.47,23802.095999999998,23499.5956,19976.8162,DISTRIBUTION,1,0.7363763188333033,191374.10120884897,,28105.47,23802.095999999998,23499.5956,19976.8162,DISTRIBUTION,1,0.7363763188333033,191374.10120884897,
2023-03-23 00:00:00+00:00,27250.97,23991.3785,23582.1124,20013.91155,BEAR,3,0.6149435565686635,189830.30154752993,,27250.97,23991.3785,23582.1124,20013.91155,DISTRIBUTION,1,0.7442576411223781,197271.75921133385,,27250.97,23991.3785,23582.1124,20013.91155,DISTRIBUTION,1,0.7442576411223781,197271.75921133385,
2023-03-24 00:00:00+00:00,28295.41,24288.432,23673.3674,20055.3871,BEAR,3,0.6071146137768872,186047.59385954976,,28295.41,24288.432,23673.3674,20055.3871,DISTRIBUTION,1,0.7379662578501709,192535.2995638148,,28295.41,24288.432,23673.3674,20055.3871,DISTRIBUTION,1,0.7379662578501709,192535.2995638148,
2023-03-25 00:00:00+00:00,27454.47,24543.826999999997,23752.678,20093.67525,BEAR,3,0.6066654090853228,185835.11966087422,,27454.47,24543.826999999997,23752.678,20093.67525,DISTRIBUTION,1,0.7376241696916803,192284.2701683296,,27454.47,24543.826999999997,23752.678,20093.67525,DISTRIBUTION,1,0.7376241696916803,192284.2701683296,
2023-03-26 00:00:00+00:00,27462.95,24795.4625,23833.299000000003,20137.03695,BEAR,3,0.6110284143358771,187919.58966511223,,27462.95,24795.4625,23833.299000000003,20137.03695,DISTRIBUTION,1,0.7411502954609656,194903.62227953319,,27462.95,24795.4625,23833.299000000003,20137.03695,DISTRIBUTION,1,0.7411502954609656,194903.62227953319,
2023-03-27 00:00:00+00:00,27968.05,25073.364999999998,23926.123199999998,20180.413,BEAR,3,0.6034031993830951,184306.53161016532,,27968.05,25073.364999999998,23926.123199999998,20180.413,DISTRIBUTION,1,0.7349822407755374,190367.4123133551,,27968.05,25073.364999999998,23926.123199999998,20180.413,DISTRIBUTION,1,0.7349822407755374,190367.4123133551,
2023-03-28 00:00:00+00:00,27124.91,25319.7125,24009.963200000002,20219.438700000002,BEAR,3,0.6079124788824021,186426.1850543993,,27124.91,25319.7125,24009.963200000002,20219.438700000002,DISTRIBUTION,1,0.7384822653339866,192915.196000286,,27124.91,25319.7125,24009.963200000002,20219.438700000002,DISTRIBUTION,1,0.7384822653339866,192915.196000286,
2023-03-29 00:00:00+00:00,27261.07,25597.494,24099.9342,20248.943499999998,BEAR,3,0.6139932833496701,189362.9763846949,,27261.07,25597.494,24099.9342,20248.943499999998,DISTRIBUTION,1,0.7435423892395823,196721.57473141147,,27261.07,25597.494,24099.9342,20248.943499999998,DISTRIBUTION,1,0.7435423892395823,196721.57473141147,
2023-03-30 00:00:00+00:00,28348.6,25996.813000000002,24202.097,20282.4448,BEAR,3,0.6126723520586282,188717.1782285322,,28348.6,25996.813000000002,24202.097,20282.4448,DISTRIBUTION,1,0.7424104544296861,195857.11418895013,,28348.6,25996.813000000002,24202.097,20282.4448,DISTRIBUTION,1,0.7424104544296861,195857.11418895013,
2023-03-31 00:00:00+00:00,28028.53,26390.704999999998,24303.407600000002,20313.4531,BEAR,3,0.6163574793205872,190529.9252020906,,28028.53,26390.704999999998,24303.407600000002,20313.4531,DISTRIBUTION,1,0.7453703337867678,198133.80660208,,28028.53,26390.704999999998,24303.407600000002,20313.4531,DISTRIBUTION,1,0.7453703337867678,198133.80660208,
2023-04-01 00:00:00+00:00,28465.36,26791.1865,24436.7878,20343.8012,BEAR,3,0.6162816785260556,190492.28738574428,,28465.36,26791.1865,24436.7878,20343.8012,DISTRIBUTION,1,0.7453052798931491,198083.19944551415,,28465.36,26791.1865,24436.7878,20343.8012,DISTRIBUTION,1,0.7453052798931491,198083.19944551415,
2023-04-02 00:00:00+00:00,28452.73,27113.9675,24573.3386,20385.197,BEAR,3,0.6134229924058123,189083.6219781661,,28452.73,27113.9675,24573.3386,20385.197,DISTRIBUTION,1,0.7430283797481704,196328.0808643519,,28452.73,27113.9675,24573.3386,20385.197,DISTRIBUTION,1,0.7430283797481704,196328.0808643519,
2023-04-03 00:00:00+00:00,28171.87,27316.887,24699.525,20424.9228,BEAR,3,0.6128736450705405,188815.30497377054,,28171.87,27316.887,24699.525,20424.9228,DISTRIBUTION,1,0.7424596576732626,195894.53281318807,,28171.87,27316.887,24699.525,20424.9228,DISTRIBUTION,1,0.7424596576732626,195894.53281318807,
2023-04-04 00:00:00+00:00,27800.0,27473.366499999996,24819.854199999998,20465.4134,BEAR,3,0.6182711282816238,191485.07274376875,,27800.0,27473.366499999996,24819.854199999998,20465.4134,DISTRIBUTION,1,0.7466866644890109,199163.39950628506,,27800.0,27473.366499999996,24819.854199999998,20465.4134,DISTRIBUTION,1,0.7466866644890109,199163.39950628506,
2023-04-05 00:00:00+00:00,28165.47,27667.356999999996,24947.6842,20507.22425,BEAR,3,0.6207059606677732,192714.2880971171,,28165.47,27667.356999999996,24947.6842,20507.22425,DISTRIBUTION,1,0.7485222914007451,200617.16532116605,,28165.47,27667.356999999996,24947.6842,20507.22425,DISTRIBUTION,1,0.7485222914007451,200617.16532116605,
2023-04-06 00:00:00+00:00,28170.01,27825.9185,25067.0876,20547.5062,BEAR,3,0.6178925954813311,191295.37900859697,,28170.01,27825.9185,25067.0876,20547.5062,DISTRIBUTION,1,0.7463438986634273,198894.26974083454,,28170.01,27825.9185,25067.0876,20547.5062,DISTRIBUTION,1,0.7463438986634273,198894.26974083454,
2023-04-07 00:00:00+00:00,28033.82,27857.853000000003,25141.283000000003,20590.594399999998,BEAR,3,0.6168288810127366,190764.32733913776,,28033.82,27857.853000000003,25141.283000000003,20590.594399999998,DISTRIBUTION,1,0.7454870511300374,198224.6689791071,,28033.82,27857.853000000003,25141.283000000003,20590.594399999998,DISTRIBUTION,1,0.7454870511300374,198224.6689791071,
2023-04-08 00:00:00+00:00,27906.33,27907.795000000002,25229.055199999995,20632.44095,BEAR,3,0.6160439708387705,190374.35335778008,,27906.33,27907.795000000002,25229.055199999995,20632.44095,DISTRIBUTION,1,0.7449029813836182,197770.81407804784,,27906.33,27907.795000000002,25229.055199999995,20632.44095,DISTRIBUTION,1,0.7449029813836182,197770.81407804784,
2023-04-09 00:00:00+00:00,27938.38,27906.0705,25296.4234,20677.757849999998,BEAR,3,0.6183382687692888,191518.75807324395,,27938.38,27906.0705,25296.4234,20677.757849999998,DISTRIBUTION,1,0.7467848310841017,199240.61128186682,,27938.38,27906.0705,25296.4234,20677.757849999998,DISTRIBUTION,1,0.7467848310841017,199240.61128186682,
2023-04-10 00:00:00+00:00,28323.76,27936.408000000003,25370.2596,20727.06985,BEAR,3,0.626916536379398,195922.32810329698,,28323.76,27936.408000000003,25370.2596,20727.06985,DISTRIBUTION,1,0.7537194039434416,204850.66971763675,,28323.76,27936.408000000003,25370.2596,20727.06985,DISTRIBUTION,1,0.7537194039434416,204850.66971763675,
2023-04-11 00:00:00+00:00,29637.34,28013.001499999995,25477.571200000002,20778.2484,BEAR,3,0.6279812391119025,196483.04992708954,,29637.34,28013.001499999995,25477.571200000002,20778.2484,DISTRIBUTION,1,0.754717259269768,205684.0399387567,,29637.34,28013.001499999995,25477.571200000002,20778.2484,DISTRIBUTION,1,0.754717259269768,205684.0399387567,
2023-04-12 00:00:00+00:00,30200.42,28160.474,25584.7356,20832.80095,BEAR,3,0.6283964528709671,196702.59160365048,,30200.42,28160.474,25584.7356,20832.80095,DISTRIBUTION,1,0.7549104993468282,205846.21089925032,,30200.42,28160.474,25584.7356,20832.80095,DISTRIBUTION,1,0.7549104993468282,205846.21089925032,
2023-04-13 00:00:00+00:00,29888.07,28240.107,25693.453800000003,20887.6388,BEAR,3,0.6358406408333318,200723.60885261718,,29888.07,28240.107,25693.453800000003,20887.6388,DISTRIBUTION,1,0.760613901049835,210750.5208610609,,29888.07,28240.107,25693.453800000003,20887.6388,DISTRIBUTION,1,0.760613901049835,210750.5208610609,
2023-04-14 00:00:00+00:00,30373.84,28386.0755,25817.286399999997,20945.471100000002,BEAR,3,0.6411708781723178,203705.26337740244,,30373.84,28386.0755,25817.286399999997,20945.471100000002,DISTRIBUTION,1,0.7645843864793647,214305.00843234206,,30373.84,28386.0755,25817.286399999997,20945.471100000002,DISTRIBUTION,1,0.7645843864793647,214305.00843234206,
2023-04-15 00:00:00+00:00,30466.93,28536.2745,25947.821,21001.66665,BEAR,3,0.6400269030795537,203057.89903389374,,30466.93,28536.2745,25947.821,21001.66665,DISTRIBUTION,1,0.7636793881124575,213484.31961852172,,30466.93,28536.2745,25947.821,21001.66665,DISTRIBUTION,1,0.7636793881124575,213484.31961852172,
2023-04-16 00:00:00+00:00,30295.09,28652.626499999995,26090.016999999996,21057.74645,BEAR,3,0.6416450088222396,203974.78078694153,,30295.09,28652.626499999995,26090.016999999996,21057.74645,DISTRIBUTION,1,0.7648751309325664,214570.00801635967,,30295.09,28652.626499999995,26090.016999999996,21057.74645,DISTRIBUTION,1,0.7648751309325664,214570.00801635967,
2023-04-17 00:00:00+00:00,30304.65,28811.6135,26232.968600000004,21112.2056,BEAR,3,0.635850755027593,200729.18392273135,,30304.65,28811.6135,26232.968600000004,21112.2056,DISTRIBUTION,1,0.7602839556573315,210460.44364275676,,30304.65,28811.6135,26232.968600000004,21112.2056,DISTRIBUTION,1,0.7602839556573315,210460.44364275676,
2023-04-18 00:00:00+00:00,29430.27,28920.0735,26350.477,21161.3994,BEAR,3,0.6411272298282542,203680.487473064,,29430.27,28920.0735,26350.477,21161.3994,DISTRIBUTION,1,0.7645132648232055,214240.28407701277,,29430.27,28920.0735,26350.477,21161.3994,DISTRIBUTION,1,0.7645132648232055,214240.28407701277,
2023-04-19 00:00:00+00:00,30380.01,29021.644,26488.235399999994,21216.186400000002,BEAR,3,0.6251360747849595,194991.77128729815,,30380.01,29021.644,26488.235399999994,21216.186400000002,DISTRIBUTION,1,0.7520529250269884,203473.8463687712,,30380.01,29021.644,26488.235399999994,21216.186400000002,DISTRIBUTION,1,0.7520529250269884,203473.8463687712,
2023-04-20 00:00:00+00:00,28797.1,29060.0725,26601.346,21263.61715,BEAR,3,0.6234599408662086,194123.7831043574,,28797.1,29060.0725,26601.346,21263.61715,DISTRIBUTION,1,0.7505843838086539,202275.806988525,,28797.1,29060.0725,26601.346,21263.61715,DISTRIBUTION,1,0.7505843838086539,202275.806988525,
2023-04-21 00:00:00+00:00,28243.65,29048.987,26693.6396,21309.5514,BEAR,3,0.6134366426350486,189090.29885204887,,28243.65,29048.987,26693.6396,21309.5514,DISTRIBUTION,1,0.7426224466995434,196018.43437275084,,28243.65,29048.987,26693.6396,21309.5514,DISTRIBUTION,1,0.7426224466995434,196018.43437275084,
2023-04-22 00:00:00+00:00,27262.84,28989.4925,26769.59,21347.7202,BEAR,3,0.6174527118624897,191075.4122065955,,27262.84,28989.4925,26769.59,21347.7202,DISTRIBUTION,1,0.7458836931840347,198534.07155480937,,27262.84,28989.4925,26769.59,21347.7202,DISTRIBUTION,1,0.7458836931840347,198534.07155480937,
2023-04-23 00:00:00+00:00,27816.85,28971.741499999996,26878.8402,21385.115349999996,BEAR,3,0.6157424760808847,190224.98251661123,,27816.85,28971.741499999996,26878.8402,21385.115349999996,DISTRIBUTION,1,0.7444970582566561,197456.61124842623,,27816.85,28971.741499999996,26878.8402,21385.115349999996,DISTRIBUTION,1,0.7444970582566561,197456.61124842623,
2023-04-24 00:00:00+00:00,27590.6,28961.271500000003,26983.7208,21422.27705,BEAR,3,0.6141356734510108,189432.85434837904,,27590.6,28961.271500000003,26983.7208,21422.27705,DISTRIBUTION,1,0.7432437956662243,196492.79818399338,,27590.6,28961.271500000003,26983.7208,21422.27705,DISTRIBUTION,1,0.7432437956662243,196492.79818399338,
2023-04-25 00:00:00+00:00,27510.93,28928.5445,27085.3346,21460.02835,BEAR,3,0.6190633680663897,191883.30720089193,,27510.93,28928.5445,27085.3346,21460.02835,DISTRIBUTION,1,0.7472796627698779,199630.72854997538,,27510.93,28928.5445,27085.3346,21460.02835,DISTRIBUTION,1,0.7472796627698779,199630.72854997538,
2023-04-26 00:00:00+00:00,28300.79,28935.0835,27203.150399999995,21503.88185,BEAR,3,0.6195628175594905,192135.21743716585,,28300.79,28935.0835,27203.150399999995,21503.88185,DISTRIBUTION,1,0.7476976535376119,199961.45794135798,,28300.79,28935.0835,27203.150399999995,21503.88185,DISTRIBUTION,1,0.7476976535376119,199961.45794135798,
2023-04-27 00:00:00+00:00,28415.29,28954.157,27327.496999999996,21548.8685,BEAR,3,0.6265566675523562,195733.52746802056,,28415.29,28954.157,27327.496999999996,21548.8685,DISTRIBUTION,1,0.753344194015628,204539.0532742671,,28415.29,28954.157,27327.496999999996,21548.8685,DISTRIBUTION,1,0.753344194015628,204539.0532742671,
2023-04-28 00:00:00+00:00,29472.77,29032.479,27482.8436,21599.037249999998,BEAR,3,0.6248534848334518,194844.88810175666,,29472.77,29032.479,27482.8436,21599.037249999998,DISTRIBUTION,1,0.7520071730849781,203436.30768777188,,29472.77,29032.479,27482.8436,21599.037249999998,DISTRIBUTION,1,0.7520071730849781,203436.30768777188,
2023-04-29 00:00:00+00:00,29311.7,29101.145,27661.833199999997,21649.936400000002,BEAR,3,0.6255665428657368,195215.94391918805,,29311.7,29101.145,27661.833199999997,21649.936400000002,DISTRIBUTION,1,0.7525085999632934,203848.47729319954,,29311.7,29101.145,27661.833199999997,21649.936400000002,DISTRIBUTION,1,0.7525085999632934,203848.47729319954,
2023-04-30 00:00:00+00:00,29230.45,29146.479499999998,27843.428400000004,21700.788650000002,BEAR,3,0.6233075111191401,194045.2303324492,,29230.45,29146.479499999998,27843.428400000004,21700.788650000002,DISTRIBUTION,1,0.7508135063586403,202461.7959962778,,29230.45,29146.479499999998,27843.428400000004,21700.788650000002,DISTRIBUTION,1,0.7508135063586403,202461.7959962778,
