timestamp,action,side,asset,B_quantity,B_gross_notional_usd,B_cash_change_usd,B_cost_usd,Q_quantity,Q_gross_notional_usd,Q_cash_change_usd,Q_cost_usd,classification,causal_parent_stage3_candidate_id
2023-03-12 00:00:00+00:00,TACTICAL_SELL_STAGE3,SELL,BTC,0.6929183886664501,14174.151470595962,14152.897330465807,21.254140130156646,0.0,0.0,0.0,0.0,DIRECT_STAGE3_DELAY,1
2023-03-12 00:00:00+00:00,TACTICAL_SELL_STAGE3,SELL,ETH,5.777782151568061,8504.490882357577,8491.738398279484,12.752484078094326,0.0,0.0,0.0,0.0,DIRECT_STAGE3_DELAY,1
2023-08-01 00:00:00+00:00,TACTICAL_SELL_STAGE2,SELL,BTC,0.0,0.0,0.0,0.0,0.2241058118944296,6551.119360809058,6541.295957327526,9.823403481532852,INDIRECT_PATH_DIFFERENCE,1
2023-08-01 00:00:00+00:00,TACTICAL_SELL_STAGE2,SELL,ETH,0.0,0.0,0.0,0.0,2.1176704306731935,3930.671616485435,3924.7775743965153,5.894042088919557,INDIRECT_PATH_DIFFERENCE,1
2023-08-20 00:00:00+00:00,TACTICAL_SELL_STAGE3,SELL,BTC,0.0,0.0,0.0,0.0,0.5726707110825305,14946.711285961157,14924.29869238786,22.412593573297226,INDIRECT_PATH_DIFFERENCE,2
2023-08-20 00:00:00+00:00,TACTICAL_SELL_STAGE3,SELL,ETH,0.0,0.0,0.0,0.0,5.371105104916328,8968.026771576695,8954.579215432716,13.447556143979176,INDIRECT_PATH_DIFFERENCE,2
2023-11-02 00:00:00+00:00,TACTICAL_SELL_DRIFT,SELL,BTC,0.37193428276047136,13174.444161400243,13154.689082380224,19.755079020020062,0.0,0.0,0.0,0.0,INDIRECT_PATH_DIFFERENCE,2
2023-11-02 00:00:00+00:00,TACTICAL_SELL_DRIFT,SELL,ETH,4.2797559796426325,7904.666496840146,7892.813449428134,11.85304741201181,0.0,0.0,0.0,0.0,INDIRECT_PATH_DIFFERENCE,2
2023-12-06 00:00:00+00:00,TACTICAL_SELL_DRIFT,SELL,BTC,0.0,0.0,0.0,0.0,0.36781138274044406,16210.852676853438,16186.544503264498,24.308173588939987,INDIRECT_PATH_DIFFERENCE,2
2023-12-06 00:00:00+00:00,TACTICAL_SELL_DRIFT,SELL,ETH,0.0,0.0,0.0,0.0,4.241217620714011,9726.511606112063,9711.926701958699,14.58490415336401,INDIRECT_PATH_DIFFERENCE,2
2024-02-19 00:00:00+00:00,TACTICAL_SELL_DRIFT,SELL,BTC,0.32596022853492645,16994.810088080863,16969.32637035379,25.483717727077227,0.0,0.0,0.0,0.0,INDIRECT_PATH_DIFFERENCE,2
2024-02-19 00:00:00+00:00,TACTICAL_SELL_DRIFT,SELL,ETH,3.5391108055145484,10196.886052848517,10181.59582221227,15.29023063624601,0.0,0.0,0.0,0.0,INDIRECT_PATH_DIFFERENCE,2
2024-03-05 00:00:00+00:00,TACTICAL_SELL_DRIFT,SELL,BTC,0.0,0.0,0.0,0.0,0.3208257830254197,21894.983348875718,21862.15182134408,32.83152753163726,INDIRECT_PATH_DIFFERENCE,2
2024-03-05 00:00:00+00:00,TACTICAL_SELL_DRIFT,SELL,ETH,0.0,0.0,0.0,0.0,3.62125008871213,13136.99000932543,13117.291092806447,19.69891651898285,INDIRECT_PATH_DIFFERENCE,2
2024-11-22 00:00:00+00:00,TACTICAL_SELL_DRIFT,SELL,BTC,0.24949441878109938,24529.5727106316,24492.790616352006,36.78209427959114,0.0,0.0,0.0,0.0,INDIRECT_PATH_DIFFERENCE,2
2024-11-22 00:00:00+00:00,TACTICAL_SELL_DRIFT,SELL,ETH,4.385658493861211,14717.74362637896,14695.674369811206,22.069256567755406,0.0,0.0,0.0,0.0,INDIRECT_PATH_DIFFERENCE,2
2025-08-10 00:00:00+00:00,TACTICAL_SELL_DRIFT,SELL,BTC,0.0,0.0,0.0,0.0,0.22763267758630507,26510.613805225657,26470.861139824723,39.752665400933864,INDIRECT_PATH_DIFFERENCE,2
2025-08-10 00:00:00+00:00,TACTICAL_SELL_DRIFT,SELL,ETH,0.0,0.0,0.0,0.0,3.7333371551003944,15906.368283135394,15882.516683894833,23.851599240559388,INDIRECT_PATH_DIFFERENCE,2
2025-11-21 00:00:00+00:00,TACTICAL_SELL_STAGE4,SELL,BTC,0.65732628519852,56948.921982526925,56863.52707401412,85.39490851280048,0.5566125018065834,48223.35977376736,48151.0488457866,72.31092798076533,INDIRECT_PATH_DIFFERENCE,2
2025-11-21 00:00:00+00:00,TACTICAL_SELL_STAGE4,SELL,ETH,12.05604143289176,34169.35318951616,34118.11624440848,51.23694510767939,10.208846861827604,28934.015864260415,28890.629307471958,43.386556788458414,INDIRECT_PATH_DIFFERENCE,2
2026-02-06 00:00:00+00:00,TACTICAL_BUYBACK_AHR999_TO_35,BUY,BTC,0.4890370348235556,30765.256285935357,-30811.419552992396,46.16326705704321,0.5161765852690273,32472.601876318426,-32521.327015433835,48.725139115412844,INDIRECT_PATH_DIFFERENCE,2
2026-02-06 00:00:00+00:00,TACTICAL_BUYBACK_AHR999_TO_35,BUY,ETH,10.104472650198002,18459.153771561214,-18486.85173179544,27.697960234227466,10.665229455281036,19483.561125791053,-19512.7962092603,29.235083469249332,INDIRECT_PATH_DIFFERENCE,2
2026-02-13 00:00:00+00:00,TACTICAL_SELL_STAGE4,SELL,BTC,0.3381738134254784,22411.512452881587,22377.906389958494,33.6060629230929,0.3563786195160938,23617.984456935883,23582.56928924271,35.41516769317215,INDIRECT_PATH_DIFFERENCE,2
2026-02-13 00:00:00+00:00,TACTICAL_SELL_STAGE4,SELL,ETH,6.903461494329108,13446.907471728953,13426.743833975097,20.163637753856055,7.275093397418451,14170.79067416153,14149.541573545626,21.24910061590362,INDIRECT_PATH_DIFFERENCE,2
2026-02-14 00:00:00+00:00,TACTICAL_BUYBACK_AHR999_TO_35,BUY,BTC,0.26785912005793094,18443.163816695174,-18470.837784002128,27.673967306950644,0.2822207556899171,19432.019445650883,-19461.17719082908,29.157745178198653,INDIRECT_PATH_DIFFERENCE,2
2026-02-14 00:00:00+00:00,TACTICAL_BUYBACK_AHR999_TO_35,BUY,ETH,5.401371729673704,11065.898290017109,-11082.502670401278,16.604380384170064,5.6909737140216965,11659.21166739053,-11676.706314497447,17.49464710691885,INDIRECT_PATH_DIFFERENCE,2
2026-02-21 00:00:00+00:00,TACTICAL_SELL_STAGE4,SELL,BTC,0.27953485003844775,19013.960499615216,18985.44906584604,28.511433769171553,0.29442166181949375,20026.561436961965,19996.531608087244,30.029828874722927,INDIRECT_PATH_DIFFERENCE,2
2026-02-21 00:00:00+00:00,TACTICAL_SELL_STAGE4,SELL,ETH,5.794348208001061,11408.37629976913,11391.269439507627,17.10686026150352,6.102930022234559,12015.93686217718,11997.918964852344,18.017897324834372,INDIRECT_PATH_DIFFERENCE,2
2026-02-22 00:00:00+00:00,TACTICAL_BUYBACK_AHR999_TO_35,BUY,BTC,0.29246733010970566,19880.73875882424,-19910.569807331856,29.831048507613723,0.30817227527391944,20948.297011960676,-20979.72993162712,31.432919666444832,INDIRECT_PATH_DIFFERENCE,2
2026-02-22 00:00:00+00:00,TACTICAL_BUYBACK_AHR999_TO_35,BUY,ETH,6.04476816342491,11928.443255294547,-11946.341884399113,17.898629104568727,6.369360836737735,12568.978207176408,-12587.837958976274,18.859751799867418,INDIRECT_PATH_DIFFERENCE,2
2026-03-01 00:00:00+00:00,TACTICAL_SELL_STAGE4,SELL,BTC,0.28870500494665385,19335.515359593534,19306.521754311823,28.99360528171034,0.3042320289456103,20375.410774901884,20344.857846444917,30.552928456965198,INDIRECT_PATH_DIFFERENCE,2
2026-03-01 00:00:00+00:00,TACTICAL_SELL_STAGE4,SELL,ETH,5.905446760645718,11601.30921575612,11583.913052587095,17.396163169025687,6.223051277387812,12225.24646494113,12206.914707866952,18.331757074178576,INDIRECT_PATH_DIFFERENCE,2
2026-03-02 00:00:00+00:00,TACTICAL_BUYBACK_AHR999_TO_35,BUY,BTC,0.3090863993727206,20330.615366611768,-20361.121454969365,30.50608835760103,0.3256806601364832,21422.127427854186,-21454.271330059677,32.14390220549528,INDIRECT_PATH_DIFFERENCE,2
2026-03-02 00:00:00+00:00,TACTICAL_BUYBACK_AHR999_TO_35,BUY,ETH,6.288759257810219,12198.36921996706,-12216.672872981619,18.303653014559472,6.626390778370227,12853.276456712512,-12872.562798035808,19.286341323295964,INDIRECT_PATH_DIFFERENCE,2
2026-03-06 00:00:00+00:00,TACTICAL_BUYBACK_RIGHT_TO_50,BUY,BTC,0.38054483793872473,26977.211717210896,-27017.691023392566,40.47930618167131,0.40103506517268867,28429.784825858376,-28472.443717989572,42.658892131196666,INDIRECT_PATH_DIFFERENCE,2
2026-03-06 00:00:00+00:00,TACTICAL_BUYBACK_RIGHT_TO_50,BUY,ETH,7.808692835177743,16186.327030326536,-16210.614614035541,24.287583709005823,8.229147600665275,17057.87089551502,-17083.466230793743,25.595335278721194,INDIRECT_PATH_DIFFERENCE,2
2026-03-13 00:00:00+00:00,TACTICAL_SELL_STAGE4,SELL,BTC,0.7150904734703667,50443.44021983411,50367.800281224474,75.63993860963987,0.7534981247645066,53152.767408375475,53073.064833646626,79.70257472885757,INDIRECT_PATH_DIFFERENCE,2
2026-03-13 00:00:00+00:00,TACTICAL_SELL_STAGE4,SELL,ETH,14.596536371611645,30266.064131900464,30220.680168734678,45.38396316578598,15.380519237922789,31891.660445025285,31843.83890018797,47.821544837316715,INDIRECT_PATH_DIFFERENCE,2
2026-03-22 00:00:00+00:00,TACTICAL_BUYBACK_AHR999_TO_35,BUY,BTC,0.29983922881651687,20664.355952284164,-20695.362818390564,31.006866106400523,0.3158658781193639,21768.882492135694,-21801.54670031514,32.66420817944764,INDIRECT_PATH_DIFFERENCE,2
2026-03-22 00:00:00+00:00,TACTICAL_BUYBACK_AHR999_TO_35,BUY,ETH,5.946976569827468,12398.613571370495,-12417.217691034337,18.604119663841235,6.264847277650017,13061.329495281416,-13080.928020189083,19.59852490766956,INDIRECT_PATH_DIFFERENCE,2
2026-03-29 00:00:00+00:00,TACTICAL_SELL_STAGE4,SELL,BTC,0.2731959446410097,18133.938145274085,18106.746305025248,27.191840248837416,0.2878231487070993,19104.848654657075,19076.20093409942,28.647720557657156,INDIRECT_PATH_DIFFERENCE,2
2026-03-29 00:00:00+00:00,TACTICAL_SELL_STAGE4,SELL,ETH,5.454526849195609,10880.36288716445,10864.047783015147,16.315104149302105,5.746568070422334,11462.909192794246,11445.720560459653,17.188632334593933,INDIRECT_PATH_DIFFERENCE,2
2026-03-30 00:00:00+00:00,TACTICAL_BUYBACK_AHR999_TO_35,BUY,BTC,0.30342502343818534,20029.36798242641,-20059.422049084034,30.054066657629228,0.31973192385802846,21105.801644557643,-21137.470899925298,31.66925536765706,INDIRECT_PATH_DIFFERENCE,2
2026-03-30 00:00:00+00:00,TACTICAL_BUYBACK_AHR999_TO_35,BUY,ETH,6.05528470483755,12017.620789455845,-12035.653229450421,18.032439994578112,6.3807124615093755,12663.480986734583,-12682.482539955177,19.00155322059484,INDIRECT_PATH_DIFFERENCE,2
2026-04-06 00:00:00+00:00,TACTICAL_SELL_STAGE4,SELL,BTC,0.32675608806619927,22557.33859965785,22523.513870427665,33.82472923018496,0.3443570919852027,23772.40947238304,23736.7627443792,35.64672800383627,INDIRECT_PATH_DIFFERENCE,2
2026-04-06 00:00:00+00:00,TACTICAL_SELL_STAGE4,SELL,ETH,6.413892321374444,13534.40315979471,13514.1083222566,20.29483753811193,6.75938226940475,14263.445683429822,14242.057646627518,21.388036802302764,INDIRECT_PATH_DIFFERENCE,2
2026-06-04 00:00:00+00:00,TACTICAL_BUYBACK_AHR999_TO_35,BUY,BTC,0.35746008386164657,22928.47279411663,-22962.8769675442,34.404173427571834,0.377169784733306,24192.70720970226,-24229.008366870417,36.30115716815807,INDIRECT_PATH_DIFFERENCE,2
2026-06-04 00:00:00+00:00,TACTICAL_BUYBACK_AHR999_TO_35,BUY,ETH,7.587812623187436,13757.083676469982,-13777.726180526523,20.64250405654225,8.00619085288401,14515.624325821354,-14537.405020122249,21.780694300893934,INDIRECT_PATH_DIFFERENCE,2
2026-06-05 00:00:00+00:00,TACTICAL_SELL_STAGE4,SELL,BTC,0.3017380170465245,19276.83193965409,19247.926330160582,28.90560949351059,0.31779222095941556,20302.470650291012,20272.0270955509,30.443554740110613,INDIRECT_PATH_DIFFERENCE,2
2026-06-05 00:00:00+00:00,TACTICAL_SELL_STAGE4,SELL,ETH,6.5317147235042885,11566.099163792454,11548.755798096348,17.3433656961064,6.8792396429638165,12181.482390174608,12163.216257330541,18.26613284406642,INDIRECT_PATH_DIFFERENCE,2
2026-06-06 00:00:00+00:00,TACTICAL_BUYBACK_AHR999_TO_35,BUY,BTC,0.354505557953365,21644.857964012892,-21677.33607338789,32.47810937500062,0.37369736596610353,22816.642014188423,-22850.87838553071,34.23637134228896,INDIRECT_PATH_DIFFERENCE,2
2026-06-06 00:00:00+00:00,TACTICAL_BUYBACK_AHR999_TO_35,BUY,ETH,8.201916621452403,12986.914778407736,-13006.401644032736,19.48686562500074,8.6459424078016,13689.985208513055,-13710.527031318426,20.541822805373766,INDIRECT_PATH_DIFFERENCE,2
2026-06-13 00:00:00+00:00,TACTICAL_SELL_STAGE4,SELL,BTC,0.3416660361963147,21723.12658136169,21690.552753052936,32.57382830874967,0.3599024001572203,22882.59460199607,22848.282151390376,34.3124506056908,INDIRECT_PATH_DIFFERENCE,2
2026-06-13 00:00:00+00:00,TACTICAL_SELL_STAGE4,SELL,ETH,7.82148314879623,13033.875948817014,13014.331651831762,19.544296985251176,8.238953421825014,13729.556761197642,13708.969290834226,20.58747036341593,INDIRECT_PATH_DIFFERENCE,2
2026-06-14 00:00:00+00:00,TACTICAL_BUYBACK_AHR999_TO_35,BUY,BTC,0.2993000286425542,19292.284239242043,-19321.23231174302,28.94807250098082,0.31528917544347584,20322.91282362732,-20353.40735431917,30.494530691850834,INDIRECT_PATH_DIFFERENCE,2
2026-06-14 00:00:00+00:00,TACTICAL_BUYBACK_AHR999_TO_35,BUY,ETH,6.8852244800083415,11575.370543545225,-11592.73938704581,17.368843500588877,7.253045577344852,12193.747694176393,-12212.044412591502,18.296718415110906,INDIRECT_PATH_DIFFERENCE,2
2026-06-21 00:00:00+00:00,TACTICAL_SELL_STAGE4,SELL,BTC,0.3152436300186998,20269.538075378663,20239.143903034634,30.39417234403009,0.3321799470469837,21358.50955702643,21326.48247194567,32.027085080760905,INDIRECT_PATH_DIFFERENCE,2
2026-06-21 00:00:00+00:00,TACTICAL_SELL_STAGE4,SELL,ETH,6.985160271341465,12161.722845227197,12143.48634182078,18.236503406417427,7.360434749819572,12815.10573421586,12795.889483167404,19.216251048455888,INDIRECT_PATH_DIFFERENCE,2
2026-06-22 00:00:00+00:00,TACTICAL_BUYBACK_AHR999_TO_35,BUY,BTC,0.321366896500027,20346.380951209707,-20376.910695826995,30.52974461728869,0.3385450618111908,21433.964953390114,-21466.12661780267,32.161664412560306,INDIRECT_PATH_DIFFERENCE,2
2026-06-22 00:00:00+00:00,TACTICAL_BUYBACK_AHR999_TO_35,BUY,ETH,7.151879135016944,12207.828570725824,-12226.146417496197,18.31784677037421,7.534171659246408,12860.378972034065,-12879.675970681601,19.29699864753723,INDIRECT_PATH_DIFFERENCE,2
2026-06-29 00:00:00+00:00,TACTICAL_SELL_STAGE4,SELL,BTC,0.275538171095332,16415.740374728306,16391.124972036403,24.61540269190422,0.2901259970936639,17284.839430109183,17258.92081338374,25.918616725447798,INDIRECT_PATH_DIFFERENCE,2
2026-06-29 00:00:00+00:00,TACTICAL_SELL_STAGE4,SELL,ETH,6.265709194150605,9849.444224836985,9834.674983221843,14.769241615142317,6.597434831716779,10370.903658065508,10355.35248803024,15.551170035268447,INDIRECT_PATH_DIFFERENCE,2
2026-06-30 00:00:00+00:00,TACTICAL_BUYBACK_AHR999_TO_35,BUY,BTC,0.31194144321098866,18797.65375618282,-18825.859635643967,28.205879461150715,0.3285323265390426,19797.423703708013,-19827.129737975425,29.706034267412182,INDIRECT_PATH_DIFFERENCE,2
2026-06-30 00:00:00+00:00,TACTICAL_BUYBACK_AHR999_TO_35,BUY,ETH,6.992004224063239,11278.592253709689,-11295.515781386379,16.923527676690966,7.363880192567469,11878.454222224806,-11896.277842785254,17.82362056044788,INDIRECT_PATH_DIFFERENCE,2
