model,cycle_id,start,end,status,confirmed,duration_days,long_cycle_warning,extreme_cycle_warning,missed_macro_bull,missed_macro_bull_days,first_missed_macro_bull_date,new_bull_date,new_bull_path,cycle_closed
B,1,2020-02-20T00:00:00+0000,2020-05-17T00:00:00+0000,COMPLETED_NEW_BULL,True,87.0,False,False,False,0,,2020-05-08T00:00:00+0000,,True
B,2,2020-06-16T00:00:00+0000,2023-02-05T00:00:00+0000,COMPLETED_NEW_BULL,True,964.0,True,False,True,43,2021-05-23T00:00:00+0000,2023-01-27T00:00:00+0000,,True
B,3,2023-03-07T00:00:00+0000,2026-09-02T00:00:00+0000,OPEN_AT_END,True,1275.0,True,True,True,531,2023-04-22T00:00:00+0000,,,False
F,1,2020-02-20T00:00:00+0000,2020-05-17T00:00:00+0000,COMPLETED_NEW_BULL,True,87.0,False,False,False,0,,2020-05-08T00:00:00+0000,V3.1_ORIGINAL,True
F,2,2020-06-16T00:00:00+0000,2022-01-21T00:00:00+0000,COMPLETED_NEW_BULL,True,584.0,False,False,True,17,2021-05-23T00:00:00+0000,2021-11-12T00:00:00+0000,MACRO_BULL_REQUALIFICATION,True
F,3,2022-02-20T00:00:00+0000,2023-02-05T00:00:00+0000,COMPLETED_NEW_BULL,True,350.0,False,False,False,0,,2023-01-27T00:00:00+0000,V3.1_ORIGINAL,True
F,4,2023-03-07T00:00:00+0000,2023-04-02T00:00:00+0000,COMPLETED_NEW_BULL,True,26.0,False,False,False,0,,2023-03-24T00:00:00+0000,MACRO_BULL_REQUALIFICATION,True
F,5,2023-05-09T00:00:00+0000,2023-12-04T00:00:00+0000,COMPLETED_NEW_BULL,True,209.0,False,False,True,19,2023-08-19T00:00:00+0000,2023-11-19T00:00:00+0000,MACRO_BULL_REQUALIFICATION,True
F,6,2024-01-14T00:00:00+0000,2026-07-21T00:00:00+0000,COMPLETED_NEW_BULL,True,919.0,True,False,True,36,2024-07-06T00:00:00+0000,2024-11-17T00:00:00+0000,MACRO_BULL_REQUALIFICATION,True
