baseline_final_value,counterfactual_final_value,final_wealth_contribution,final_wealth_contribution_fraction,delta_twr_cagr_pp,delta_xirr_pp,delta_sharpe,delta_sortino,delta_calmar,baseline_max_dd,counterfactual_max_dd,dd_protection_contribution_pp,baseline_tactical_events,counterfactual_tactical_events,tactical_events_removed_direct,tactical_events_removed_indirect,tactical_trade_rows_removed,gross_notional_saved,turnover_saved,fees_saved,slippage_saved,total_trading_cost_saved,next_major_transition_date,observed_date_7d,baseline_value_7d,counterfactual_value_7d,portfolio_value_contribution_7d,observed_date_30d,baseline_value_30d,counterfactual_value_30d,portfolio_value_contribution_30d,observed_date_60d,baseline_value_60d,counterfactual_value_60d,portfolio_value_contribution_60d,observed_date_90d,baseline_value_90d,counterfactual_value_90d,portfolio_value_contribution_90d,observed_date_180d,baseline_value_180d,counterfactual_value_180d,portfolio_value_contribution_180d,baseline_value_next_transition,counterfactual_value_next_transition,portfolio_value_contribution_next_transition,baseline_local_dd_7d,counterfactual_local_dd_7d,local_dd_protection_7d_pp,baseline_local_dd_30d,counterfactual_local_dd_30d,local_dd_protection_30d_pp,baseline_local_dd_60d,counterfactual_local_dd_60d,local_dd_protection_60d_pp,baseline_local_dd_90d,counterfactual_local_dd_90d,local_dd_protection_90d_pp,baseline_local_dd_next_transition,counterfactual_local_dd_next_transition,local_dd_protection_next_transition_pp,max_local_dd_protection_pp,first_resync_date,days_to_resync,resync_status,net_crypto_exposure_day_difference,absolute_crypto_exposure_day_difference,tactical_event_id,timestamp,action,side,ledger,reason,cycle_id,signal_date,target_exposure,exposure_before,exposure_after,btc_notional,eth_notional,gross_notional,fee,slippage,cost,temporary_lot_id,trade_rows,shadow_state,shadow_stage,signal_type,opposite_action_within_3_closes,opposite_action_within_7_days,opposite_action_within_14_days,classification_loose,classification_base,classification_strict,classification,robust_classification,classification_direction_note,btc_completed_daily_close,ahr999,sma10,sma20,sma50,sma200,bb_upper,bb_middle,bb_lower,bb_band_width,distance_to_sma20,distance_to_sma50,distance_to_sma200,return_20d,return_60d,realized_volatility_20d,distance_to_20d_low,distance_to_60d_low,sma20_slope_3d,btc_execution_price,eth_execution_price,ex_post_btc_forward_return_3d,ex_post_eth_forward_return_3d,ex_post_btc_forward_return_7d,ex_post_eth_forward_return_7d,ex_post_btc_forward_return_14d,ex_post_eth_forward_return_14d,ex_post_btc_forward_return_30d,ex_post_eth_forward_return_30d,ex_post_btc_forward_return_60d,ex_post_eth_forward_return_60d,ex_post_btc_forward_return_90d,ex_post_eth_forward_return_90d,forward_outcome_usage,ahr_environment,event_turnover_fraction
348746.8528777533,373812.4277521132,-25065.57487435988,-0.07187326471200056,-1.69416502753017,-1.6901504718875637,0.014490230506699842,0.012180566322578468,-0.027477667852062737,-0.3951313419600695,-0.4000601257869906,0.49287838269210793,106,105,1,0,2,-151332.52160413796,-0.058695519858869005,-151.3251750647387,-75.66626080206424,-226.99143586680339,2021-05-26 00:00:00+00:00,2021-06-01 00:00:00+00:00,162795.09656999176,161757.87506429775,1037.221505694004,2021-06-24 00:00:00+00:00,151865.97895815014,141662.8542272963,10203.12473085383,2021-07-24 00:00:00+00:00,155837.6004056735,148476.93931750822,7360.661088165274,2021-08-23 00:00:00+00:00,175097.60841358057,187227.53996787587,-12129.931554295297,2021-11-21 00:00:00+00:00,191974.87416554656,217976.14858498314,-26001.27441943658,165950.5330017702,168271.8439445285,-2321.310942758282,-0.05918196460463632,-0.11306703282942066,5.388506822478433,-0.0933381316232208,-0.1759407488140049,8.260261719078411,-0.10391921857665143,-0.1993283788580248,9.540916028137335,-0.10391921857665143,-0.1993283788580248,9.540916028137335,-0.025240079002050053,-0.04839855961623685,2.3158480614186794,9.540916028137335,2022-01-06 00:00:00+00:00,226.0,RESYNCED,60.77792884424081,60.77797342854448,24,2021-05-25 00:00:00+00:00,TACTICAL_SELL_STAGE4,SELL,tactical_bear,FSM_BEAR_ACCELERATION,2,2021-05-24 00:00:00+00:00,0.25,0.5194293745903589,0.25000000000000006,17132.543114035456,26812.107255866118,43944.650369901574,43.92267804471663,21.972325184947493,65.89500322966413,,2,DEEP_BEAR,4,STAGE_RISK_SELL,False,False,False,MIXED_UNCERTAIN,MIXED_UNCERTAIN,MIXED_UNCERTAIN,MIXED_UNCERTAIN,True,Positive final contribution means baseline event helped wealth; positive DD contribution means it protected drawdown,38796.29,1.7112549681982372,40495.232,47741.4825,53171.503,40365.81355,64091.98106176971,47741.4825,31390.98393823029,0.6849598171472664,-0.18736729635490468,-0.2703555887822091,-0.03888249516031361,-0.2707465656491418,-0.2436453308763752,1.2974657455594374,0.1194924289970496,0.1194924289970496,-0.055443338801626996,38810.99,2647.92,-0.01478472978916534,0.025737182392217228,-0.05426298066604329,-0.006469228677603578,-0.15443821453665574,-0.059276715308619554,-0.16031000497539483,-0.28056361219372183,-0.13246273800281816,-0.19234342427263662,0.29499402102342676,0.2614504969938667,EX_POST_DIAGNOSTIC_ONLY,BELOW_SMA20_FALLING,0.2053680834699407
348746.8528777533,371853.59585910384,-23106.742981350515,-0.06625649175234322,-1.492486059293019,-1.5617506000224823,-0.019634333256676628,-0.02106409871258763,-0.03777189761484023,-0.3951313419600695,-0.3951313419600695,0.0,106,105,1,0,2,-69314.17971238587,0.09286049457135093,-69.30724497592519,-34.65708985619358,-103.96433483211922,2025-11-21 00:00:00+00:00,2023-03-19 00:00:00+00:00,186479.19621514739,192980.05903422125,-6500.862819073867,2023-04-11 00:00:00+00:00,197345.969139699,206681.17514765184,-9335.206007952831,2023-05-11 00:00:00+00:00,189034.95144710192,195968.3098782731,-6933.358431171189,2023-06-10 00:00:00+00:00,186984.13096271068,193136.22469700017,-6152.09373428949,2023-09-08 00:00:00+00:00,182136.6185888651,187196.2646023022,-5059.646013437101,334512.3491743013,356769.2129340923,-22256.863759791013,-0.03985374284908927,-0.04845248982730699,0.859874697821772,-0.03985374284908927,-0.04845248982730699,0.859874697821772,-0.08202577680101475,-0.09725631089733044,1.5230534096315695,-0.0996205918211458,-0.11853034796276118,1.8909756141615386,-0.24163797757808936,-0.23513997089255434,-0.6498006685535018,1.8909756141615386,2023-11-04 00:00:00+00:00,237.0,RESYNCED,30.293446466121548,30.29378940188631,80,2023-03-12 00:00:00+00:00,TACTICAL_SELL_STAGE3,SELL,tactical_bear,BEAR_STAGE3,3,2023-03-11 00:00:00+00:00,0.55,0.6894692671132863,0.55,14174.151470595962,8504.490882357577,22678.64235295354,22.667303031777067,11.339321176473906,34.00662420825097,,2,BEAR,3,STAGE_RISK_SELL,False,False,False,MIXED_UNCERTAIN,MIXED_UNCERTAIN,MIXED_UNCERTAIN,MIXED_UNCERTAIN,True,Positive final contribution means baseline event helped wealth; positive DD contribution means it protected drawdown,20455.73,0.44203513032815034,21787.851000000002,22772.756,22931.858799999998,19700.9597,25356.471938623872,22772.756,20189.04006137613,0.22691289000100565,-0.10174552434496731,-0.10797767514598511,0.03831134683250981,-0.15722098438679355,0.17287591180608985,0.40806230578234404,0.015137943167206735,0.14002305043788033,-0.02672244577401628,20455.73,1471.93,0.20834846764207393,0.15614193609750449,0.32963771031393163,0.21100867568430548,0.3457969967339225,0.18862310028330143,0.47225007369573224,0.3065974604770607,0.3417707410099762,0.24164192590680256,0.286831122624321,0.24134299864803355,EX_POST_DIAGNOSTIC_ONLY,BELOW_SMA20_FALLING,0.10598489865142433
348746.8528777533,368479.6077675936,-19732.75488984026,-0.056581886623525195,-1.3784143549809391,-1.33917469319621,-0.013531590723592224,-0.014488182797696147,-0.03488496630369142,-0.3951313419600695,-0.3951313419600695,0.0,106,105,1,0,2,-119135.80959719326,-0.010161267473060676,-119.13002606890859,-59.56790479859092,-178.6979308674995,2020-09-18 00:00:00+00:00,2020-09-12 00:00:00+00:00,36141.54192897413,36091.84827480658,49.69365416755318,2020-10-05 00:00:00+00:00,36186.149219722865,36142.73571817191,43.41350155095279,2020-11-04 00:00:00+00:00,41663.14105830878,42173.48407394432,-510.3430156355389,2020-12-04 00:00:00+00:00,56157.90151095196,57953.41795628933,-1795.5164453373727,2021-03-04 00:00:00+00:00,129365.8179927959,137875.10687754228,-8509.288884746376,37533.1511161535,37611.57022217582,-78.41910602231656,-0.07537203298989326,-0.08129700943494178,0.5924976445048524,-0.08826557853477901,-0.09562469780468241,0.7359119269903402,-0.08826557853477901,-0.09562469780468241,0.7359119269903402,-0.1313991187960667,-0.1389570654846829,0.7557946688616202,-0.07537203298989326,-0.08129700943494178,0.5924976445048524,0.7557946688616202,2021-04-23 00:00:00+00:00,230.0,RESYNCED,9.378397641906712,9.37967322485687,20,2020-09-05 00:00:00+00:00,TACTICAL_SELL_STAGE2,SELL,tactical_bear,EARLY_BEAR_STAGE2,2,2020-09-04 00:00:00+00:00,0.7,0.7664510685268818,0.7,1527.7753681651711,916.6652208991027,2444.440589064274,2.443218368769742,1.2222202945318343,3.6654386633015763,,2,EARLY_BEAR,2,STAGE_RISK_SELL,False,False,False,MIXED_UNCERTAIN,MIXED_UNCERTAIN,MIXED_UNCERTAIN,MIXED_UNCERTAIN,True,Positive final contribution means baseline event helped wealth; positive DD contribution means it protected drawdown,10446.25,0.7818678798921365,11304.284,11534.8585,11092.316400000002,9074.964549999999,12487.112327910805,11534.8585,10582.604672089195,0.16510888762281822,-0.09437554002071202,-0.05824449796617792,0.15110642498322502,-0.11863841922311091,0.11793947047366271,0.6238531722901703,0.03011581869369917,0.1437015805170292,-0.014596705620118167,10446.25,385.3,-0.01373124326911579,-0.09473137814689847,-0.009948067488333101,-0.041629898780171315,0.05071197798252958,-0.006306773942382549,0.021024769654182096,-0.08640020763041789,0.330382673208089,0.002102257980794109,0.8344018188345099,0.5640799377108745,EX_POST_DIAGNOSTIC_ONLY,BELOW_SMA20_FALLING,0.011423690362913842
348746.8528777533,364965.5648094213,-16218.71193166799,-0.04650568685519624,-1.0363661249584988,-1.105428585820467,-0.0061473156303772925,-0.006229948581090827,-0.02622839584978376,-0.3951313419600695,-0.3951313419600695,0.0,106,105,1,0,2,-48645.42835706286,-0.010289639007087459,-48.64056657151468,-24.322714178529168,-72.9632807500434,2025-11-21 00:00:00+00:00,2024-02-26 00:00:00+00:00,274107.29773559107,274760.2960030561,-652.9982674650382,2024-03-20 00:00:00+00:00,291453.0802207339,295653.52183157107,-4200.441610837181,2024-04-19 00:00:00+00:00,287372.23969142645,290906.65823159507,-3534.418540168612,2024-05-19 00:00:00+00:00,299618.8918719951,305437.9384721131,-5819.046600117988,2024-08-17 00:00:00+00:00,275551.1416145449,276870.2128825631,-1319.0712680182187,334512.3491743013,350138.38609050546,-15626.036916204146,-0.017296285109810183,-0.020300248745620086,0.3003963635809903,-0.11589943850322115,-0.13210420936190492,1.620477085868377,-0.13764102836010172,-0.15685836712139467,1.9217338761292946,-0.15761741396114415,-0.18009882920981068,2.2481415248666536,-0.24163797757808936,-0.25546598124595987,1.3828003667870514,2.2481415248666536,2024-11-24 00:00:00+00:00,279.0,RESYNCED,26.868982256418754,26.869229100849154,82,2024-02-19 00:00:00+00:00,TACTICAL_SELL_DRIFT,SELL,tactical_bear,DRIFT_ABOVE_ACTIVE_TARGET_PLUS_10PP,3,2024-02-18 00:00:00+00:00,0.55,0.6507810822661695,0.55,16994.810088080863,10196.886052848517,27191.69614092938,27.178100292858915,13.59584807046432,40.773948363323235,,2,BEAR,3,OTHER_RISK_SELL,False,False,False,MIXED_UNCERTAIN,MIXED_UNCERTAIN,MIXED_UNCERTAIN,MIXED_UNCERTAIN,True,Positive final contribution means baseline event helped wealth; positive DD contribution means it protected drawdown,52137.67,1.0927507095614402,50238.03,46761.2105,44451.3566,35564.82765,54281.15017936491,46761.2105,39241.270820635094,0.3216315231773098,0.11497691018926881,0.17291515912924904,0.46598967139940584,0.20402815528823837,0.1939305588664526,0.3126180840163848,0.2244638327853452,0.31767194820463596,0.03137498908493397,52137.68,2881.2,-0.01057929696910187,0.01884978481188404,-0.01116447835807044,0.0786477856448704,0.217137394682694,0.20500138831042625,0.18648950240977347,0.09711925586561154,0.18503815282920133,0.03422185200610861,0.28832372288141705,0.08613077884214926,EX_POST_DIAGNOSTIC_ONLY,ABOVE_SMA20_NOT_NEAR_LOW,0.12707591198824134
348746.8528777533,362047.6143754973,-13300.761497743952,-0.03813872838705238,-0.8610880769791773,-0.9098101049965779,-0.012644603527725007,-0.013006442038822286,-0.02179245191504431,-0.3951313419600695,-0.3951313419600695,0.0,106,105,1,0,2,-39777.56793923257,0.035339446679167,-39.77368370967724,-19.888783969613883,-59.66246767929124,2025-11-21 00:00:00+00:00,2023-11-09 00:00:00+00:00,213127.72059236176,213847.16111587157,-719.4405235098093,2023-12-02 00:00:00+00:00,222434.93211256928,224769.11503950728,-2334.182926937996,2024-01-01 00:00:00+00:00,234241.3051507837,238669.31500009593,-4428.0098493122205,2024-01-31 00:00:00+00:00,237590.58085550423,242537.3262002673,-4946.745344763069,2024-04-30 00:00:00+00:00,295143.6258856473,306764.45233099145,-11620.826445344137,334512.3491743013,347396.2966895133,-12883.947515212,-0.020333810563753607,-0.024057378257480666,0.3723567693727059,-0.03291011981364045,-0.0386160321529464,0.5705912339305952,-0.05040055241894548,-0.05809914622853052,0.7698593809585041,-0.10788699439301574,-0.1236437029221199,1.5756708529104158,-0.24163797757808936,-0.24170366543741695,0.006568785932759003,1.5756708529104158,2024-02-21 00:00:00+00:00,111.0,RESYNCED,10.445484481768945,10.445516981601873,81,2023-11-02 00:00:00+00:00,TACTICAL_SELL_DRIFT,SELL,tactical_bear,DRIFT_ABOVE_ACTIVE_TARGET_PLUS_10PP,3,2023-11-01 00:00:00+00:00,0.55,0.6506570377641167,0.55,13174.444161400243,7904.666496840146,21079.110658240388,21.06857110291127,10.539555329120605,31.608126432031874,,2,BEAR,3,OTHER_RISK_SELL,False,False,False,MIXED_UNCERTAIN,MIXED_UNCERTAIN,MIXED_UNCERTAIN,MIXED_UNCERTAIN,True,Positive final contribution means baseline event helped wealth; positive DD contribution means it protected drawdown,35421.43,0.7122804738998924,34267.526999999995,31352.28,28737.218399999998,28292.161550000004,37454.526031962065,31352.28,25250.033968037933,0.38926968194734585,0.1297880090379393,0.2325977242111923,0.2519874077984683,0.3236890794080485,0.36923467046728,0.4845638998691283,0.31911205222013006,0.4077059849331466,0.03895492777932619,35421.43,1846.99,-0.004077192818019992,0.022517718016881405,0.02870973870902449,0.03916642753886057,0.057410161023990325,0.11154364669002015,0.09488154487269429,0.13315719088895972,0.1950531076808586,0.23108950237954717,0.21198014874046578,0.26850172442731135,EX_POST_DIAGNOSTIC_ONLY,ABOVE_SMA20_NOT_NEAR_LOW,0.09850975080458524
348746.8528777533,359561.81165519933,-10814.958777446009,-0.031010914329991073,-0.7298090440507332,-0.7420553811398722,-0.0143283880012115,-0.01410237213801313,-0.0184700368345998,-0.3951313419600695,-0.3951313419600695,0.0,106,104,1,1,4,-31615.10062612756,0.09347506233508618,-31.611958018057294,-15.807550313062393,-47.41950833111969,2022-06-18 00:00:00+00:00,2022-06-22 00:00:00+00:00,149521.73925065045,154670.03942932832,-5148.300178677862,2022-07-15 00:00:00+00:00,153765.62847878796,159053.7683249963,-5288.139846208331,2022-08-14 00:00:00+00:00,178886.13554621855,185043.1815615145,-6157.046015295957,2022-09-13 00:00:00+00:00,175352.07149926765,181372.5024624443,-6020.430963176652,2022-12-12 00:00:00+00:00,158450.95234737336,163854.35038377251,-5403.398036399158,148074.53508321499,151414.8394820111,-3340.3043987961137,-0.07239510965196072,-0.03378508881963793,-3.861002083232279,-0.07239510965196072,-0.05543003812977332,-1.6965071522187403,-0.08719005308419392,-0.08721232071897222,0.0022267634778305734,-0.08719005308419392,-0.08721232071897222,0.0022267634778305734,-0.04188012132692642,-0.01405074598800582,-2.7829375338920603,0.0022267634778305734,2022-06-21 00:00:00+00:00,6.0,RESYNCED,-0.8657177134708924,0.8657306437883747,26,2022-06-15 00:00:00+00:00,TACTICAL_BUYBACK_AHR999_TO_35,BUY,tactical_bear,AHR999<=0.35,2,2022-06-14 00:00:00+00:00,0.35,0.10343733063594943,0.35000000000000003,23571.16150049667,14142.696900297999,37713.85840079467,37.73271532999507,18.856929200395314,56.58964453039038,,2,ACCUMULATION,4,AHR_VALUE_BUY,True,True,True,HARMFUL,HARMFUL,HARMFUL,HARMFUL,True,Positive final contribution means baseline event helped wealth; positive DD contribution means it protected drawdown,22136.41,0.3444176288581714,28144.727000000003,29056.790499999996,31549.446200000002,40477.4452,34137.60347579233,29056.790499999996,23975.977524207658,0.3497160483565684,-0.23816740875080467,-0.29835820699762394,-0.4531174116690547,-0.25068385340945065,-0.45412150848665545,0.8933804162644834,0.0,0.0,-0.028596273215511392,22136.42,1208.9,-0.07574711719419835,-0.10706427330631152,-0.08215149513787678,-0.09893291421953854,-0.08372898598779743,-0.05294896186615927,-0.06887247350745951,-0.007428240549259724,0.1099364757264274,0.6426668872528742,0.00429879808930278,0.41957151129125636,EX_POST_DIAGNOSTIC_ONLY,BELOW_SMA20_FALLING,0.17624950374693973
348746.8528777533,359163.8768027987,-10417.023925045389,-0.029869872198379038,-0.7237360638636225,-0.7151051264749686,-0.0015851289505077748,-0.0019824104860866054,-0.009926654213162633,-0.3951313419600695,-0.3978554912014389,0.27241492413694335,106,105,1,0,2,-62892.41344312066,-0.015942633441021314,-62.889360288462285,-31.446206721557246,-94.33556701001999,2021-05-04 00:00:00+00:00,2021-04-28 00:00:00+00:00,173325.22513587418,174529.7071392353,-1204.4820033611322,2021-05-21 00:00:00+00:00,167454.52740663016,173152.64610541734,-5698.118698787177,2021-06-20 00:00:00+00:00,156127.51755157742,161402.34271090236,-5274.825159324944,2021-07-20 00:00:00+00:00,149398.89056111162,154436.8336654626,-5037.9431043509685,2021-10-18 00:00:00+00:00,184191.48763502933,190335.83176740352,-6144.344132374186,191565.20653126668,196842.51694436086,-5277.310413094179,-0.11384821346339935,-0.14698051700621761,3.3132303542818264,-0.3053593050639388,-0.3218117875273262,1.6452482463387375,-0.3700123277657674,-0.3868523827545606,1.6840054988793152,-0.3700123277657674,-0.3868523827545606,1.6840054988793152,-0.11384821346339935,-0.14698051700621761,3.3132303542818264,3.3132303542818264,2021-05-17 00:00:00+00:00,26.0,RESYNCED,5.015662343251506,5.0187758632709,21,2021-04-21 00:00:00+00:00,TACTICAL_SELL_STAGE2,SELL,tactical_bear,EARLY_BEAR_STAGE2,2,2021-04-20 00:00:00+00:00,0.7,0.93361025714673,0.7,24274.180073215142,14564.508043929087,38838.68811714423,38.81926877308567,19.419344058568754,58.23861283165442,,2,EARLY_BEAR,2,STAGE_RISK_SELL,False,False,False,MIXED_UNCERTAIN,MIXED_UNCERTAIN,MIXED_UNCERTAIN,MIXED_UNCERTAIN,True,Positive final contribution means baseline event helped wealth; positive DD contribution means it protected drawdown,56425.0,4.503594967753186,59910.655000000006,59054.7365,56628.8558,33905.11165,63640.7639633768,59054.7365,54468.7090366232,0.15531446705809274,-0.04453049248640706,-0.0035998573010193047,0.6642033384957162,-0.039419957763419,0.009283440060100956,0.5403522743733635,0.01423360248945138,0.2501201932130823,-0.005820190765025934,56425.0,2330.26,-0.11191971643774923,-0.014354621372722476,-0.0292591936198493,0.12746646296979725,-0.028884536996012344,0.41458034725738746,-0.2792749667700487,0.1976603469140783,-0.37036349136021274,-0.06303159304111994,-0.475401683650864,-0.25819865594397207,EX_POST_DIAGNOSTIC_ONLY,BELOW_SMA20_FALLING,0.18150621010669643
348746.8528777533,357676.9327979094,-8930.079920156102,-0.025606194999231648,-0.7024303388985409,-0.6141661748101268,-0.009623625549413095,-0.01039575151446459,-0.031738194284246735,-0.3951313419600695,-0.3906779778160465,-0.44533641440229754,106,104,1,1,4,-52391.049329224974,0.007171101560624393,-52.38843313013513,-26.195524664610275,-78.58395779474495,2020-03-14 00:00:00+00:00,2020-03-20 00:00:00+00:00,20827.0410603418,21512.476624285697,-685.4355639438982,2020-04-12 00:00:00+00:00,22347.295356404007,23089.667846312885,-742.3724899088775,2020-05-12 00:00:00+00:00,25719.649817583027,26559.88044299191,-840.2306254088835,2020-06-11 00:00:00+00:00,30031.376312161294,31022.406943574366,-991.0306314130721,2020-09-09 00:00:00+00:00,34491.320319858736,35563.6600106844,-1072.3396908256618,20320.98431793809,20867.210523155343,-546.2262052172518,-0.06950349633372244,-0.08737962021293422,1.787612387921178,-0.06950349633372244,-0.08737962021293422,1.787612387921178,-0.09389516092381323,-0.09413879421479232,0.024363329097909503,-0.09389516092381323,-0.09413879421479232,0.024363329097909503,-0.009070925436120092,-0.014180072527993914,0.5109147091873822,1.787612387921178,2020-03-30 00:00:00+00:00,17.0,RESYNCED,1.4196132633457768,1.4197936307210575,3,2020-03-13 00:00:00+00:00,TACTICAL_SELL_STAGE4,SELL,tactical_bear,FSM_BEAR_ACCELERATION,1,2020-03-12 00:00:00+00:00,0.25,0.3959048111316347,0.25000000000000006,1765.6920186791176,1059.4152112074707,2825.1072298865884,2.8236946762716455,1.4125536149430382,4.236248291214683,,2,DEEP_BEAR,4,STAGE_RISK_SELL,True,True,True,MIXED_UNCERTAIN,MIXED_UNCERTAIN,MIXED_UNCERTAIN,MIXED_UNCERTAIN,True,Positive final contribution means baseline event helped wealth; positive DD contribution means it protected drawdown,4800.0,0.22231780864780484,8117.642,8600.3875,9164.830600000001,8620.3676,10673.628445426999,8600.3875,6527.1465545730025,0.48212733331538793,-0.44188561271221793,-0.47625873193990087,-0.443179198065753,-0.5039810686107853,-0.4135599598288572,1.7516395376508809,0.0,0.0,-0.04570522063937865,4800.01,107.67,0.0986102112287266,0.13736416829200326,0.28257024464532376,0.2518807467261075,0.4152053849887811,0.2937679947989227,0.41801579580042536,0.44506362032135227,0.8158441336580546,0.7507197919569053,1.060239457834463,1.3050060369647998,EX_POST_DIAGNOSTIC_ONLY,BELOW_SMA20_FALLING,0.013202673192645573
348746.8528777533,357327.28354231536,-8580.430664562038,-0.02460360744121108,-0.6257718033308768,-0.5903766501299645,-0.007254642142639822,-0.006910509690473576,-0.015837058134307913,-0.3951313419600695,-0.3951313419600695,0.0,106,105,1,0,2,-51804.04660281283,-0.004442418927393277,-51.80153174040697,-25.902023301403915,-77.70355504181089,2020-07-15 00:00:00+00:00,2020-06-28 00:00:00+00:00,27856.17543952288,27752.82553656499,103.34990295789248,2020-07-21 00:00:00+00:00,29055.16564450874,29062.761422293726,-7.595777784987149,2020-08-20 00:00:00+00:00,39005.51775482667,40166.62704729132,-1161.1092924646437,2020-09-19 00:00:00+00:00,37448.48360489539,38295.3456632378,-846.8620583424126,2020-12-18 00:00:00+00:00,62341.4016205967,63602.98234226536,-1261.580721668659,29134.98135489011,29161.37204329103,-26.390688400919316,-0.06323275599640976,-0.07110986556889987,0.7877109572490104,-0.06323275599640976,-0.07110986556889987,0.7877109572490104,-0.07286900000470908,-0.07928072936781183,0.6411729363102747,-0.19869570419040328,-0.2095011567567302,1.0805452566326923,-0.06323275599640976,-0.07110986556889987,0.7877109572490104,1.0805452566326923,2020-09-07 00:00:00+00:00,78.0,RESYNCED,6.060165275228733,6.061279005098126,19,2020-06-21 00:00:00+00:00,TACTICAL_SELL_STAGE2,SELL,tactical_bear,EARLY_BEAR_STAGE2,2,2020-06-20 00:00:00+00:00,0.7,0.7901699532378177,0.7,1614.1161987071819,968.4697192243092,2582.585917931491,2.581294624972526,1.2912929589654611,3.872587583937987,,2,EARLY_BEAR,2,STAGE_RISK_SELL,False,False,False,MIXED_UNCERTAIN,MIXED_UNCERTAIN,MIXED_UNCERTAIN,MIXED_UNCERTAIN,True,Positive final contribution means baseline event helped wealth; positive DD contribution means it protected drawdown,9358.95,0.7670872967689386,9403.322,9584.061,9394.7538,8247.11395,10035.246086273906,9584.061,9132.875913726093,0.09415321673639318,-0.023488060019651313,-0.00381104186040504,0.13481516767450508,-0.009453582507697122,0.36799354515250604,0.5629207864829024,0.008464074824361179,0.31351103276567205,-0.00269283707211887,9358.95,228.88,0.03122251962025646,0.07222125131073054,-0.041366819995833026,-0.0417686123732961,-0.024484584274945487,-0.0027962250961202084,-0.01903204953547144,0.03556448794127931,0.25011780167647,0.778049632995456,0.1727811346358299,0.6727979727368054,EX_POST_DIAGNOSTIC_ONLY,BELOW_SMA20_FALLING,0.01206928979745199
348746.8528777533,352229.61916593893,-3482.7662881856086,-0.009986516751181772,-0.2334548064421904,-0.24117122829832027,-0.005229620020986703,-0.004992094342340492,-0.005908283693318861,-0.3951313419600695,-0.3951313419600695,0.0,106,104,1,1,4,14435.68470997177,0.13651260436309443,14.436703503595709,7.217842354984327,21.65454585858015,2022-11-16 00:00:00+00:00,2022-11-16 00:00:00+00:00,158716.23944604237,160084.46980775706,-1368.2303617146972,2022-12-09 00:00:00+00:00,159884.42746801296,161331.31299632642,-1446.8855283134617,2023-01-08 00:00:00+00:00,159137.67955665092,160574.7560154731,-1437.0764588221791,2023-02-07 00:00:00+00:00,176734.057794049,178336.39523039045,-1602.3374363414478,2023-05-08 00:00:00+00:00,191789.0591779409,193539.83343008047,-1750.7742521395849,158716.23944604237,160084.46980775706,-1368.2303617146972,-0.05108113952619875,-0.03627682623486017,-1.4804313291338578,-0.0545208063087137,-0.04743274525449781,-0.7088061054215888,-0.0545208063087137,-0.04743274525449781,-0.7088061054215888,-0.0545208063087137,-0.04743274525449781,-0.7088061054215888,-0.05108113952619875,-0.03627682623486017,-1.4804313291338578,-0.7088061054215888,2022-11-19 00:00:00+00:00,10.0,RESYNCED,-0.7243642753182411,0.7243940314070296,54,2022-11-09 00:00:00+00:00,TACTICAL_BUYBACK_AHR999_TO_35,BUY,tactical_bear,AHR999<=0.35,2,2022-11-08 00:00:00+00:00,0.35,0.24480399618522705,0.35000000000000003,10678.931913733666,6407.359148240199,17086.291061973865,17.094834207504853,8.543145530984997,25.63797973848985,,2,ACCUMULATION,4,AHR_VALUE_BUY,False,True,True,HARMFUL,HARMFUL,HARMFUL,HARMFUL,True,Positive final contribution means baseline event helped wealth; positive DD contribution means it protected drawdown,18547.23,0.3466006091227056,20445.333000000002,20165.6185,19657.5158,23768.07145,21665.711066935728,20165.6185,18665.525933064273,0.1487772434984553,-0.08025484068341371,-0.05648149091148136,-0.21965776487094835,-0.030157964062901277,-0.1316884604058688,0.5738359786497659,0.0,0.004651336629587277,0.005090516428227776,18545.38,1334.78,-0.08832064913202109,-0.05651867723519988,-0.08494784145700973,-0.05238316426677059,-0.10562361084000449,-0.12285170589909944,-0.07240185965453394,-0.03805870630366048,-0.08634819022311757,-0.053896522273333525,0.23362206652007123,0.22377470444567638,EX_POST_DIAGNOSTIC_ONLY,BELOW_SMA20_NOT_FALLING,0.07984996625233157
348746.8528777533,351785.2930255657,-3038.440147812362,-0.008712451804912574,-0.20810129727191207,-0.21052120342976988,-0.003693923047354497,-0.004022214771862487,-0.005266636056750373,-0.3951313419600695,-0.3951313419600695,0.0,106,104,1,1,4,4442.156985084526,0.09281983266724403,4.442985208105483,2.221078492542347,6.664063700647603,2022-09-22 00:00:00+00:00,2022-09-22 00:00:00+00:00,160409.59691538938,162709.7439024307,-2300.146987041313,2022-10-15 00:00:00+00:00,161780.98790678376,163852.5867620326,-2071.598855248827,2022-11-14 00:00:00+00:00,155942.92013335,157971.8535701693,-2028.933436819294,2022-12-14 00:00:00+00:00,161594.04346699832,163694.0072545422,-2099.9637875438784,2023-03-14 00:00:00+00:00,177174.00189211397,179417.453619434,-2243.4517273200327,160409.59691538938,162709.7439024307,-2300.146987041313,-0.06399737877544276,-0.05047527547713038,-1.3522103298312382,-0.06463336371391704,-0.05294034705012729,-1.1693016663789746,-0.10214138406380435,-0.10231362951212042,0.017224544831606625,-0.10539596628918946,-0.1055853893770774,0.018942308788794104,-0.06399737877544276,-0.05047527547713038,-1.3522103298312382,0.018942308788794104,2022-09-25 00:00:00+00:00,10.0,RESYNCED,-0.6775184429025218,0.6776195355785131,44,2022-09-15 00:00:00+00:00,TACTICAL_BUYBACK_AHR999_TO_35,BUY,tactical_bear,AHR999<=0.35,2,2022-09-14 00:00:00+00:00,0.35,0.25573376570398393,0.35000000000000003,10064.104701071697,6038.462820643018,16102.567521714715,16.110618805475575,8.051283760856602,24.161902566332174,,2,ACCUMULATION,4,AHR_VALUE_BUY,True,True,True,HARMFUL,HARMFUL,HARMFUL,HARMFUL,True,Positive final contribution means baseline event helped wealth; positive DD contribution means it protected drawdown,20226.71,0.3491161418298461,20483.14,20236.4295,21904.0194,29914.478199999998,21997.034736997743,20236.4295,18475.824263002254,0.174003545140979,-0.0004802971789069632,-0.07657541610833318,-0.32384881110846186,-0.06179913391319847,-0.04571184585480004,0.7834682047182063,0.07642647045519002,0.07642647045519002,-0.004085299494344108,20227.17,1638.4,-0.01121461875289509,-0.11388549804687509,-0.07597602630521216,-0.22918090820312498,-0.03557937170647196,-0.180908203125,-0.05073275203599892,-0.2063842773437501,-0.20207374536329092,-0.27183227539062504,-0.1209012432287857,-0.19446411132812502,EX_POST_DIAGNOSTIC_ONLY,BELOW_SMA20_FALLING,0.07525269635880075
348746.8528777533,351530.45063558733,-2783.59775783401,-0.007981714343411574,-0.18950619778472788,-0.19292641531180044,-0.0037644205233398065,-0.003582935797601605,-0.0047960305260694724,-0.3951313419600695,-0.3951313419600695,0.0,106,104,1,1,4,9816.177599661984,0.107264445551019,9.816974926540752,4.908088799830352,14.72506372637099,2022-07-04 00:00:00+00:00,2022-07-04 00:00:00+00:00,148284.73705824424,149832.01626383525,-1547.2792055910104,2022-07-27 00:00:00+00:00,157808.09284343108,159184.09766615284,-1376.004822721763,2022-08-26 00:00:00+00:00,171981.32739733445,173476.61818290895,-1495.2907855744998,2022-09-25 00:00:00+00:00,161932.58040551434,163338.28358772956,-1405.7031822152203,2022-12-24 00:00:00+00:00,157869.03883738513,159230.29608263643,-1361.2572452512977,148284.73705824424,149832.01626383525,-1547.2792055910104,-0.050778352356129375,-0.036466995468736774,-1.4311356887392601,-0.08719005308419392,-0.08718998151915947,-7.156503445404638e-06,-0.08719005308419392,-0.08718998151915947,-7.156503445404638e-06,-0.10980938751805824,-0.10982184724673871,0.0012459728680469517,-0.050778352356129375,-0.036466995468736774,-1.4311356887392601,0.0012459728680469517,2022-07-07 00:00:00+00:00,10.0,RESYNCED,-0.7433165704578479,0.7433165704578479,30,2022-06-27 00:00:00+00:00,TACTICAL_BUYBACK_AHR999_TO_35,BUY,tactical_bear,AHR999<=0.35,2,2022-06-26 00:00:00+00:00,0.35,0.244335047141769,0.35000000000000003,10158.905302563422,6095.343181538053,16254.248484101474,16.262375608343525,8.127124242049632,24.389499850393157,,2,ACCUMULATION,4,AHR_VALUE_BUY,True,True,True,HARMFUL,HARMFUL,HARMFUL,HARMFUL,True,Positive final contribution means baseline event helped wealth; positive DD contribution means it protected drawdown,21038.07,0.32241081172831354,20617.608,23465.8035,27417.2896,38503.055550000005,31376.081952080825,23465.8035,15555.525047919178,0.6741962577229306,-0.10345835803150749,-0.23267141621467935,-0.45359998837806526,-0.32942329575336826,-0.4638031365296724,0.9929854934563742,0.10897174023854572,0.10897174023854572,-0.05514213483495567,21038.08,1197.79,-0.0456824006753469,-0.08670969034638787,-0.09195420874908744,-0.12194959049582976,-0.023642366603796705,-0.03607477103665924,0.0018433241056217131,0.18949064527170867,0.024436165277439637,0.4085524173686541,-0.0943246722134341,0.10986066004892359,EX_POST_DIAGNOSTIC_ONLY,BELOW_SMA20_FALLING,0.07596155234654983
348746.8528777533,351230.6734084948,-2483.8205307414755,-0.007122130308118171,-0.15757095029607093,-0.1722147289897613,-0.0030883367259184613,-0.003099685248863615,-0.003987811989664802,-0.3951313419600695,-0.3951313419600695,0.0,106,104,1,1,4,53865.739153581206,0.2545635925197747,53.86640683855876,26.932869576788107,80.79927641534687,2026-06-29 00:00:00+00:00,2026-06-29 00:00:00+00:00,309391.53853994823,311612.42108608683,-2220.8825461386004,2026-07-22 00:00:00+00:00,324131.97489659075,326427.51053253975,-2295.535635948996,2026-08-21 00:00:00+00:00,343437.29586817225,345888.32400215307,-2451.0281339808134,2026-09-03 04:00:00+00:00,348746.8528777533,351230.6734084948,-2483.8205307414755,2026-09-03 04:00:00+00:00,348746.8528777533,351230.6734084948,-2483.8205307414755,309391.53853994823,311612.42108608683,-2220.8825461386004,-0.03360426034269659,-0.023384561900735124,-1.0219698441961467,-0.038130709653385386,-0.028876790995148394,-0.9253918658236993,-0.038130709653385386,-0.028876790995148394,-0.9253918658236993,-0.038130709653385386,-0.028876790995148394,-0.9253918658236993,-0.03360426034269659,-0.023384561900735124,-1.0219698441961467,-0.9253918658236993,2026-07-02 00:00:00+00:00,10.0,RESYNCED,-0.7233890113440148,0.7234155031115269,104,2026-06-22 00:00:00+00:00,TACTICAL_BUYBACK_AHR999_TO_35,BUY,tactical_bear,AHR999<=0.35,3,2026-06-21 00:00:00+00:00,0.35,0.24691967849488652,0.35,20346.380951209707,12207.828570725824,32554.209521935532,32.5704866266965,16.277104760966402,48.8475913876629,,2,ACCUMULATION,4,AHR_VALUE_BUY,True,True,True,HARMFUL,HARMFUL,HARMFUL,HARMFUL,True,Positive final contribution means baseline event helped wealth; positive DD contribution means it protected drawdown,63311.99,0.3224463531655118,64440.954000000005,63721.259,72155.5062,76763.87544999999,66915.67681845596,63721.259,60526.841181544034,0.10026223174454114,-0.006422801533158662,-0.12256190366799757,-0.17523718508404196,-0.11338796704612442,-0.19015830877726447,0.4906824101715678,0.0398683608438386,0.0398683608438386,-0.02135841522293902,63312.0,1706.94,-0.03835528809704314,-0.05116758644123409,-0.05153114733383879,-0.07156666315160465,-0.00028430629264597496,0.042631844118715456,0.04577331311599697,0.12995770208677504,0.17688226560525666,0.3714834733499712,,,EX_POST_DIAGNOSTIC_ONLY,BELOW_SMA20_FALLING,0.15213673478166687
348746.8528777533,350684.8306210111,-1937.9777432577685,-0.005556975574879497,-0.13597500314932454,-0.13446193422889108,0.00016308433468603667,0.0003788707822258708,-0.0034412608849201387,-0.3951313419600695,-0.3951313419600695,0.0,106,105,1,0,2,-11700.472068561707,-0.003557202041255536,-11.699904061248162,-5.850236034281011,-17.550140095528604,2021-05-23 00:00:00+00:00,2021-05-27 00:00:00+00:00,163481.11928457877,164510.4960888847,-1029.376804305939,2021-06-19 00:00:00+00:00,156190.37990115164,157172.19790056467,-981.8179994130332,2021-07-19 00:00:00+00:00,151839.86659413046,152792.33631473762,-952.4697206071578,2021-08-18 00:00:00+00:00,170420.5869334644,171485.87606189697,-1065.2891284325742,2021-11-16 00:00:00+00:00,191505.15851608722,192692.51427473908,-1187.3557586518582,153981.08835139763,153916.1640404062,64.92431099142414,-0.16710799601992765,-0.18988807854626577,2.278008252633812,-0.16710799601992765,-0.18988807854626577,2.278008252633812,-0.16710799601992765,-0.18988807854626577,2.278008252633812,-0.16710799601992765,-0.18988807854626577,2.278008252633812,-0.11117616403419872,-0.12603742563398979,1.4861261599791065,2.278008252633812,2021-05-27 00:00:00+00:00,7.0,RESYNCED,0.4786562104050238,0.4786603758164011,23,2021-05-20 00:00:00+00:00,TACTICAL_SELL_CRASH_L2,SELL,temporary_hedge,CRASH_BRAKE_LEVEL2,2,2021-05-19 00:00:00+00:00,0.5,0.5954901799541082,0.4999999999999999,9360.782426130598,5616.469455678359,14977.251881808956,14.969763255868052,7.488625940903075,22.45838919677113,1,2,EARLY_BEAR,2,CRASH_SELL,False,False,False,MIXED_UNCERTAIN,MIXED_UNCERTAIN,MIXED_UNCERTAIN,MIXED_UNCERTAIN,True,Positive final contribution means baseline event helped wealth; positive DD contribution means it protected drawdown,36690.09,1.5631836367388172,47790.229999999996,52429.599,55231.2036,39777.7561,64878.406948146396,52429.599,39980.79105185361,0.4748770994089195,-0.30020273471860814,-0.3356999737735211,-0.07762293308445323,-0.31490822518905803,-0.3685258134448425,1.0676083192103947,0.0,0.0,-0.03704129879161988,36671.23,2438.92,0.020461817070220878,-0.04966132550473157,0.025914865686261335,0.09854361766683617,0.026269639714838977,0.11762583438571173,-0.042752588336960606,-0.10269299526019715,-0.1398824091801667,-0.22687501025043877,0.22864109003161315,0.25050022140947625,EX_POST_DIAGNOSTIC_ONLY,BELOW_SMA20_FALLING,0.06999371911536174
348746.8528777533,350362.6508262266,-1615.7979484733078,-0.0046331542066694875,-0.10311186652123272,-0.1121541030285167,-0.0018390885834669302,-0.0018231958346037747,-0.002609559292607422,-0.3951313419600695,-0.3951313419600695,0.0,106,104,1,1,4,55032.752376488876,0.26249027327692076,55.03317464901693,27.516376188239406,82.54955083725645,2026-02-14 00:00:00+00:00,2026-02-20 00:00:00+00:00,317451.8266716697,318873.71429064765,-1421.8876189779257,2026-03-15 00:00:00+00:00,324432.0133949389,325938.020826694,-1506.0074317550752,2026-04-14 00:00:00+00:00,330635.1017141596,332176.30290397577,-1541.2011898161727,2026-05-14 00:00:00+00:00,333501.59300609236,335042.28102971264,-1540.688023620285,2026-08-12 00:00:00+00:00,320537.504819834,322018.6345617244,-1481.129741890356,320879.14363317087,322564.129488189,-1684.985855018138,-0.023926525762068995,-0.025487899929363178,0.15613741672941828,-0.0487846656977412,-0.04878750486373373,0.00028391659925297574,-0.0487846656977412,-0.04878750486373373,0.00028391659925297574,-0.0487846656977412,-0.04878750486373373,0.00028391659925297574,-0.001566678321132331,-0.002318615358435805,0.0751937037303474,0.15613741672941828,2026-02-23 00:00:00+00:00,10.0,RESYNCED,0.2731674875252892,0.2731734202012007,86,2026-02-13 00:00:00+00:00,TACTICAL_SELL_STAGE4,SELL,tactical_bear,ACCUMULATION_BEARISH_REBREAK,3,2026-02-12 00:00:00+00:00,0.25,0.3629508726180662,0.25000000000000006,22411.512452881587,13446.907471728953,35858.41992461054,35.84049071464824,17.929209962300714,53.76970067694896,,2,DEEP_BEAR,4,BEARISH_REBREAK_SELL,True,True,True,HARMFUL,HARMFUL,MIXED_UNCERTAIN,HARMFUL,False,Positive final contribution means baseline event helped wealth; positive DD contribution means it protected drawdown,66272.17,0.30164410865655794,69437.99,77026.5615,85417.2388,101305.7441,94215.82665164828,77026.5615,59837.29634835171,0.4463204592521838,-0.13961925977962808,-0.22413588953427988,-0.34582021395961493,-0.26035739182006834,-0.2483776910560328,0.9235567471717969,0.05344647087117971,0.05344647087117971,-0.041332140838167275,66272.17,1947.85,0.0324819603764297,0.005611315039659059,0.016508890534292275,0.0035937058808430677,0.020048687103500606,0.05007572451677511,0.07681912332129759,0.0761352260184307,0.12331360207459618,0.21441589444772458,0.19273067412761669,0.15108452909618286,EX_POST_DIAGNOSTIC_ONLY,BELOW_SMA20_FALLING,0.16757841771842721
348746.8528777533,350280.8161582013,-1533.9632804479916,-0.004398500711304465,-0.09774039622585384,-0.10648494143872256,-0.0019418375767450424,-0.0018976825917518259,-0.0024736179048971962,-0.3951313419600695,-0.3951313419600695,0.0,106,104,1,1,4,57416.5302420361,0.27227649557148403,57.416927557443614,28.70826512101428,86.12519267845755,2026-03-29 00:00:00+00:00,2026-03-29 00:00:00+00:00,318608.62502455944,319977.2903820297,-1368.6653574702796,2026-04-21 00:00:00+00:00,331191.684324125,332653.0849368891,-1461.4006127641187,2026-05-21 00:00:00+00:00,331714.3307276091,333166.82951227203,-1452.4987846629228,2026-06-20 00:00:00+00:00,315678.873600163,317059.82253255975,-1380.9489323967719,2026-09-03 04:00:00+00:00,348746.8528777533,350280.8161582013,-1533.9632804479916,318608.62502455944,319977.2903820297,-1368.6653574702796,-0.02936888164211049,-0.02075014883562687,-0.861873280648362,-0.02941255014847688,-0.020980149338509113,-0.8432400809967766,-0.02941255014847688,-0.02462090767497227,-0.4791642473504609,-0.08543428667655095,-0.08546227547416718,0.0027988797616229633,-0.02936888164211049,-0.02075014883562687,-0.861873280648362,0.0027988797616229633,2026-04-01 00:00:00+00:00,10.0,RESYNCED,-0.7275069434538042,0.7275320011964532,94,2026-03-22 00:00:00+00:00,TACTICAL_BUYBACK_AHR999_TO_35,BUY,tactical_bear,AHR999<=0.35,3,2026-03-21 00:00:00+00:00,0.35,0.24738003597907346,0.35000000000000003,20664.355952284164,12398.613571370495,33062.96952365466,33.079501008416486,16.53148476182527,49.610985770241754,,2,ACCUMULATION,4,AHR_VALUE_BUY,False,True,True,HARMFUL,HARMFUL,MIXED_UNCERTAIN,HARMFUL,False,Positive final contribution means baseline event helped wealth; positive DD contribution means it protected drawdown,68918.12,0.34402704511119825,71489.79500000001,70277.214,69563.8164,92804.25715,74589.1044230654,70277.214,65965.32357693462,0.1227109094866904,-0.019339042096916503,-0.00928207268398229,-0.25738191203225436,0.04776252054876151,-0.2206271205186251,0.526115219316186,0.04466979530461779,0.09550585552089919,0.007697852103236258,68918.12,2084.86,0.02609734566177946,0.03534050247978282,-0.02910874527627849,-0.035378874360868506,-0.025713701998835714,-0.013535681052924575,0.09855434245739736,0.10876509693696446,0.13292005063399892,0.029210594476367868,-0.0789535466144462,-0.18067879857640323,EX_POST_DIAGNOSTIC_ONLY,BELOW_SMA20_NOT_FALLING,0.1545143408297237
348746.8528777533,350216.45839411265,-1469.6055163593264,-0.004213960654361716,-0.10043008470359549,-0.10202567934757267,-0.0017865633791156466,-0.001784952503473436,-0.00254168864978932,-0.3951313419600695,-0.3951313419600695,0.0,106,104,1,1,4,18549.2913128254,0.1196795551797063,18.549698062467087,9.27464565641219,27.824343718878936,2022-07-05 00:00:00+00:00,2022-07-11 00:00:00+00:00,151728.51779849397,152415.15473539833,-686.6369369043678,2022-08-03 00:00:00+00:00,171020.2295823695,171859.31450775638,-839.0849253868801,2022-09-02 00:00:00+00:00,169172.82703033573,170005.84882392333,-833.021793587599,2022-10-02 00:00:00+00:00,161912.78578015947,162702.90522711113,-790.1194469516631,2022-12-31 00:00:00+00:00,156776.13451768958,157538.4164998071,-762.2819821175071,151348.5859492822,152043.70677921717,-695.1208299349819,-0.02865702578594731,-0.027998804720784087,-0.06582210651632225,-0.08719005308419392,-0.08720290233501748,0.0012849250823565583,-0.08719005308419392,-0.08720290233501748,0.0012849250823565583,-0.10980938751805824,-0.10986010493809728,0.005071742003903701,-1.8851690585908187e-05,0.0,-0.0018851690585908187,0.005071742003903701,2022-07-14 00:00:00+00:00,10.0,RESYNCED,0.02017178072263834,0.1399771502537213,31,2022-07-04 00:00:00+00:00,TACTICAL_SELL_STAGE4,SELL,tactical_bear,ACCUMULATION_BEARISH_REBREAK,2,2022-07-03 00:00:00+00:00,0.25,0.3283818554444742,0.25,7298.682214900624,4379.209328940375,11677.891543840999,11.67205259806908,5.8389457719201445,17.510998369989224,,2,DEEP_BEAR,4,BEARISH_REBREAK_SELL,True,True,True,HARMFUL,HARMFUL,MIXED_UNCERTAIN,HARMFUL,False,Positive final contribution means baseline event helped wealth; positive DD contribution means it protected drawdown,19315.83,0.2766920579998825,20270.446,20511.7515,25943.254,37507.53795,22349.368645723072,20511.7515,18674.134354276925,0.1791770094058593,-0.05830421161254795,-0.25545847101523955,-0.4850147182214608,-0.14103802972418777,-0.5133325774754346,0.7414602663671187,0.01818796159780378,0.01818796159780378,-0.045683700750567824,19315.83,1074.26,0.06030183533402389,0.09486530262692461,0.06341223752745795,0.07476774710032941,0.1016880972756542,0.30928266900005585,0.1836260725011558,0.5079682758363897,0.04354873696858985,0.4855063020125481,-0.0002588550427291558,0.21902518943272575,EX_POST_DIAGNOSTIC_ONLY,BELOW_SMA20_FALLING,0.05457470215694481
348746.8528777533,350147.91714151565,-1401.0642637623241,-0.004017424823195296,-0.09571772269458823,-0.09727574816048579,-0.001615272401791712,-0.0016117366431405156,-0.0024224280012761223,-0.3951313419600695,-0.3951313419600695,0.0,106,104,1,1,4,21734.92652897723,0.1332492649828989,21.73530479803253,10.867463264487242,32.60276806251977,2022-08-30 00:00:00+00:00,2022-09-05 00:00:00+00:00,168429.95456700603,169304.05721401496,-874.1026470089273,2022-09-28 00:00:00+00:00,160541.35498644886,161364.05345024355,-822.698463794688,2022-10-28 00:00:00+00:00,167061.39090729618,167924.04977083084,-862.6588635346561,2022-11-27 00:00:00+00:00,157244.4815616351,158053.27100667046,-808.7894450353633,2023-02-25 00:00:00+00:00,176101.47086968285,176993.83121266836,-892.3603429855139,168029.49896316428,168901.40059701505,-871.9016338507645,-0.017198607964829415,-0.01740236297316944,0.020375500834002302,-0.09320094443821358,-0.09328476716926015,0.008382273104656779,-0.09381708645371933,-0.09391741956767952,0.010033311396018263,-0.13330788346573919,-0.13339327418325064,0.008539071751145766,-0.0012792705445265895,-0.0014033128960813102,0.012404235155472065,0.020375500834002302,2022-09-01 00:00:00+00:00,3.0,RESYNCED,0.10414160932238481,0.10414160932238481,39,2022-08-29 00:00:00+00:00,TACTICAL_SELL_STAGE4,SELL,tactical_bear,ACCUMULATION_BEARISH_REBREAK,2,2022-08-28 00:00:00+00:00,0.25,0.3393761406013559,0.25,9234.526595998963,5540.715957599377,14775.24255359834,14.767854932321542,7.38762127679785,22.155476209119392,,2,DEEP_BEAR,4,BEARISH_REBREAK_SELL,True,True,True,HARMFUL,HARMFUL,MIXED_UNCERTAIN,HARMFUL,False,Positive final contribution means baseline event helped wealth; positive DD contribution means it protected drawdown,19555.61,0.314772172884524,20918.04,22392.625500000002,22331.8964,31636.02085,25565.323318170304,22392.625500000002,19219.9276818297,0.2833698815862661,-0.12669418778070496,-0.12431933008609164,-0.38185620458648795,-0.1786808063838723,-0.028196576953447683,0.5682407319691524,0.0,0.015727574312528914,-0.02206395646227366,19555.61,1426.76,0.023899024372034505,0.08631444671843913,0.016839157663708804,0.10423617146541808,0.10745049630259551,0.21029465362079125,-0.041418293778613835,-0.09779500406515462,0.03769762231911966,0.05677198687936302,-0.15486042112723664,-0.14736185483192688,EX_POST_DIAGNOSTIC_ONLY,BELOW_SMA20_FALLING,0.06904966180170795
348746.8528777533,349943.5990919586,-1196.7462142052827,-0.0034315613297441847,-0.08123286521644069,-0.08311153600499832,-0.0015663722610383957,-0.0015564582600815502,-0.0020558446417708875,-0.3951313419600695,-0.3951313419600695,0.0,106,104,1,1,4,24408.74081480247,0.13959060136495083,24.409069212127406,12.20437040739921,36.61343961952707,2022-08-29 00:00:00+00:00,2022-09-03 00:00:00+00:00,168088.94599407763,168706.98405630645,-618.0380622288212,2022-09-26 00:00:00+00:00,161066.7544669179,161659.1238681046,-592.3694011867046,2022-10-26 00:00:00+00:00,166593.3833647161,167204.1505682023,-610.7672034862044,2022-11-25 00:00:00+00:00,156372.94342761248,156945.20133037324,-572.2579027607571,2023-02-23 00:00:00+00:00,184440.67641616808,185112.39995733046,-671.7235411623842,166040.31256191307,166862.83556137147,-822.5229994583933,-0.016295389169402763,-0.013753267163511773,-0.254212200589099,-0.09320094443821358,-0.09319526606002304,-0.0005678378190543398,-0.09381708645371933,-0.09381585576732976,-0.00012306863895750197,-0.13330788346573919,-0.13331802919072067,0.0010145724981480697,-0.016295389169402763,-0.011043104922830671,-0.5252284246572092,0.0010145724981480697,2022-09-01 00:00:00+00:00,5.0,RESYNCED,-0.2791145966219237,0.2791145966219237,38,2022-08-27 00:00:00+00:00,TACTICAL_BUYBACK_AHR999_TO_35,BUY,tactical_bear,AHR999<=0.35,2,2022-08-26 00:00:00+00:00,0.35,0.22588501267622502,0.3499999999999999,13024.112920381878,7814.467752229128,20838.580672611006,20.84899996294731,10.419290336304325,31.26829029925164,,2,ACCUMULATION,4,AHR_VALUE_BUY,True,True,True,HARMFUL,HARMFUL,MIXED_UNCERTAIN,HARMFUL,False,Positive final contribution means baseline event helped wealth; positive DD contribution means it protected drawdown,20241.05,0.3354278858932527,21612.105,22762.1845,22403.7638,31880.13335,25468.616996527922,22762.1845,20055.752003472076,0.23780076965178126,-0.11075977791147418,-0.09653350300006291,-0.3650889167312721,-0.1181987966477609,-0.0241778256878612,0.58888336399049,0.0,0.0513296500614715,-0.012411871587770684,20239.14,1508.18,0.0016907833040338272,0.02388309087774676,-0.0167719577017601,0.03538039226087064,0.05256794508067042,0.14939861289766476,-0.06772768012870112,-0.13589226750122663,0.0005943928447551539,-0.014023525043429852,-0.18546687260427064,-0.2135156281080507,EX_POST_DIAGNOSTIC_ONLY,BELOW_SMA20_FALLING,0.09738567354489697
348746.8528777533,349783.87476402166,-1037.0218862683396,-0.0029735662923153264,-0.06947754781523319,-0.072033634360813,-0.002138623341924273,-0.0023097788441492906,-0.0017583405930439167,-0.3951313419600695,-0.3951313419600695,0.0,106,104,1,1,4,16167.46561284922,0.09604607378579466,16.16775414546737,8.0837328064232,24.251486951890456,2023-02-06 00:00:00+00:00,2023-02-12 00:00:00+00:00,167970.9447955989,168676.69766932036,-705.7528737214743,2023-03-07 00:00:00+00:00,172812.79743755737,173248.3562987137,-435.5588611563435,2023-04-06 00:00:00+00:00,192319.31412651326,192920.03817386,-600.7240473467391,2023-05-06 00:00:00+00:00,197523.57073083238,198139.46285949403,-615.8921286616533,2023-08-04 00:00:00+00:00,193937.7562834748,194539.64566740012,-601.8893839253287,176473.58132182364,176685.54720346478,-211.96588164113928,-0.07654925642651533,-0.07220329252740176,-0.43459638991135696,-0.09518352848462297,-0.08972355744619764,-0.5459971038425326,-0.16924779159866188,-0.16417590931463188,-0.5071882284029994,-0.16924779159866188,-0.16417590931463188,-0.5071882284029994,-0.02249563286717471,-0.021216623504415333,-0.12790093627593757,-0.12790093627593757,2023-03-10 00:00:00+00:00,33.0,RESYNCED,-1.6822682564533158,1.6880439406372285,77,2023-02-05 00:00:00+00:00,TACTICAL_BUYBACK_NEW_BULL_REDEPLOY,BUY,tactical_bear,TEN_DAY_NEW_BULL_REDEPLOY,2,2023-02-04 00:00:00+00:00,0.95,0.8595245768634161,0.9130638967056314,6012.520100112826,3607.5120600676946,9620.03216018052,9.62484217626061,4.810016080089518,14.434858256350129,,2,NEW_BULL,0,NEW_BULL_REDEPLOY,False,False,False,HARMFUL,HARMFUL,MIXED_UNCERTAIN,HARMFUL,False,Positive final contribution means baseline event helped wealth; positive DD contribution means it protected drawdown,23326.84,0.5973640749904446,23278.033000000003,22680.9385,19447.0294,19723.4147,24464.660042364176,22680.9385,20897.216957635825,0.15728816004365742,0.028477723706186175,0.19950659405081184,0.18269784187015037,0.1176408020506432,0.3650239686908976,0.44343205018522425,0.12812834452183952,0.41900421439903446,0.019075994222958803,23327.66,1666.39,-0.003100182358624859,0.008749452409099856,-0.06628525964455922,-0.08115747214037528,0.05804397011959184,0.01742089186805007,-0.03717132365612319,-0.05478309399360304,0.2057968951879443,0.13951715984853474,0.25831780812991956,0.18240027844622198,EX_POST_DIAGNOSTIC_ONLY,ABOVE_SMA20_NOT_NEAR_LOW,0.044957635366889195
