record_id,strategy,model,signal_date,signal_available_at,execution_4h_open,btc_close,sma10,sma20,sma50,sma200,ahr999,state_before,state_after,stage_before,stage_after,active_target_before,active_target_after,crypto_exposure_before,crypto_exposure_after,actions,stage3_confirmation_eligible,stage3_candidate_active,stage3_candidate_id,stage3_confirmation_count,sma200_failure_streak,distribution_confirmed,early_bear_confirmed,stage3_confirmed,deep_bear_structural_confirmed,crash_level1_raw,crash_level2_market_raw,right_50_confirmed,right_60_confirmed,new_bull_gate_1,new_bull_gate_2,new_bull_gate_3,new_bull_gate_4,new_bull_gate_5,new_bull_gate_6,new_bull_gate_7,prev_record_hash,record_hash
SIGNAL:B:2026-09-04T00:00:00+00:00,FORWARD SHADOW - V3.1 MODEL B,B,2026-09-03T00:00:00+00:00,2026-09-04T00:00:00+00:00,2026-09-04T00:00:00+00:00,81270.369999999995,78620.100999999995,74797.209499999997,68498.136200000008,69603.786299999992,0.54779309557797162,ACCUMULATION,NEW_BULL,4,0,0.34999999999999998,0.94999999999999996,0.43340458653589969,0.48831004814929774,NEW_BULL_CONFIRMED|NEW_BULL_REDEPLOY:EXECUTED,,,,,,false,false,false,false,false,false,true,true,true,true,true,true,true,true,true,GENESIS,11c7ce103b025499c7e81be4850cf84aab5c6a408f379ce8fc0cf99612f16c81
SIGNAL:Q:2026-09-04T00:00:00+00:00,FORWARD CHAMPION - V3.10 MODEL Q,Q,2026-09-03T00:00:00+00:00,2026-09-04T00:00:00+00:00,2026-09-04T00:00:00+00:00,81270.369999999995,78620.100999999995,74797.209499999997,68498.136200000008,69603.786299999992,0.54779309557797162,ACCUMULATION,NEW_BULL,4,0,0.34999999999999998,0.94999999999999996,0.43348712206870132,0.4884700258711237,NEW_BULL_CONFIRMED|NEW_BULL_REDEPLOY:EXECUTED|STAGE3_ELIGIBILITY_ACTIVATED,1,0,,0,0,false,false,false,false,false,false,true,true,true,true,true,true,true,true,true,11c7ce103b025499c7e81be4850cf84aab5c6a408f379ce8fc0cf99612f16c81,088c97c00f56c89c5f84e8ca7d8ee76853fe7fc556c7dbe48f666b808e460969
SIGNAL:B:2026-09-05T00:00:00+00:00,FORWARD SHADOW - V3.1 MODEL B,B,2026-09-04T00:00:00+00:00,2026-09-05T00:00:00+00:00,2026-09-05T00:00:00+00:00,79660.770000000004,78732.263999999996,75625.947499999995,68814.747600000002,69657.627999999997,0.52542676777265507,NEW_BULL,NEW_BULL,0,0,0.94999999999999996,0.94999999999999996,0.48346551835680662,0.5388909331292514,NEW_BULL_REDEPLOY:EXECUTED,,,,,,false,false,false,false,false,false,true,true,true,true,true,true,true,true,true,088c97c00f56c89c5f84e8ca7d8ee76853fe7fc556c7dbe48f666b808e460969,a09dc87345a68eff09013950d60acbad5876c8489a4f20b40f4fa1499628eaa9
SIGNAL:Q:2026-09-05T00:00:00+00:00,FORWARD CHAMPION - V3.10 MODEL Q,Q,2026-09-04T00:00:00+00:00,2026-09-05T00:00:00+00:00,2026-09-05T00:00:00+00:00,79660.770000000004,78732.263999999996,75625.947499999995,68814.747600000002,69657.627999999997,0.52542676777265507,NEW_BULL,NEW_BULL,0,0,0.94999999999999996,0.94999999999999996,0.48362446824045202,0.53912834205344018,NEW_BULL_REDEPLOY:EXECUTED,1,0,,0,0,false,false,false,false,false,false,true,true,true,true,true,true,true,true,true,a09dc87345a68eff09013950d60acbad5876c8489a4f20b40f4fa1499628eaa9,739bb2429a76635e36dabfaabd7633c5400216dfa0f60b5543a4c31d400643a5
SIGNAL:B:2026-09-06T00:00:00+00:00,FORWARD SHADOW - V3.1 MODEL B,B,2026-09-05T00:00:00+00:00,2026-09-06T00:00:00+00:00,2026-09-06T00:00:00+00:00,79831.75,78813.063999999998,76472.535000000003,69132.749200000006,69719.269150000007,0.52674126292538581,NEW_BULL,NEW_BULL,0,0,0.94999999999999996,0.94999999999999996,0.54052242568407216,0.5957803089728787,NEW_BULL_REDEPLOY:EXECUTED,,,,,,false,false,false,false,false,false,true,true,true,true,true,true,true,true,true,739bb2429a76635e36dabfaabd7633c5400216dfa0f60b5543a4c31d400643a5,376b7bed8daa2a1934cdaa460f2f37db47026f8051461a8c3bc8b964686d53a8
SIGNAL:Q:2026-09-06T00:00:00+00:00,FORWARD CHAMPION - V3.10 MODEL Q,Q,2026-09-05T00:00:00+00:00,2026-09-06T00:00:00+00:00,2026-09-06T00:00:00+00:00,79831.75,78813.063999999998,76472.535000000003,69132.749200000006,69719.269150000007,0.52674126292538581,NEW_BULL,NEW_BULL,0,0,0.94999999999999996,0.94999999999999996,0.54076686994677836,0.59610204970064806,NEW_BULL_REDEPLOY:EXECUTED,1,0,,0,0,false,false,false,false,false,false,true,true,true,true,true,true,true,true,true,376b7bed8daa2a1934cdaa460f2f37db47026f8051461a8c3bc8b964686d53a8,54d2192c50394cf682a516655525c97b90210660fa429988716323db5acc8a4e
SIGNAL:B:2026-09-07T00:00:00+00:00,FORWARD SHADOW - V3.1 MODEL B,B,2026-09-06T00:00:00+00:00,2026-09-07T00:00:00+00:00,2026-09-07T00:00:00+00:00,80341.830000000002,78822.28899999999,77263.021500000003,69442.901400000002,69788.673299999995,0.5324813691185436,NEW_BULL,NEW_BULL,0,0,0.94999999999999996,0.94999999999999996,0.59807865686220163,0.6530198830223608,NEW_BULL_REDEPLOY:EXECUTED,,,,,,false,false,false,false,false,false,true,true,true,true,true,true,true,true,true,54d2192c50394cf682a516655525c97b90210660fa429988716323db5acc8a4e,2e31aaf2e5cadf8cbfcd295e30eb49bb53d564066dcfb35f4b308abac6b9c5a8
SIGNAL:Q:2026-09-07T00:00:00+00:00,FORWARD CHAMPION - V3.10 MODEL Q,Q,2026-09-06T00:00:00+00:00,2026-09-07T00:00:00+00:00,2026-09-07T00:00:00+00:00,80341.830000000002,78822.28899999999,77263.021500000003,69442.901400000002,69788.673299999995,0.5324813691185436,NEW_BULL,NEW_BULL,0,0,0.94999999999999996,0.94999999999999996,0.59840565853965499,0.6534227707257817,NEW_BULL_REDEPLOY:EXECUTED,1,0,,0,0,false,false,false,false,false,false,true,true,true,true,true,true,true,true,true,2e31aaf2e5cadf8cbfcd295e30eb49bb53d564066dcfb35f4b308abac6b9c5a8,e0cee8394b5dfdbfbda03e15e840b89a7c998e7d5e57ded2f3f032ceae025ba1
SIGNAL:B:2026-09-08T00:00:00+00:00,FORWARD SHADOW - V3.1 MODEL B,B,2026-09-07T00:00:00+00:00,2026-09-08T00:00:00+00:00,2026-09-08T00:00:00+00:00,79112.009999999995,78948.902999999991,77982.350999999995,69730.690799999997,69849.214699999997,0.51539042149987657,NEW_BULL,NEW_BULL,0,0,0.94999999999999996,0.94999999999999996,0.65034142216695001,0.70574114476234984,NEW_BULL_REDEPLOY:EXECUTED,,,,,,false,false,false,false,false,false,true,true,true,true,true,true,true,true,true,e0cee8394b5dfdbfbda03e15e840b89a7c998e7d5e57ded2f3f032ceae025ba1,d9903de7b61f6249d28fe98cea364d1f104b38366080841f610d6a196e0d9e25
SIGNAL:Q:2026-09-08T00:00:00+00:00,FORWARD CHAMPION - V3.10 MODEL Q,Q,2026-09-07T00:00:00+00:00,2026-09-08T00:00:00+00:00,2026-09-08T00:00:00+00:00,79112.009999999995,78948.902999999991,77982.350999999995,69730.690799999997,69849.214699999997,0.51539042149987657,NEW_BULL,NEW_BULL,0,0,0.94999999999999996,0.94999999999999996,0.65074977672410717,0.70622568620750015,NEW_BULL_REDEPLOY:EXECUTED,1,0,,0,0,false,false,false,false,false,false,true,true,true,true,true,true,true,true,true,d9903de7b61f6249d28fe98cea364d1f104b38366080841f610d6a196e0d9e25,b1fe77fb65d398bf566d281ae9f8230769ab5f5ba3708edb4fe81cc99e392cd5
SIGNAL:B:2026-09-09T00:00:00+00:00,FORWARD SHADOW - V3.1 MODEL B,B,2026-09-08T00:00:00+00:00,2026-09-09T00:00:00+00:00,2026-09-09T00:00:00+00:00,78455.800000000003,78971.482999999993,78438.401500000007,69994.696599999996,69901.393649999998,0.50603957607688321,NEW_BULL,NEW_BULL,0,0,0.94999999999999996,0.94999999999999996,0.7043024867865415,0.76017729260511646,NEW_BULL_REDEPLOY:EXECUTED,,,,,,false,false,false,false,false,false,true,true,true,true,true,true,true,true,true,b1fe77fb65d398bf566d281ae9f8230769ab5f5ba3708edb4fe81cc99e392cd5,9594c7ac389fbad72fda848738947f1274bc8f094d99fd4e4c636a893c007d51
SIGNAL:Q:2026-09-09T00:00:00+00:00,FORWARD CHAMPION - V3.10 MODEL Q,Q,2026-09-08T00:00:00+00:00,2026-09-09T00:00:00+00:00,2026-09-09T00:00:00+00:00,78455.800000000003,78971.482999999993,78438.401500000007,69994.696599999996,69901.393649999998,0.50603957607688321,NEW_BULL,NEW_BULL,0,0,0.94999999999999996,0.94999999999999996,0.70479174778644449,0.76074248773810582,NEW_BULL_REDEPLOY:EXECUTED,1,0,,0,0,false,false,false,false,false,false,true,true,true,true,true,true,true,true,true,9594c7ac389fbad72fda848738947f1274bc8f094d99fd4e4c636a893c007d51,35d2613e3115a52914cff3c9539e135a18c82aef458aa3382c4be4657a24fe56
SIGNAL:B:2026-09-10T00:00:00+00:00,FORWARD SHADOW - V3.1 MODEL B,B,2026-09-09T00:00:00+00:00,2026-09-10T00:00:00+00:00,2026-09-10T00:00:00+00:00,78306.429999999993,79033.926000000007,78702.465499999991,70229.702000000005,69953.046150000009,0.50328694052460043,NEW_BULL,NEW_BULL,0,0,0.94999999999999996,0.94999999999999996,0.75955173564054623,0.81529732150384815,NEW_BULL_REDEPLOY:EXECUTED,,,,,,false,false,false,false,false,false,false,true,true,true,true,true,true,true,true,35d2613e3115a52914cff3c9539e135a18c82aef458aa3382c4be4657a24fe56,a0de6fa06df85c37223d2b61ae33420cf579b3f536da2df1ea292c5726121ddb
SIGNAL:Q:2026-09-10T00:00:00+00:00,FORWARD CHAMPION - V3.10 MODEL Q,Q,2026-09-09T00:00:00+00:00,2026-09-10T00:00:00+00:00,2026-09-10T00:00:00+00:00,78306.429999999993,79033.926000000007,78702.465499999991,70229.702000000005,69953.046150000009,0.50328694052460043,NEW_BULL,NEW_BULL,0,0,0.94999999999999996,0.94999999999999996,0.76011525753618914,0.81593766042013971,NEW_BULL_REDEPLOY:EXECUTED,1,0,,0,0,false,false,false,false,false,false,false,true,true,true,true,true,true,true,true,a0de6fa06df85c37223d2b61ae33420cf579b3f536da2df1ea292c5726121ddb,cf9114a994451fededbaf95cb47f8271d158add91853bb9eea45871778e06aa3
SIGNAL:B:2026-09-11T00:00:00+00:00,FORWARD SHADOW - V3.1 MODEL B,B,2026-09-10T00:00:00+00:00,2026-09-11T00:00:00+00:00,2026-09-11T00:00:00+00:00,76568.720000000001,78832.669000000009,78614,70438.786600000007,69997.672749999998,0.48045632088165452,NEW_BULL,NEW_BULL,0,0,0.94999999999999996,0.94999999999999996,0.81247978820746347,0.86905836002002912,NEW_BULL_REDEPLOY:EXECUTED,,,,,,false,false,false,false,false,false,false,true,true,true,true,true,true,true,true,cf9114a994451fededbaf95cb47f8271d158add91853bb9eea45871778e06aa3,26ade2a268e1f8337e729f25accc4e5183acaef20b2e513b1f75b219b6fa4571
SIGNAL:Q:2026-09-11T00:00:00+00:00,FORWARD CHAMPION - V3.10 MODEL Q,Q,2026-09-10T00:00:00+00:00,2026-09-11T00:00:00+00:00,2026-09-11T00:00:00+00:00,76568.720000000001,78832.669000000009,78614,70438.786600000007,69997.672749999998,0.48045632088165452,NEW_BULL,NEW_BULL,0,0,0.94999999999999996,0.94999999999999996,0.81313123496480344,0.86978728752373835,NEW_BULL_REDEPLOY:EXECUTED,1,0,,0,0,false,false,false,false,false,false,false,true,true,true,true,true,true,true,true,26ade2a268e1f8337e729f25accc4e5183acaef20b2e513b1f75b219b6fa4571,0bed92251840eaeda3f1d9253feeb92442a8330c278e1da488b6b527e6c2a9e4
SIGNAL:B:2026-09-12T00:00:00+00:00,FORWARD SHADOW - V3.1 MODEL B,B,2026-09-11T00:00:00+00:00,2026-09-12T00:00:00+00:00,2026-09-12T00:00:00+00:00,77225.699999999997,78811.339000000007,78621.538499999995,70681.321199999991,70060.52115,0.48785688510935232,NEW_BULL,NEW_BULL,0,0,0.94999999999999996,0.94999999999999996,0.87128530551186556,0.9270132535141471,NEW_BULL_REDEPLOY:EXECUTED,,,,,,true,false,false,false,false,false,false,true,true,true,true,true,true,true,true,0bed92251840eaeda3f1d9253feeb92442a8330c278e1da488b6b527e6c2a9e4,0721c93f69419c4d24c5059c8e31fe74d3332381f9b8ab7f52968473c3d9836c
SIGNAL:Q:2026-09-12T00:00:00+00:00,FORWARD CHAMPION - V3.10 MODEL Q,Q,2026-09-11T00:00:00+00:00,2026-09-12T00:00:00+00:00,2026-09-12T00:00:00+00:00,77225.699999999997,78811.339000000007,78621.538499999995,70681.321199999991,70060.52115,0.48785688510935232,NEW_BULL,NEW_BULL,0,0,0.94999999999999996,0.94999999999999996,0.87201073701943921,0.92781170127039825,NEW_BULL_REDEPLOY:EXECUTED,1,0,,0,0,true,false,false,false,false,false,false,true,true,true,true,true,true,true,true,0721c93f69419c4d24c5059c8e31fe74d3332381f9b8ab7f52968473c3d9836c,112fa21fe84da410c32a485eb1d442a612833a6a2f29ecf96405d3ae65c99d20
SIGNAL:B:2026-09-13T00:00:00+00:00,FORWARD SHADOW - V3.1 MODEL B,B,2026-09-12T00:00:00+00:00,2026-09-13T00:00:00+00:00,2026-09-13T00:00:00+00:00,77278.729999999996,78805.210999999996,78598.774999999994,70944.09599999999,70126.624049999999,0.48762563932416214,NEW_BULL,BULL,0,0,0.94999999999999996,0.94999999999999996,0.92690644226148833,0.92720409452360675,NEW_BULL_REDEPLOY:EXPOSURE_GAP_BELOW_5PP|NEW_BULL_COMPLETE_COOLDOWN_30,,,,,,true,false,false,false,false,false,false,false,true,true,true,true,true,true,true,112fa21fe84da410c32a485eb1d442a612833a6a2f29ecf96405d3ae65c99d20,1ca62c57793e574d5a3a78fd71b66020bb5dfc686d7db0bcf7c236da2ef761be
SIGNAL:Q:2026-09-13T00:00:00+00:00,FORWARD CHAMPION - V3.10 MODEL Q,Q,2026-09-12T00:00:00+00:00,2026-09-13T00:00:00+00:00,2026-09-13T00:00:00+00:00,77278.729999999996,78805.210999999996,78598.774999999994,70944.09599999999,70126.624049999999,0.48762563932416214,NEW_BULL,BULL,0,0,0.94999999999999996,0.94999999999999996,0.92770365814022671,0.92800127793025855,NEW_BULL_REDEPLOY:EXPOSURE_GAP_BELOW_5PP|NEW_BULL_COMPLETE_COOLDOWN_30,1,0,,0,0,true,false,false,false,false,false,false,false,true,true,true,true,true,true,true,1ca62c57793e574d5a3a78fd71b66020bb5dfc686d7db0bcf7c236da2ef761be,231afbc3b8436f14e4654e8e596071a88e857e28751d2d88c0bf163a51a69647
SIGNAL:B:2026-09-14T00:00:00+00:00,FORWARD SHADOW - V3.1 MODEL B,B,2026-09-13T00:00:00+00:00,2026-09-14T00:00:00+00:00,2026-09-14T00:00:00+00:00,76842.009999999995,78362.375,78491.237999999983,71193.436199999996,70170.89390000001,0.48139038794934597,BULL,BULL,0,0,0.94999999999999996,0.94999999999999996,0.92618235364588186,0.92644524530314476,,,,,,,true,false,false,false,false,false,false,false,true,true,true,true,true,true,true,231afbc3b8436f14e4654e8e596071a88e857e28751d2d88c0bf163a51a69647,1f02a3f2700c7866d8f5ca3013940ccf0236e51147c53a8d5bff34c67a0873c1
SIGNAL:Q:2026-09-14T00:00:00+00:00,FORWARD CHAMPION - V3.10 MODEL Q,Q,2026-09-13T00:00:00+00:00,2026-09-14T00:00:00+00:00,2026-09-14T00:00:00+00:00,76842.009999999995,78362.375,78491.237999999983,71193.436199999996,70170.89390000001,0.48139038794934597,BULL,BULL,0,0,0.94999999999999996,0.94999999999999996,0.92698435732631224,0.92724723004114284,,1,0,,0,0,true,false,false,false,false,false,false,false,true,true,true,true,true,true,true,1f02a3f2700c7866d8f5ca3013940ccf0236e51147c53a8d5bff34c67a0873c1,9462cd43304c06f56e53ec2eee4068c736d72654fdd418eb04a5b27da2332741
SIGNAL:B:2026-09-15T00:00:00+00:00,FORWARD SHADOW - V3.1 MODEL B,B,2026-09-14T00:00:00+00:00,2026-09-15T00:00:00+00:00,2026-09-15T00:00:00+00:00,78189.210000000006,78215.218999999997,78473.741500000004,71449.220600000001,70224.414050000007,0.49758818032662233,BULL,BULL,0,0,0.94999999999999996,0.94999999999999996,0.92751833008161744,0.92751833008161744,,,,,,,true,false,false,false,false,false,false,false,true,true,true,true,true,true,true,9462cd43304c06f56e53ec2eee4068c736d72654fdd418eb04a5b27da2332741,73aa50c4edc09bbcc7149394f1fa691225a837a3eac2af557059a811d227bcd1
SIGNAL:Q:2026-09-15T00:00:00+00:00,FORWARD CHAMPION - V3.10 MODEL Q,Q,2026-09-14T00:00:00+00:00,2026-09-15T00:00:00+00:00,2026-09-15T00:00:00+00:00,78189.210000000006,78215.218999999997,78473.741500000004,71449.220600000001,70224.414050000007,0.49758818032662233,BULL,BULL,0,0,0.94999999999999996,0.94999999999999996,0.92830821602933578,0.92830821602933578,,1,0,,0,0,true,false,false,false,false,false,false,false,true,true,true,true,true,true,true,73aa50c4edc09bbcc7149394f1fa691225a837a3eac2af557059a811d227bcd1,4b5c7e079cdd7276f69ddac97f543956a4ed827de3d2087304a74f2d969f53ea
SIGNAL:B:2026-09-16T00:00:00+00:00,FORWARD SHADOW - V3.1 MODEL B,B,2026-09-15T00:00:00+00:00,2026-09-16T00:00:00+00:00,2026-09-16T00:00:00+00:00,75644.479999999996,77796.491999999998,78304.778000000006,71686.993000000002,70273.275949999996,0.46498229098109101,BULL,BULL,0,0,0.94999999999999996,0.94999999999999996,0.92484819700610532,0.92484819700610532,,,,,,,true,false,false,false,false,false,false,false,true,true,true,true,true,true,true,4b5c7e079cdd7276f69ddac97f543956a4ed827de3d2087304a74f2d969f53ea,a1bc62a5555bc5f1c64c30599c666be1272a81d704f992b4293a9375d56afd6a
SIGNAL:Q:2026-09-16T00:00:00+00:00,FORWARD CHAMPION - V3.10 MODEL Q,Q,2026-09-15T00:00:00+00:00,2026-09-16T00:00:00+00:00,2026-09-16T00:00:00+00:00,75644.479999999996,77796.491999999998,78304.778000000006,71686.993000000002,70273.275949999996,0.46498229098109101,BULL,BULL,0,0,0.94999999999999996,0.94999999999999996,0.92566169233086504,0.92566169233086504,,1,0,,0,0,true,false,false,false,false,false,false,false,true,true,true,true,true,true,true,a1bc62a5555bc5f1c64c30599c666be1272a81d704f992b4293a9375d56afd6a,03ff43d1341fe7947d5a44180ef003e6cb324cd133753962a966c9b72739a8aa
SIGNAL:B:2026-09-17T00:00:00+00:00,FORWARD SHADOW - V3.1 MODEL B,B,2026-09-16T00:00:00+00:00,2026-09-17T00:00:00+00:00,2026-09-17T00:00:00+00:00,76206.009999999995,77382.910000000003,78102.599499999997,71932.81319999999,70319.439700000003,0.47117564584497335,BULL,BULL,0,0,0.94999999999999996,0.94999999999999996,0.92559339983369449,0.92559339983369449,,,,,,,true,false,false,false,false,false,false,false,true,true,true,true,true,true,true,03ff43d1341fe7947d5a44180ef003e6cb324cd133753962a966c9b72739a8aa,3234c9dda102c5e1d82c2564b8534ee888b168a2248d5f888e1f758973643edb
SIGNAL:Q:2026-09-17T00:00:00+00:00,FORWARD CHAMPION - V3.10 MODEL Q,Q,2026-09-16T00:00:00+00:00,2026-09-17T00:00:00+00:00,2026-09-17T00:00:00+00:00,76206.009999999995,77382.910000000003,78102.599499999997,71932.81319999999,70319.439700000003,0.47117564584497335,BULL,BULL,0,0,0.94999999999999996,0.94999999999999996,0.92640120211888677,0.92640120211888677,,1,0,,0,0,true,false,false,false,false,false,false,false,true,true,true,true,true,true,true,3234c9dda102c5e1d82c2564b8534ee888b168a2248d5f888e1f758973643edb,48a187e0819a0afe37085d8027067aeacb23d690d29d7ca08cc6fbb198ac8d2e
SIGNAL:B:2026-09-18T00:00:00+00:00,FORWARD SHADOW - V3.1 MODEL B,B,2026-09-17T00:00:00+00:00,2026-09-18T00:00:00+00:00,2026-09-18T00:00:00+00:00,76417.009999999995,77113.410000000003,78031.156500000012,72181.467799999999,70372.642399999997,0.47300282395498466,BULL,BULL,0,0,0.94999999999999996,0.94999999999999996,0.92596756356586452,0.92596756356586452,,,,,,,true,false,false,false,false,false,false,false,true,true,true,true,true,true,true,48a187e0819a0afe37085d8027067aeacb23d690d29d7ca08cc6fbb198ac8d2e,e81d9ea57d301d91520625a99a3df698e7138722c1f3a666b9e1745f62868d07
SIGNAL:Q:2026-09-18T00:00:00+00:00,FORWARD CHAMPION - V3.10 MODEL Q,Q,2026-09-17T00:00:00+00:00,2026-09-18T00:00:00+00:00,2026-09-18T00:00:00+00:00,76417.009999999995,77113.410000000003,78031.156500000012,72181.467799999999,70372.642399999997,0.47300282395498466,BULL,BULL,0,0,0.94999999999999996,0.94999999999999996,0.9267720715572686,0.9267720715572686,,1,0,,0,0,true,false,false,false,false,false,false,false,true,true,true,true,true,true,true,e81d9ea57d301d91520625a99a3df698e7138722c1f3a666b9e1745f62868d07,700a64e535fa6649fdb737d7fe2c08fc721ea376abe6490a4a388bf9a8988868
SIGNAL:B:2026-09-19T00:00:00+00:00,FORWARD SHADOW - V3.1 MODEL B,B,2026-09-18T00:00:00+00:00,2026-09-19T00:00:00+00:00,2026-09-19T00:00:00+00:00,80883.869999999995,77356.21699999999,78163.850000000006,72503.544800000003,70432.91145,0.52898516907921578,BULL,BULL,0,0,0.94999999999999996,0.94999999999999996,0.93016319925237478,0.93016319925237478,,,,,,,false,false,false,false,false,false,false,false,true,true,true,true,true,true,true,700a64e535fa6649fdb737d7fe2c08fc721ea376abe6490a4a388bf9a8988868,f7278ff49dd68d00cd87d5d929edf50e514885419ec61e90f31b79f731b52093
SIGNAL:Q:2026-09-19T00:00:00+00:00,FORWARD CHAMPION - V3.10 MODEL Q,Q,2026-09-18T00:00:00+00:00,2026-09-19T00:00:00+00:00,2026-09-19T00:00:00+00:00,80883.869999999995,77356.21699999999,78163.850000000006,72503.544800000003,70432.91145,0.52898516907921578,BULL,BULL,0,0,0.94999999999999996,0.94999999999999996,0.93092820866488346,0.93092820866488346,,1,0,,0,0,false,false,false,false,false,false,false,false,true,true,true,true,true,true,true,f7278ff49dd68d00cd87d5d929edf50e514885419ec61e90f31b79f731b52093,4fafa0edb5ce774eba64f84495af3a6ae986008de5e655440000481cde4fa6b2
SIGNAL:B:2026-09-20T00:00:00+00:00,FORWARD SHADOW - V3.1 MODEL B,B,2026-09-19T00:00:00+00:00,2026-09-20T00:00:00+00:00,2026-09-20T00:00:00+00:00,81249.990000000005,77650.573000000004,78342.249500000005,72870.786999999997,70497.471399999995,0.53281473502956389,BULL,BULL,0,0,0.94999999999999996,0.94999999999999996,0.93049106952486138,0.93049106952486138,,,,,,,false,false,false,false,false,false,false,true,true,true,true,true,true,true,true,4fafa0edb5ce774eba64f84495af3a6ae986008de5e655440000481cde4fa6b2,86c4ada284e76f34ad433a53d76bad46cdbe1a49ec7b911a2cda801a5d117f71
SIGNAL:Q:2026-09-20T00:00:00+00:00,FORWARD CHAMPION - V3.10 MODEL Q,Q,2026-09-19T00:00:00+00:00,2026-09-20T00:00:00+00:00,2026-09-20T00:00:00+00:00,81249.990000000005,77650.573000000004,78342.249500000005,72870.786999999997,70497.471399999995,0.53281473502956389,BULL,BULL,0,0,0.94999999999999996,0.94999999999999996,0.93125235420210695,0.93125235420210695,,1,0,,0,0,false,false,false,false,false,false,false,true,true,true,true,true,true,true,true,86c4ada284e76f34ad433a53d76bad46cdbe1a49ec7b911a2cda801a5d117f71,ee6441a9f6c005c33c0c943f226df356006bc2075bd2cd8260342f4af6fc315c
SIGNAL:B:2026-09-21T00:00:00+00:00,FORWARD SHADOW - V3.1 MODEL B,B,2026-09-20T00:00:00+00:00,2026-09-21T00:00:00+00:00,2026-09-21T00:00:00+00:00,81178,78111.501000000004,78472.084999999992,73237.874200000006,70540.027549999999,0.53107041340029904,BULL,BULL,0,0,0.94999999999999996,0.94999999999999996,0.93051197140693742,0.9307598657581021,,,,,,,false,false,false,false,false,false,false,true,true,true,true,true,true,true,true,ee6441a9f6c005c33c0c943f226df356006bc2075bd2cd8260342f4af6fc315c,e911097fd398d65a229b3ba848876f69c34cec209a81e2697496dad50e565bfd
SIGNAL:Q:2026-09-21T00:00:00+00:00,FORWARD CHAMPION - V3.10 MODEL Q,Q,2026-09-20T00:00:00+00:00,2026-09-21T00:00:00+00:00,2026-09-21T00:00:00+00:00,81178,78111.501000000004,78472.084999999992,73237.874200000006,70540.027549999999,0.53107041340029904,BULL,BULL,0,0,0.94999999999999996,0.94999999999999996,0.93127285386862879,0.93152071359224475,,1,0,,0,0,false,false,false,false,false,false,false,true,true,true,true,true,true,true,true,e911097fd398d65a229b3ba848876f69c34cec209a81e2697496dad50e565bfd,1bec0dcef100c91f7f24fec31ba7d96d6a451304dccf8addae6e3a4b10c1508e
SIGNAL:B:2026-09-22T00:00:00+00:00,FORWARD SHADOW - V3.1 MODEL B,B,2026-09-21T00:00:00+00:00,2026-09-22T00:00:00+00:00,2026-09-22T00:00:00+00:00,86620,79050.931000000011,78931.134999999995,73698.874200000006,70618.673949999997,0.60344237139395007,BULL,BULL,0,0,0.94999999999999996,0.94999999999999996,0.93421366049291277,0.93421366049291277,,,,,,,false,false,false,false,false,false,true,true,true,true,true,true,true,true,true,1bec0dcef100c91f7f24fec31ba7d96d6a451304dccf8addae6e3a4b10c1508e,d41a5c2832880636b19a7c60c6d3dd078a9c25200571b46d524115ed3dd6a535
SIGNAL:Q:2026-09-22T00:00:00+00:00,FORWARD CHAMPION - V3.10 MODEL Q,Q,2026-09-21T00:00:00+00:00,2026-09-22T00:00:00+00:00,2026-09-22T00:00:00+00:00,86620,79050.931000000011,78931.134999999995,73698.874200000006,70618.673949999997,0.60344237139395007,BULL,BULL,0,0,0.94999999999999996,0.94999999999999996,0.93493414909477723,0.93493414909477723,,1,0,,0,0,false,false,false,false,false,false,true,true,true,true,true,true,true,true,true,d41a5c2832880636b19a7c60c6d3dd078a9c25200571b46d524115ed3dd6a535,0cf1ecfeff5631c6c7994b6b741f0ee49b55ba12892c02d8df90f3eabdfdcdb0
SIGNAL:B:2026-09-23T00:00:00+00:00,FORWARD SHADOW - V3.1 MODEL B,B,2026-09-22T00:00:00+00:00,2026-09-23T00:00:00+00:00,2026-09-23T00:00:00+00:00,86208.559999999998,79943.914000000004,79374.5625,74152.645399999994,70709.146649999995,0.59642001689110136,BULL,BULL,0,0,0.94999999999999996,0.94999999999999996,0.93402605488906787,0.93402605488906787,,,,,,,false,false,false,false,false,false,true,true,true,true,true,true,true,true,true,0cf1ecfeff5631c6c7994b6b741f0ee49b55ba12892c02d8df90f3eabdfdcdb0,b03f1edd4bb9a8de4e036334ea4c7046f97c22856c552cd0084b565745efd220
SIGNAL:Q:2026-09-23T00:00:00+00:00,FORWARD CHAMPION - V3.10 MODEL Q,Q,2026-09-22T00:00:00+00:00,2026-09-23T00:00:00+00:00,2026-09-23T00:00:00+00:00,86208.559999999998,79943.914000000004,79374.5625,74152.645399999994,70709.146649999995,0.59642001689110136,BULL,BULL,0,0,0.94999999999999996,0.94999999999999996,0.93474943257850307,0.93474943257850307,,1,0,,0,0,false,false,false,false,false,false,true,true,true,true,true,true,true,true,true,b03f1edd4bb9a8de4e036334ea4c7046f97c22856c552cd0084b565745efd220,b0122b54f570aa6139e9cfb30d46bf18591b74393a04c17b48992cc405dd96e9
SIGNAL:B:2026-09-24T00:00:00+00:00,FORWARD SHADOW - V3.1 MODEL B,B,2026-09-23T00:00:00+00:00,2026-09-24T00:00:00+00:00,2026-09-24T00:00:00+00:00,84397.600000000006,80699.472999999998,79530.923999999999,74558.466199999995,70794.820099999997,0.57041878724596107,BULL,BULL,0,0,0.94999999999999996,0.94999999999999996,0.93256841031134285,0.93256841031134285,,,,,,,false,false,false,false,false,false,true,true,true,true,true,true,true,true,true,b0122b54f570aa6139e9cfb30d46bf18591b74393a04c17b48992cc405dd96e9,626c81a9a42d68ee2c157d77c45401e5a9cbbe787e0d081db376261749ee9b18
SIGNAL:Q:2026-09-24T00:00:00+00:00,FORWARD CHAMPION - V3.10 MODEL Q,Q,2026-09-23T00:00:00+00:00,2026-09-24T00:00:00+00:00,2026-09-24T00:00:00+00:00,84397.600000000006,80699.472999999998,79530.923999999999,74558.466199999995,70794.820099999997,0.57041878724596107,BULL,BULL,0,0,0.94999999999999996,0.94999999999999996,0.93330522998559984,0.93330522998559984,,1,0,,0,0,false,false,false,false,false,false,true,true,true,true,true,true,true,true,true,626c81a9a42d68ee2c157d77c45401e5a9cbbe787e0d081db376261749ee9b18,29f576c351f92e04ef99152b767391ef009a6a63e0572cdb917f923844cd1e6b
SIGNAL:B:2026-09-25T00:00:00+00:00,FORWARD SHADOW - V3.1 MODEL B,B,2026-09-24T00:00:00+00:00,2026-09-25T00:00:00+00:00,2026-09-25T00:00:00+00:00,84410.240000000005,81321.576000000001,79768.397500000006,74953.366399999999,70887.015299999999,0.56933362540028476,BULL,BULL,0,0,0.94999999999999996,0.94999999999999996,0.93278874177788218,0.93278874177788218,,,,,,,false,false,false,false,false,false,true,true,true,true,true,true,true,true,true,29f576c351f92e04ef99152b767391ef009a6a63e0572cdb917f923844cd1e6b,d1f2f3a1035dd397106469bb980fb9ae64bc16c5cfcb9a2d3f9dd2416abddce5
SIGNAL:Q:2026-09-25T00:00:00+00:00,FORWARD CHAMPION - V3.10 MODEL Q,Q,2026-09-24T00:00:00+00:00,2026-09-25T00:00:00+00:00,2026-09-25T00:00:00+00:00,84410.240000000005,81321.576000000001,79768.397500000006,74953.366399999999,70887.015299999999,0.56933362540028476,BULL,BULL,0,0,0.94999999999999996,0.94999999999999996,0.93352493494028466,0.93352493494028466,,1,0,,0,0,false,false,false,false,false,false,true,true,true,true,true,true,true,true,true,d1f2f3a1035dd397106469bb980fb9ae64bc16c5cfcb9a2d3f9dd2416abddce5,afb0d945d4e4bb6948ddaa7d560d2889ca64cfb95b9420f5b54701b8531402d3
SIGNAL:B:2026-09-26T00:00:00+00:00,FORWARD SHADOW - V3.1 MODEL B,B,2026-09-25T00:00:00+00:00,2026-09-26T00:00:00+00:00,2026-09-26T00:00:00+00:00,84099.990000000005,82167.127000000008,79981.809500000003,75348.894,70965.354449999999,0.56402320602435285,BULL,BULL,0,0,0.94999999999999996,0.94999999999999996,0.93262808037548139,0.93262808037548139,,,,,,,false,false,false,false,false,false,true,true,true,true,true,true,true,true,true,afb0d945d4e4bb6948ddaa7d560d2889ca64cfb95b9420f5b54701b8531402d3,3b00488648d89c362bf13bb245d4776bb8b08209ed49430554964e5d1533bc9a
SIGNAL:Q:2026-09-26T00:00:00+00:00,FORWARD CHAMPION - V3.10 MODEL Q,Q,2026-09-25T00:00:00+00:00,2026-09-26T00:00:00+00:00,2026-09-26T00:00:00+00:00,84099.990000000005,82167.127000000008,79981.809500000003,75348.894,70965.354449999999,0.56402320602435285,BULL,BULL,0,0,0.94999999999999996,0.94999999999999996,0.93336574773736614,0.93336574773736614,,1,0,,0,0,false,false,false,false,false,false,true,true,true,true,true,true,true,true,true,3b00488648d89c362bf13bb245d4776bb8b08209ed49430554964e5d1533bc9a,2af99845917699d2a16dd77a8990465ea39c4efb571fcf6bfe1ca07d2b269c8d
SIGNAL:B:2026-09-27T00:00:00+00:00,FORWARD SHADOW - V3.1 MODEL B,B,2026-09-26T00:00:00+00:00,2026-09-27T00:00:00+00:00,2026-09-27T00:00:00+00:00,84433.100000000006,82989.835999999996,80186.372999999992,75739.092199999999,71037.776799999992,0.56740849763999757,BULL,BULL,0,0,0.94999999999999996,0.94999999999999996,0.93277155708255333,0.93301139130722299,,,,,,,false,false,false,false,false,false,true,true,true,true,true,true,true,true,true,2af99845917699d2a16dd77a8990465ea39c4efb571fcf6bfe1ca07d2b269c8d,7f3507d862f228b131c6e1ed21cf97df9e071df34fa9d1214b1992945e79fc3d
SIGNAL:Q:2026-09-27T00:00:00+00:00,FORWARD CHAMPION - V3.10 MODEL Q,Q,2026-09-26T00:00:00+00:00,2026-09-27T00:00:00+00:00,2026-09-27T00:00:00+00:00,84433.100000000006,82989.835999999996,80186.372999999992,75739.092199999999,71037.776799999992,0.56740849763999757,BULL,BULL,0,0,0.94999999999999996,0.94999999999999996,0.93350651546667429,0.93374632044314232,,1,0,,0,0,false,false,false,false,false,false,true,true,true,true,true,true,true,true,true,7f3507d862f228b131c6e1ed21cf97df9e071df34fa9d1214b1992945e79fc3d,b69982dfdb94a8500432af01131996bcadf76fb024674af68c637cef2b9526d0
SIGNAL:B:2026-09-28T00:00:00+00:00,FORWARD SHADOW - V3.1 MODEL B,B,2026-09-27T00:00:00+00:00,2026-09-28T00:00:00+00:00,2026-09-28T00:00:00+00:00,84472,83795.335000000006,80454.372499999998,76129.280200000008,71109.177500000005,0.56684974076748362,BULL,BULL,0,0,0.94999999999999996,0.94999999999999996,0.93268205125872861,0.93268205125872861,,,,,,,false,false,false,false,false,false,true,true,true,true,true,true,true,true,true,b69982dfdb94a8500432af01131996bcadf76fb024674af68c637cef2b9526d0,59066a850e7f37536937d41d5a45bf2f25e568833d4317286e15f40204d84f56
SIGNAL:Q:2026-09-28T00:00:00+00:00,FORWARD CHAMPION - V3.10 MODEL Q,Q,2026-09-27T00:00:00+00:00,2026-09-28T00:00:00+00:00,2026-09-28T00:00:00+00:00,84472,83795.335000000006,80454.372499999998,76129.280200000008,71109.177500000005,0.56684974076748362,BULL,BULL,0,0,0.94999999999999996,0.94999999999999996,0.93341663417608933,0.93341663417608933,,1,0,,0,0,false,false,false,false,false,false,true,true,true,true,true,true,true,true,true,59066a850e7f37536937d41d5a45bf2f25e568833d4317286e15f40204d84f56,861ed1de73cfae12016d9886bdf730d356bff8948789e896e432caeef3105822
SIGNAL:B:2026-09-29T00:00:00+00:00,FORWARD SHADOW - V3.1 MODEL B,B,2026-09-28T00:00:00+00:00,2026-09-29T00:00:00+00:00,2026-09-29T00:00:00+00:00,83500.009999999995,84056.949000000008,80706.582999999999,76501.248599999992,71173.970849999998,0.55287671567454921,BULL,BULL,0,0,0.94999999999999996,0.94999999999999996,0.93240500930010473,0.93240500930010473,,,,,,,false,false,false,false,false,false,true,true,true,true,true,true,true,true,true,861ed1de73cfae12016d9886bdf730d356bff8948789e896e432caeef3105822,bdc4599488c683e3c7ec7417283673452a7014576b216c525a55e7aad033b045
SIGNAL:Q:2026-09-29T00:00:00+00:00,FORWARD CHAMPION - V3.10 MODEL Q,Q,2026-09-28T00:00:00+00:00,2026-09-29T00:00:00+00:00,2026-09-29T00:00:00+00:00,83500.009999999995,84056.949000000008,80706.582999999999,76501.248599999992,71173.970849999998,0.55287671567454921,BULL,BULL,0,0,0.94999999999999996,0.94999999999999996,0.93314544000106137,0.93314544000106137,,1,0,,0,0,false,false,false,false,false,false,true,true,true,true,true,true,true,true,true,bdc4599488c683e3c7ec7417283673452a7014576b216c525a55e7aad033b045,df3864f5c6dc94aa263940590a9998eba4e9c017a60042e5bd51f6c95fc3d733
SIGNAL:B:2026-09-30T00:00:00+00:00,FORWARD SHADOW - V3.1 MODEL B,B,2026-09-29T00:00:00+00:00,2026-09-30T00:00:00+00:00,2026-09-30T00:00:00+00:00,83663.660000000003,84298.315999999992,80974.444500000012,76895.121599999999,71237.639150000003,0.55405016655942685,BULL,BULL,0,0,0.94999999999999996,0.94999999999999996,0.93234848641756096,0.93234848641756096,,,,,,,false,false,false,false,false,false,true,true,true,true,true,true,true,true,true,df3864f5c6dc94aa263940590a9998eba4e9c017a60042e5bd51f6c95fc3d733,5dc2d1db12e0aa2d359a3ae6b2c6b363d81bf59fa49e554b54a23db57c3111fd
SIGNAL:Q:2026-09-30T00:00:00+00:00,FORWARD CHAMPION - V3.10 MODEL Q,Q,2026-09-29T00:00:00+00:00,2026-09-30T00:00:00+00:00,2026-09-30T00:00:00+00:00,83663.660000000003,84298.315999999992,80974.444500000012,76895.121599999999,71237.639150000003,0.55405016655942685,BULL,BULL,0,0,0.94999999999999996,0.94999999999999996,0.93308783916036409,0.93308783916036409,,1,0,,0,0,false,false,false,false,false,false,true,true,true,true,true,true,true,true,true,5dc2d1db12e0aa2d359a3ae6b2c6b363d81bf59fa49e554b54a23db57c3111fd,482852a2da3bd9606b60e40324673e77029a9482d1031c55545cf3804cff3eb2
SIGNAL:B:2026-10-01T00:00:00+00:00,FORWARD SHADOW - V3.1 MODEL B,B,2026-09-30T00:00:00+00:00,2026-10-01T00:00:00+00:00,2026-10-01T00:00:00+00:00,83623.600000000006,84542.876000000004,81327.188500000004,77295.593600000007,71299.697400000005,0.55253962736619866,BULL,BULL,0,0,0.94999999999999996,0.94999999999999996,0.93258415876545886,0.93258415876545886,,,,,,,false,false,false,false,false,false,true,true,true,true,true,true,true,true,true,482852a2da3bd9606b60e40324673e77029a9482d1031c55545cf3804cff3eb2,2ab11776bfa254b2edd0f2214812e55b298d1ef97ab1db36be936ddece4e7bf8
SIGNAL:Q:2026-10-01T00:00:00+00:00,FORWARD CHAMPION - V3.10 MODEL Q,Q,2026-09-30T00:00:00+00:00,2026-10-01T00:00:00+00:00,2026-10-01T00:00:00+00:00,83623.600000000006,84542.876000000004,81327.188500000004,77295.593600000007,71299.697400000005,0.55253962736619866,BULL,BULL,0,0,0.94999999999999996,0.94999999999999996,0.93332305357810152,0.93332305357810152,,1,0,,0,0,false,false,false,false,false,false,true,true,true,true,true,true,true,true,true,2ab11776bfa254b2edd0f2214812e55b298d1ef97ab1db36be936ddece4e7bf8,e60506d1a384bc73b5ab1f17e057bdd698e472af383bafe3d62f349c6d0fb88e
SIGNAL:B:2026-10-02T00:00:00+00:00,FORWARD SHADOW - V3.1 MODEL B,B,2026-10-01T00:00:00+00:00,2026-10-02T00:00:00+00:00,2026-10-02T00:00:00+00:00,84880.050000000003,84368.880999999994,81709.906000000003,77723.594799999992,71360.02145,0.56827460300868615,BULL,BULL,0,0,0.94999999999999996,0.94999999999999996,0.93330753831106039,0.93330753831106039,,,,,,,false,false,false,false,false,false,true,true,true,true,true,true,true,true,true,e60506d1a384bc73b5ab1f17e057bdd698e472af383bafe3d62f349c6d0fb88e,792df2b5240bdb0a66bebe7e968f0f45aa6721e03a4edb6823cce97f4004076e
SIGNAL:Q:2026-10-02T00:00:00+00:00,FORWARD CHAMPION - V3.10 MODEL Q,Q,2026-10-01T00:00:00+00:00,2026-10-02T00:00:00+00:00,2026-10-02T00:00:00+00:00,84880.050000000003,84368.880999999994,81709.906000000003,77723.594799999992,71360.02145,0.56827460300868615,BULL,BULL,0,0,0.94999999999999996,0.94999999999999996,0.93403724910566044,0.93403724910566044,,1,0,,0,0,false,false,false,false,false,false,true,true,true,true,true,true,true,true,true,792df2b5240bdb0a66bebe7e968f0f45aa6721e03a4edb6823cce97f4004076e,0919440fec99fc0cfec4ccc549a1cc9c96139169bc77a763ae0afbdeb9846864
SIGNAL:B:2026-10-03T00:00:00+00:00,FORWARD SHADOW - V3.1 MODEL B,B,2026-10-02T00:00:00+00:00,2026-10-03T00:00:00+00:00,2026-10-03T00:00:00+00:00,84518.009999999995,84199.826000000001,82071.87000000001,78144.137799999997,71408.188150000002,0.562549971147282,BULL,BULL,0,0,0.94999999999999996,0.94999999999999996,0.93300468731003572,0.93300468731003572,,,,,,,false,false,false,false,false,false,true,true,true,true,true,true,true,true,true,0919440fec99fc0cfec4ccc549a1cc9c96139169bc77a763ae0afbdeb9846864,701828b183027e856e4c9f0e0cd8074c9675069e7eb3a9721b9217659ff35be7
SIGNAL:Q:2026-10-03T00:00:00+00:00,FORWARD CHAMPION - V3.10 MODEL Q,Q,2026-10-02T00:00:00+00:00,2026-10-03T00:00:00+00:00,2026-10-03T00:00:00+00:00,84518.009999999995,84199.826000000001,82071.87000000001,78144.137799999997,71408.188150000002,0.562549971147282,BULL,BULL,0,0,0.94999999999999996,0.94999999999999996,0.93373761717255532,0.93373761717255532,,1,0,,0,0,false,false,false,false,false,false,true,true,true,true,true,true,true,true,true,701828b183027e856e4c9f0e0cd8074c9675069e7eb3a9721b9217659ff35be7,7efdccda2699209f34f005ed3fdca824a9c604b38a8963ed950e6476d907b071
SIGNAL:B:2026-10-04T00:00:00+00:00,FORWARD SHADOW - V3.1 MODEL B,B,2026-10-03T00:00:00+00:00,2026-10-04T00:00:00+00:00,2026-10-04T00:00:00+00:00,84753.559999999998,84235.422000000006,82467.447500000009,78578.337799999994,71462.409150000007,0.56475167781324465,BULL,BULL,0,0,0.94999999999999996,0.94999999999999996,0.93299043365902357,0.93322908167731522,,,,,,,false,false,false,false,false,false,true,true,true,true,true,true,true,true,true,7efdccda2699209f34f005ed3fdca824a9c604b38a8963ed950e6476d907b071,64dd86ac51a6b47daaa96881cc4b9b564ba518b9f8f1305802c1d4d765c448d1
SIGNAL:Q:2026-10-04T00:00:00+00:00,FORWARD CHAMPION - V3.10 MODEL Q,Q,2026-10-03T00:00:00+00:00,2026-10-04T00:00:00+00:00,2026-10-04T00:00:00+00:00,84753.559999999998,84235.422000000006,82467.447500000009,78578.337799999994,71462.409150000007,0.56475167781324465,BULL,BULL,0,0,0.94999999999999996,0.94999999999999996,0.9337208344769633,0.93395945676083192,,1,0,,0,0,false,false,false,false,false,false,true,true,true,true,true,true,true,true,true,64dd86ac51a6b47daaa96881cc4b9b564ba518b9f8f1305802c1d4d765c448d1,b964a73dd864b2c6a19118527683004b3a1955dd7bddbbfee3ccb43a097c7de0
SIGNAL:B:2026-10-05T00:00:00+00:00,FORWARD SHADOW - V3.1 MODEL B,B,2026-10-04T00:00:00+00:00,2026-10-05T00:00:00+00:00,2026-10-05T00:00:00+00:00,86530,84447.398000000016,82884.486999999994,79047.217600000004,71538.826449999993,0.58751590713226443,BULL,BULL,0,0,0.94999999999999996,0.94999999999999996,0.93432229492191088,0.93432229492191088,,,,,,,false,false,false,false,false,false,true,true,true,true,true,true,true,true,true,b964a73dd864b2c6a19118527683004b3a1955dd7bddbbfee3ccb43a097c7de0,dfa32ef2fe119b37485f30488533a9192685d962f209da2af6d53d54524f1cc4
SIGNAL:Q:2026-10-05T00:00:00+00:00,FORWARD CHAMPION - V3.10 MODEL Q,Q,2026-10-04T00:00:00+00:00,2026-10-05T00:00:00+00:00,2026-10-05T00:00:00+00:00,86530,84447.398000000016,82884.486999999994,79047.217600000004,71538.826449999993,0.58751590713226443,BULL,BULL,0,0,0.94999999999999996,0.94999999999999996,0.93503981335288366,0.93503981335288366,,1,0,,0,0,false,false,false,false,false,false,true,true,true,true,true,true,true,true,true,dfa32ef2fe119b37485f30488533a9192685d962f209da2af6d53d54524f1cc4,139d5e1c4476476b2b738f07711227c66bf152c8174d6f9c5b941f561fc7d1f0
