record_id,date,q_portfolio_value,v31_portfolio_value,q_return,v31_return,return_edge,q_drawdown,v31_drawdown,drawdown_edge,q_exposure,v31_exposure,q_state,v31_state,q_stage,v31_stage,prev_record_hash,record_hash
DAILY:2026-09-03,2026-09-03T00:00:00+00:00,20397.267752055413,20397.23404825016,0.019459965474434515,0.019458280359924141,1.6851145103746745e-06,-0.0023296216495716227,-0.002332672213014142,3.0505634425193051e-06,0.43352995980909914,0.43344741160965089,ACCUMULATION,ACCUMULATION,4,4,GENESIS,fc660c25937e141f97b38fea0ad2ad8fb3137f26a0885c694b79a7416f5aa2b2
DAILY:2026-09-04,2026-09-04T00:00:00+00:00,20207.305649160313,20207.373467964164,0.0093693665378935531,0.0093727502946163721,-3.3837567228189869e-06,-0.012204547590499826,-0.012202623758278408,-1.9238322214176762e-06,0.48367198449221827,0.48351302298860133,NEW_BULL,NEW_BULL,0,0,fc660c25937e141f97b38fea0ad2ad8fb3137f26a0885c694b79a7416f5aa2b2,a9ccf8f0fb8df71d96684950506b1c302c7b2bed37e6acdb6dc07df828c94797
DAILY:2026-09-05,2026-09-05T00:00:00+00:00,20270.67617019028,20270.402259668077,0.011934033378909525,0.011920356176824409,1.3677202085116136e-05,-0.0096946970575968461,-0.0097094730313457278,1.4775973748881732e-05,0.54082057413643025,0.54057610272918377,NEW_BULL,NEW_BULL,0,0,a9ccf8f0fb8df71d96684950506b1c302c7b2bed37e6acdb6dc07df828c94797,d23cf59923b31db58973b9ac37a18b03046c0561270e9b0c036926d559ba4324
DAILY:2026-09-06,2026-09-06T00:00:00+00:00,20389.61417718116,20388.977774347091,0.017270011998318013,0.017238243134538367,3.1768863779646495e-05,-0.0044727678123247516,-0.0045052560733916946,3.2488261066943025e-05,0.59846435564430245,0.59813732372264761,NEW_BULL,NEW_BULL,0,0,d23cf59923b31db58973b9ac37a18b03046c0561270e9b0c036926d559ba4324,afbeabfb8f7dc805053c10efba94945eb6a4440b34b514b4a1db919ae749a0c1
DAILY:2026-09-07,2026-09-07T00:00:00+00:00,20222.573074174412,20221.818229440814,0.0083387149613423084,0.0083010406893055944,3.7674272036714029e-05,-0.013213170374276162,-0.013251425537313954,3.8255163037792528e-05,0.65081415396537157,0.65040576152341467,NEW_BULL,NEW_BULL,0,0,afbeabfb8f7dc805053c10efba94945eb6a4440b34b514b4a1db919ae749a0c1,43daebb1ea1b85432aae62583a33e4f7efec40fa85ce63fff46f5a819824a972
DAILY:2026-09-08,2026-09-08T00:00:00+00:00,20146.35156072375,20145.403449622383,0.0039407135639599744,0.0038934060691484529,4.7307494811521522e-05,-0.017517170400476512,-0.017564846829847047,4.7676429370535622e-05,0.70486141418286308,0.70437211004480327,NEW_BULL,NEW_BULL,0,0,43daebb1ea1b85432aae62583a33e4f7efec40fa85ce63fff46f5a819824a972,635e0aa558c51ada4372ae12fc31a6e9ba7362b30bb3d0e2b60cbec2b174cb04
DAILY:2026-09-09,2026-09-09T00:00:00+00:00,20100.319745980854,20099.620584221706,0.0010519599403948643,0.0010170521838144264,3.4907756580437876e-05,-0.020344180796360134,-0.020379718561074456,3.5537764714321796e-05,0.76019062427726358,0.75962705049888379,NEW_BULL,NEW_BULL,0,0,635e0aa558c51ada4372ae12fc31a6e9ba7362b30bb3d0e2b60cbec2b174cb04,7feaeb9210495cc10e9738abffb81c2f872ecafffad144d256a0a57799b60780
DAILY:2026-09-10,2026-09-10T00:00:00+00:00,19806.148783076613,19805.287788421563,-0.014189329808809936,-0.01423229423948047,4.296443067053346e-05,-0.035259708453751926,-0.035303109728445636,4.340127469371069e-05,0.81321333128748841,0.81256182223074425,NEW_BULL,NEW_BULL,0,0,7feaeb9210495cc10e9738abffb81c2f872ecafffad144d256a0a57799b60780,af3e28f2bf2094025ea4c0f656456f48bdab4acb7ff413d9869a72b053c50c1c
DAILY:2026-09-11,2026-09-11T00:00:00+00:00,20111.409816465319,20109.344421430953,0.00040426498437140523,0.00030136890022536278,0.00010289608414604245,-0.020978032142872638,-0.021080104092131235,0.00010207194925859753,0.87209728229925121,0.87137178773090584,NEW_BULL,NEW_BULL,0,0,af3e28f2bf2094025ea4c0f656456f48bdab4acb7ff413d9869a72b053c50c1c,53a1548097af5fff216d0e86d136c717d54ef47d80300ce642896cdd004e6c4e
DAILY:2026-09-12,2026-09-12T00:00:00+00:00,20155.802391098448,20153.579031606285,0.0020153902017669978,0.0019046371078237367,0.00011075309394326105,-0.019401342562462287,-0.019511105792528682,0.00010976323006639532,0.92779580960436747,0.92699852517016679,NEW_BULL,NEW_BULL,0,0,53a1548097af5fff216d0e86d136c717d54ef47d80300ce642896cdd004e6c4e,4aabedeb6076a478083025e67189289cec25272eae5970b2e5db52c44d1940bd
DAILY:2026-09-13,2026-09-13T00:00:00+00:00,19967.465994292434,19966.00311589221,-0.0079402689745643462,-0.0080132269049653093,7.29579304009631e-05,-0.02914421289926461,-0.029216975152381863,7.2762253117253373e-05,0.9270772068003108,0.92627512958589053,BULL,BULL,0,0,4aabedeb6076a478083025e67189289cec25272eae5970b2e5db52c44d1940bd,86aa647a72bec1e927bc991b3add89e8bb67d8239a4d45bbb686bdf8660d778f
DAILY:2026-09-14,2026-09-14T00:00:00+00:00,20290.972435908712,20289.296015207834,0.0075351103442142797,0.0074515377951345219,8.3572549079757863e-05,-0.013999599022350817,-0.014082770280598345,8.3171258247527469e-05,0.92840001148232032,0.92761005648959105,BULL,BULL,0,0,86aa647a72bec1e927bc991b3add89e8bb67d8239a4d45bbb686bdf8660d778f,4cf96a47d482f6e947fc753d2b8ad2fbe868ffce835980dae74270d3c8547c5e
DAILY:2026-09-15,2026-09-15T00:00:00+00:00,19591.981072404509,19591.555094433112,-0.02775658855020835,-0.027778081536915855,2.1492986707505324e-05,-0.048536985267079169,-0.048559355399462212,2.2370132383042751e-05,0.92575618626579781,0.92494260995010569,BULL,BULL,0,0,4cf96a47d482f6e947fc753d2b8ad2fbe868ffce835980dae74270d3c8547c5e,2d32f6885c96f2eed91295a4a3557df146a21de8d2ad47db3e193d6065b4f9bc
DAILY:2026-09-16,2026-09-16T00:00:00+00:00,19744.701683266139,19744.112619430536,-0.020776073964710151,-0.02080565778034138,2.9583815631228916e-05,-0.041705669802568845,-0.04173596741838248,3.0297615813634771e-05,0.92649504577455144,0.92568716453921962,BULL,BULL,0,0,2d32f6885c96f2eed91295a4a3557df146a21de8d2ad47db3e193d6065b4f9bc,0802094c3a554889c9031827feaddcbb40518e64c061b6ba3a78df6fb219aa22
DAILY:2026-09-17,2026-09-17T00:00:00+00:00,19868.607080761212,19867.547231713208,-0.015226177745728653,-0.015279108741664271,5.2930995935618341e-05,-0.036274395159017647,-0.03632754853796083,5.3153378943182616e-05,0.9268653616472875,0.92606077764536476,BULL,BULL,0,0,0802094c3a554889c9031827feaddcbb40518e64c061b6ba3a78df6fb219aa22,83aa4ad0189afa1a56a741ee5c7ed2b3fb110cf07abc03f7ba798e25581fd16a
DAILY:2026-09-18,2026-09-18T00:00:00+00:00,21017.195696963543,21014.728772305632,0.041090544896663639,0.040967872490360158,0.0001226724063034812,-0.0055211765395425383,-0.0055056584308608159,-1.5518108681722431e-05,0.93101680098867434,0.93025172923770993,BULL,BULL,0,0,83aa4ad0189afa1a56a741ee5c7ed2b3fb110cf07abc03f7ba798e25581fd16a,dfaf74526cba7e6a3f93f674f4f89ca4094a055cb94342a045ed24e88acc7e75
DAILY:2026-09-19,2026-09-19T00:00:00+00:00,21141.727696979768,21139.011432558316,0.046664497137046457,0.04652947282056874,0.00013502431647771651,-0.0038843977152661635,-0.003884350877298326,-4.6837967837554118e-08,0.93134036090953043,0.9305790151498462,BULL,BULL,0,0,dfaf74526cba7e6a3f93f674f4f89ca4094a055cb94342a045ed24e88acc7e75,ed6f88d7665b894a6ae31a51376989c43eb6aadd48606d7f23737422ecbaf0ec
DAILY:2026-09-20,2026-09-20T00:00:00+00:00,21177.16092795421,21174.178334252741,0.047819606680027826,0.047671413960738152,0.00014819271928967481,-0.0027850744447633913,-0.0027974197686749802,1.2345323911588935e-05,0.93136079957229478,0.93059985756190056,BULL,BULL,0,0,ed6f88d7665b894a6ae31a51376989c43eb6aadd48606d7f23737422ecbaf0ec,147f58ea5dee5190c794c907818efbc33289c77fb55a89e94f439c2140f02208
DAILY:2026-09-21,2026-09-21T00:00:00+00:00,22384.266873525492,22380.900524172499,0.10693349225855542,0.1067662806423304,0.0001672116162250159,0,0,0,0.93501759956480879,0.93429705874351854,BULL,BULL,0,0,147f58ea5dee5190c794c907818efbc33289c77fb55a89e94f439c2140f02208,f0674e6a00263dd8e6dd81676e43c08374432b404eac5672657f972cd55cfb27
DAILY:2026-09-22,2026-09-22T00:00:00+00:00,22271.113486637361,22268.017177127131,0.10074327646755399,0.1005894244715797,0.00015385199597428567,-0.0055922201598319621,-0.0055809941798785623,-1.1225979953399801e-05,0.93483337084630203,0.93410993979679724,BULL,BULL,0,0,f0674e6a00263dd8e6dd81676e43c08374432b404eac5672657f972cd55cfb27,699f80fae3ae96a3672d225b31101cd7927a3963e52ac55f9c9bf334772da3dd
DAILY:2026-09-23,2026-09-23T00:00:00+00:00,21815.081480250461,21812.595280252299,0.077618312877886009,0.077494626318359128,0.00012368655952688101,-0.02678659358599722,-0.026754556605576019,-3.2036980421201733e-05,0.93339087939052101,0.93265400226185879,BULL,BULL,0,0,699f80fae3ae96a3672d225b31101cd7927a3963e52ac55f9c9bf334772da3dd,7447dea6ef2dde572784e00e6beae5461366ba3bfe4db6c539693ec713ba5271
DAILY:2026-09-24,2026-09-24T00:00:00+00:00,21838.242782604786,21835.697882684337,0.078168188757452572,0.078041603620090161,0.00012658513736241161,-0.026289992357656278,-0.02626050015875292,-2.949219890335808e-05,0.93361034549087074,0.93287409450882774,BULL,BULL,0,0,7447dea6ef2dde572784e00e6beae5461366ba3bfe4db6c539693ec713ba5271,4e0cedb082fc182aab12bc31338d271aa8b260495f5d0d8be26106573d06cfc1
DAILY:2026-09-25,2026-09-25T00:00:00+00:00,21812.32825295486,21809.595246109271,0.076296496648961432,0.076160628187228907,0.00013586846173252454,-0.027980345825943331,-0.02795948846408125,-2.0857361862081092e-05,0.93345124020738246,0.93271351550328963,BULL,BULL,0,0,4e0cedb082fc182aab12bc31338d271aa8b260495f5d0d8be26106573d06cfc1,a54c3bc04b29675a3e1ae7fcbcc12f1ac1a42aca607b2c74b4893844c9cd4453
DAILY:2026-09-26,2026-09-26T00:00:00+00:00,21888.615318449883,21885.921612297541,0.079466686016475885,0.079332753345012552,0.00013393267146333265,-0.025117299832323692,-0.025094271060409845,-2.3028771913846668e-05,0.93359180686964738,0.93285679175689074,BULL,BULL,0,0,a54c3bc04b29675a3e1ae7fcbcc12f1ac1a42aca607b2c74b4893844c9cd4453,ce8e9cb5964e9644f442e62ade78d5b99443f3f026b478b239a02d92e704e821
DAILY:2026-09-27,2026-09-27T00:00:00+00:00,21885.347881736598,21882.815507056734,0.07871523960163862,0.078589259685004631,0.00012597991663398922,-0.025795942461519838,-0.025765830620078201,-3.0111841441637921e-05,0.93350193009094928,0.93276728984291735,BULL,BULL,0,0,ce8e9cb5964e9644f442e62ade78d5b99443f3f026b478b239a02d92e704e821,6381b715854cbed64bec4c02faf6eb3a2cc4bf0cacea5cc75932c795d9cf6d7c
DAILY:2026-09-28,2026-09-28T00:00:00+00:00,21747.950840252364,21745.04038252258,0.071349676283449348,0.071205078939923672,0.00014459734352567644,-0.032447894160363422,-0.032435581065058616,-1.2313095304805621e-05,0.93323125456325673,0.93249076724701108,BULL,BULL,0,0,6381b715854cbed64bec4c02faf6eb3a2cc4bf0cacea5cc75932c795d9cf6d7c,0f37eab4731075f2e9e408cb175f946fb622c2f839cb5de5021710dc40bfed4c
DAILY:2026-09-29,2026-09-29T00:00:00+00:00,21755.381246627512,21752.738578219982,0.071125449999035029,0.070994036054814025,0.00013141394422100383,-0.032650396311129315,-0.032626205241993556,-2.4191069135759413e-05,0.93317361911784524,0.932434208818266,BULL,BULL,0,0,0f37eab4731075f2e9e408cb175f946fb622c2f839cb5de5021710dc40bfed4c,2f4c63fdff7dfa3b1b661e326906a547103ef44e68b8b82f419694ba5004dfb7
DAILY:2026-09-30,2026-09-30T00:00:00+00:00,21783.393216334589,21780.582101749173,0.07191341217435343,0.071773707606979542,0.00013970456737388837,-0.031938775746034209,-0.031921968054210992,-1.6807691823217397e-05,0.93340874954523279,0.93266979800833294,BULL,BULL,0,0,2f4c63fdff7dfa3b1b661e326906a547103ef44e68b8b82f419694ba5004dfb7,26eccaca121350d6418898e34dc628d90d43122b7ddc7e118eaa56f192774f9a
DAILY:2026-10-01,2026-10-01T00:00:00+00:00,22045.770091309721,22043.05757542422,0.084228815067207252,0.084093943485065381,0.00013487158214187112,-0.020816549019293973,-0.020793733038448781,-2.2815980845192207e-05,0.93412190241446302,0.93339213548832722,BULL,BULL,0,0,26eccaca121350d6418898e34dc628d90d43122b7ddc7e118eaa56f192774f9a,86387550c0f9fb8bb1d5d145720c1e98011b844e76776594e4a6a3452134d086
DAILY:2026-10-02,2026-10-02T00:00:00+00:00,21897.053940185877,21894.921399667208,0.07633159926605293,0.076225249962684982,0.00010634930336794746,-0.02794864412122533,-0.027901118940029335,-4.7525181195995359e-05,0.93382290615979946,0.93308991771812766,BULL,BULL,0,0,86387550c0f9fb8bb1d5d145720c1e98011b844e76776594e4a6a3452134d086,0597e10ff5ab4c5fb3f104e6a39c4480a4bf79df37b29ff1366eb4bee262fe41
DAILY:2026-10-03,2026-10-03T00:00:00+00:00,21997.091906949681,21994.695762308707,0.080658290937708044,0.080538980941660565,0.00011930999604747861,-0.02404114339489738,-0.024004747750075106,-3.6395644822273532e-05,0.93380564123734977,0.93307518283888502,BULL,BULL,0,0,0597e10ff5ab4c5fb3f104e6a39c4480a4bf79df37b29ff1366eb4bee262fe41,ea0a2b5cabb4e2fdce73212c9faa6b7968194a43d95557f2652239251719c7bf
DAILY:2026-10-04,2026-10-04T00:00:00+00:00,22393.797647795203,22391.334236367245,0.099549874617953726,0.099427231317255726,0.00012264330069799989,-0.0069798682789367072,-0.0069439632572998455,-3.5905021636861711e-05,0.93512340263703964,0.93440582964362251,BULL,BULL,0,0,ea0a2b5cabb4e2fdce73212c9faa6b7968194a43d95557f2652239251719c7bf,75907d1986922950cb4150433e029a3a6399b9469eeb12fa1d28d1bd6090f3e2
