record_id,record_type,timestamp,portfolio_value,btc_value,eth_value,unit_nav,drawdown,twr_return,external_flow,normal_cash,pending_dca_cash,tactical_bear_cash,temporary_hedge_cash,crypto_exposure,macro_state,sell_stage,active_target,cycle_id,BTC_close,ETH_close,prev_record_hash,record_hash
B:CUTOFF_ANCHOR:2026-09-03T04:00:00+00:00,CUTOFF_ANCHOR,2026-09-03T04:00:00+00:00,20000,5608.6728272924793,2838.0853379949122,1,0,0,0,344.10296198156954,0.25856847816784301,11208.880304252873,0,0.42233790826436962,ACCUMULATION,4,0.34999999999999998,3,77663.149999999994,2398.6799999999998,GENESIS,5cded7fab60dec10f31025e323ccc8d5fc4f5bb32ed0bf2a77810b5bbb151b6b
B:OOS:2026-09-03T08:00:00+00:00,OOS_BAR,2026-09-03T08:00:00+00:00,20032.680193008666,5629.2722729402149,2848.1660853558428,1.0015338562648068,0,0.0015338562648068432,2,344.10296198156954,2.258568478167843,11208.880304252873,0,0.42318043699687541,ACCUMULATION,4,0.34999999999999998,3,77948.389999999999,2407.1999999999998,5cded7fab60dec10f31025e323ccc8d5fc4f5bb32ed0bf2a77810b5bbb151b6b,5623d28a6a48e243cb2a0aba8af96acf331db051a6b3847c6200f9037a6c6025
B:OOS:2026-09-03T12:00:00+00:00,OOS_BAR,2026-09-03T12:00:00+00:00,20409.60994786596,5874.7851092131677,2977.5830039401826,1.0202765983297228,0,0.01871403742137745,2,344.10296198156954,4.2585684781678426,11208.880304252873,0,0.4337352911577303,ACCUMULATION,4,0.34999999999999998,3,81348,2516.5799999999999,5623d28a6a48e243cb2a0aba8af96acf331db051a6b3847c6200f9037a6c6025,d63a9e76b45cc5d22492e43ed6d68d6f700de50171a5a6c6b12f59a7d30a8a36
B:OOS:2026-09-03T16:00:00+00:00,OOS_BAR,2026-09-03T16:00:00+00:00,20442.925357528813,5904.2074207800724,2979.4761020361316,1.0218419025721477,0,0.0015341959670420735,2,344.10296198156954,6.2585684781678426,11208.880304252873,0,0.43456028760308907,ACCUMULATION,4,0.34999999999999998,3,81755.410000000003,2518.1799999999998,d63a9e76b45cc5d22492e43ed6d68d6f700de50171a5a6c6b12f59a7d30a8a36,3d3270aeb5039b52c07adef4f7cf0aca344ec72825995d84be7bb44b9b6742f1
B:OOS:2026-09-03T20:00:00+00:00,OOS_BAR,2026-09-03T20:00:00+00:00,20397.23404825016,5874.2767981015031,2966.8515041087699,1.0194582803599241,-0.002332672213014142,-0.0023326722130140309,2,344.10296198156954,3.1224798054479255,11208.880304252873,0,0.43344741160965089,ACCUMULATION,4,0.34999999999999998,3,81270.369999999995,2507.5100000000002,3d3270aeb5039b52c07adef4f7cf0aca344ec72825995d84be7bb44b9b6742f1,9630a264e4ab45454d6b3042d6691b4555ef32ad675f4795f64ce3db0d5eeb51
B:OOS:2026-09-04T00:00:00+00:00,OOS_BAR,2026-09-04T00:00:00+00:00,20360.352700790601,6539.7794007544371,3383.3555844215603,1.0175151725194316,-0.0042342460627471379,-0.0019060199695534186,2,344.10296198156954,5.1224798054479255,10087.992273827585,0,0.48737539722436524,NEW_BULL,0,0.94999999999999996,3,80850,2505.1399999999999,9630a264e4ab45454d6b3042d6691b4555ef32ad675f4795f64ce3db0d5eeb51,314619743d508fdb022afb99dcae7401bf743f30e852a2bb3ebe922025351d67
B:OOS:2026-09-04T04:00:00+00:00,OOS_BAR,2026-09-04T04:00:00+00:00,20345.717914032095,6524.1575380993008,3382.3426603181902,1.0166839253562416,-0.0050477252918700311,-0.00081693834710272473,2,344.10296198156954,7.1224798054479255,10087.992273827585,0,0.48690836274620453,NEW_BULL,0,0.94999999999999996,3,80656.869999999995,2504.3899999999999,314619743d508fdb022afb99dcae7401bf743f30e852a2bb3ebe922025351d67,ade14036963fd61c198e97f3ff1c0f5d4d33e5446602f835c747c9dbf4877e92
B:OOS:2026-09-04T08:00:00+00:00,OOS_BAR,2026-09-04T08:00:00+00:00,20418.854272030178,6570.1010050360301,3412.9080311849925,1.0202382891424213,-0.0015693361425968,0.0034960361795179917,2,344.10296198156954,3.75,10087.992273827585,0,0.48891132201750348,NEW_BULL,0,0.94999999999999996,3,81224.860000000001,2523.02,ade14036963fd61c198e97f3ff1c0f5d4d33e5446602f835c747c9dbf4877e92,aca7d61d2fd241845e188d936e6f16c1805d76d40efbe50df3a133545fc8a27a
B:OOS:2026-09-04T12:00:00+00:00,OOS_BAR,2026-09-04T12:00:00+00:00,20179.40358984621,6429.7466623719174,3316.8116916651388,1.0081752663314196,-0.013374511464373184,-0.011823730729750848,2,344.10296198156954,0.75,10087.992273827585,0,0.48299536260532944,NEW_BULL,0,0.94999999999999996,3,79429.330000000002,2451.98,aca7d61d2fd241845e188d936e6f16c1805d76d40efbe50df3a133545fc8a27a,f44ec15a8d78041421a6047315b370c74f9c85b667bfaae95fc851e87fa6eb34
B:OOS:2026-09-04T16:00:00+00:00,OOS_BAR,2026-09-04T16:00:00+00:00,20216.091386251283,6459.2130078965492,3322.0331425455811,1.0099081179749363,-0.011678699578840934,0.0017187999957806177,2,344.10296198156954,2.75,10087.992273827585,0,0.48383468216285547,NEW_BULL,0,0.94999999999999996,3,79793.339999999997,2455.8400000000001,f44ec15a8d78041421a6047315b370c74f9c85b667bfaae95fc851e87fa6eb34,ca525b751bb7369cd3ee6c330d6316973f1d0e4f25fbc110479eb3fd2997a4e8
B:OOS:2026-09-04T20:00:00+00:00,OOS_BAR,2026-09-04T20:00:00+00:00,20207.373467964164,6448.4815625346082,3322.0466696204007,1.0093727502946164,-0.012202623758278408,-0.00053011523602108923,2,344.10296198156954,4.75,10087.992273827585,0,0.48351302298860133,NEW_BULL,0,0.94999999999999996,3,79660.770000000004,2455.8499999999999,ca525b751bb7369cd3ee6c330d6316973f1d0e4f25fbc110479eb3fd2997a4e8,09416233ed82ce6726334f666f6e700754798a3a9189211d9600edc5e850b32f
B:OOS:2026-09-05T00:00:00+00:00,OOS_BAR,2026-09-05T00:00:00+00:00,20195.505011772304,7140.9189157910514,3736.6288905973843,1.0086800795499786,-0.012880488644122501,-0.00068623879972551372,2,344.10296198156954,6.75,8967.1042434022984,0,0.53861231992206826,NEW_BULL,0,0.94999999999999996,3,79582,2452.4899999999998,09416233ed82ce6726334f666f6e700754798a3a9189211d9600edc5e850b32f,8be9b6c0e7cf51377e7997ee0df89328145f1cd514303977c4ac263346fc0a0b
B:OOS:2026-09-05T04:00:00+00:00,OOS_BAR,2026-09-05T04:00:00+00:00,20216.666416383625,7157.4013453163925,3744.3078656833632,1.00963701591991,-0.01194400681897656,0.00094870156487902868,2,344.10296198156954,3.75,8967.1042434022984,0,0.53924366097097931,NEW_BULL,0,0.94999999999999996,3,79709.960000000006,2457.5300000000002,8be9b6c0e7cf51377e7997ee0df89328145f1cd514303977c4ac263346fc0a0b,933e2e1961fedf20d719f6b07f1e6365076b81be57d5d204b7c528cea477fbc9
B:OOS:2026-09-05T08:00:00+00:00,OOS_BAR,2026-09-05T08:00:00+00:00,20203.744931137735,7148.3609798784164,3738.4267458754512,1.0088918983376471,-0.012673197489653898,-0.00073800541235491401,2,344.10296198156954,5.75,8967.1042434022984,0,0.53884998859668332,NEW_BULL,0,0.94999999999999996,3,79609.279999999999,2453.6700000000001,933e2e1961fedf20d719f6b07f1e6365076b81be57d5d204b7c528cea477fbc9,9792d15aed55c10d62a7cd1bf413ddbac5b5b29a8ebc501690139260e72e5fde
B:OOS:2026-09-05T12:00:00+00:00,OOS_BAR,2026-09-05T12:00:00+00:00,20233.060005063871,7166.0259688793394,3753.3268308006654,1.0102557657367701,-0.01133848279877081,0.0013518469137974165,2,344.10296198156954,2.5,8967.1042434022984,0,0.53967876321955943,NEW_BULL,0,0.94999999999999996,3,79806.009999999995,2460,9792d15aed55c10d62a7cd1bf413ddbac5b5b29a8ebc501690139260e72e5fde,fc0db00d0aa38c3562e5aaddfdadd2a7057f5588ac089b7fa868fdb55503750b
B:OOS:2026-09-05T16:00:00+00:00,OOS_BAR,2026-09-05T16:00:00+00:00,20257.197165662634,7161.3558317475454,3780.1341285312214,1.0113609857917807,-0.010256886856944036,0.0010940002447841213,2,344.10296198156954,4.5,8967.1042434022984,0,0.54012852176930759,NEW_BULL,0,0.94999999999999996,3,79754,2477.5700000000002,fc0db00d0aa38c3562e5aaddfdadd2a7057f5588ac089b7fa868fdb55503750b,1e0df06e080ea9674707f1564596bd98bfa9b46f002429375de9e73631153146
B:OOS:2026-09-05T20:00:00+00:00,OOS_BAR,2026-09-05T20:00:00+00:00,20270.402259668077,7173.3346187118013,3784.3604355724078,1.0119203561768244,-0.0097094730313457278,0.00055308677406196161,2,344.10296198156954,1.5,8967.1042434022984,0,0.54057610272918377,NEW_BULL,0,0.94999999999999996,3,79831.75,2480.3400000000001,1e0df06e080ea9674707f1564596bd98bfa9b46f002429375de9e73631153146,0111b9ef6a8dd850e2d6ca250a2be9b117c4adb4b10f1efc8b08762e19e73d23
B:OOS:2026-09-06T00:00:00+00:00,OOS_BAR,2026-09-06T00:00:00+00:00,20339.809317324354,7892.1947801205752,4253.795362245196,1.0152850572575678,-0.0064166925412583176,0.0033250651201994774,2,344.10296198156954,3.5,7846.2162129770113,0,0.59715358944001862,NEW_BULL,0,0.94999999999999996,3,80028.009999999995,2509.6799999999998,0111b9ef6a8dd850e2d6ca250a2be9b117c4adb4b10f1efc8b08762e19e73d23,c95c8e98f13a9d708dc53c36993549b528c64487a73bcad2eb66c462f63f7dbf
B:OOS:2026-09-06T04:00:00+00:00,OOS_BAR,2026-09-06T04:00:00+00:00,20297.968564538045,7870.2020008684776,4231.9473887109843,1.0130969106424603,-0.0085580674541479995,-0.0021552041955762435,2,344.10296198156954,5.5,7846.2162129770113,0,0.59622465918696688,NEW_BULL,0,0.94999999999999996,3,79805,2496.79,c95c8e98f13a9d708dc53c36993549b528c64487a73bcad2eb66c462f63f7dbf,ceb35643dcb9c0b2a252ce5e4b9f76f0bd97c4061a95df47ffd45c78f35d92cb
B:OOS:2026-09-06T08:00:00+00:00,OOS_BAR,2026-09-06T08:00:00+00:00,20319.939841013234,7881.4612072144355,4240.6594588402204,1.0140936037375397,-0.0075826787050954358,0.00098380824638710784,2,344.10296198156954,7.5,7846.2162129770113,0,0.59656282257232307,NEW_BULL,0,0.94999999999999996,3,79919.169999999998,2501.9299999999998,ceb35643dcb9c0b2a252ce5e4b9f76f0bd97c4061a95df47ffd45c78f35d92cb,81de84ab895f69f19a53a4bea600a6ac27ba3c121e6cc75264ab516561f18fa9
B:OOS:2026-09-06T12:00:00+00:00,OOS_BAR,2026-09-06T12:00:00+00:00,20264.406488167857,7866.4541642253334,4203.1331489839404,1.0112226078789492,-0.010392306937568208,-0.002831095520185789,2,344.10296198156954,4.5,7846.2162129770113,0,0.59560527076164616,NEW_BULL,0,0.94999999999999996,3,79716.5,2479.79,81de84ab895f69f19a53a4bea600a6ac27ba3c121e6cc75264ab516561f18fa9,4d0a08514938ca01eb79e4f53175c5fee0a2debc8ca33236d8b326cc9b6537a8
B:OOS:2026-09-06T16:00:00+00:00,OOS_BAR,2026-09-06T16:00:00+00:00,20295.637725223947,7877.6534000560332,4226.4151502093309,1.012681144091802,-0.0089649469818046112,0.0014423492923205661,2,344.10296198156954,1.25,7846.2162129770113,0,0.59638769247551726,NEW_BULL,0,0.94999999999999996,3,79829.990000000005,2490.4200000000001,4d0a08514938ca01eb79e4f53175c5fee0a2debc8ca33236d8b326cc9b6537a8,8d4146be6369f287c577019961aa61de101534c2fbfb2109f23a794e8f81622f
B:OOS:2026-09-06T20:00:00+00:00,OOS_BAR,2026-09-06T20:00:00+00:00,20388.977774347091,7928.1619635205234,4267.2466358679894,1.0172382431345384,-0.0045052560733916946,0.0045000334698868105,2,344.10296198156954,3.25,7846.2162129770113,0,0.59813732372264761,NEW_BULL,0,0.94999999999999996,3,80341.830000000002,2514.48,8d4146be6369f287c577019961aa61de101534c2fbfb2109f23a794e8f81622f,3754974c30edd08ab5478aaab23cc559592a9509a4e11293b71b0820736222ba
B:OOS:2026-09-07T00:00:00+00:00,OOS_BAR,2026-09-07T00:00:00+00:00,20277.466920096824,8547.6168161001933,4655.1689594633372,1.011575563137922,-0.010046896108276249,-0.0055667195318642726,2,344.10296198156954,5.25,6725.3281825517242,0,0.65110626626042534,NEW_BULL,0,0.94999999999999996,3,79596.389999999999,2497.4299999999998,3754974c30edd08ab5478aaab23cc559592a9509a4e11293b71b0820736222ba,8a9de8879bd9d8bef7be9a717477db3c8d83e3f45dcd2056e7582ee47564f7d6
B:OOS:2026-09-07T04:00:00+00:00,OOS_BAR,2026-09-07T04:00:00+00:00,20243.063225517981,8531.274110294793,4640.1079706898927,1.0097596826717841,-0.011823962072753713,-0.0017951011593291266,2,344.10296198156954,2.25,6725.3281825517242,0,0.65066150978479964,NEW_BULL,0,0.94999999999999996,3,79397.830000000002,2489.3499999999999,8a9de8879bd9d8bef7be9a717477db3c8d83e3f45dcd2056e7582ee47564f7d6,3f469eaff1e5b0f7463df634d575eed029e3aacc49509a29669c8c0f65ddb158
B:OOS:2026-09-07T08:00:00+00:00,OOS_BAR,2026-09-07T08:00:00+00:00,20247.089780875445,8533.6734624040746,4639.7351739380756,1.0098607608394279,-0.011725044454099276,0.00010010121158376961,2,344.10296198156954,4.25,6725.3281825517242,0,0.650632203388815,NEW_BULL,0,0.94999999999999996,3,79420.160000000003,2489.1500000000001,3f469eaff1e5b0f7463df634d575eed029e3aacc49509a29669c8c0f65ddb158,33ac197bf8958edd54e9a0e32ed901e1ac5cd24d69a4c87f17fe923a301c36d1
B:OOS:2026-09-07T12:00:00+00:00,OOS_BAR,2026-09-07T12:00:00+00:00,20149.92280959812,8469.4002670969112,4604.8413979679162,1.0049151146820956,-0.01656497727040207,-0.004897354515706942,2,344.10296198156954,6.25,6725.3281825517242,0,0.64884822580248813,NEW_BULL,0,0.94999999999999996,3,78821.990000000005,2470.4299999999998,33ac197bf8958edd54e9a0e32ed901e1ac5cd24d69a4c87f17fe923a301c36d1,279036c47e4a44a034c4b0169aebcf077ba985b8054caa921c86b7a6875e0e74
B:OOS:2026-09-07T16:00:00+00:00,OOS_BAR,2026-09-07T16:00:00+00:00,20257.981972501824,8527.8346449558721,4652.4661830126579,1.0102039626426338,-0.011389178600152539,0.0052629798111964998,2,344.10296198156954,8.25,6725.3281825517242,0,0.65062259636026265,NEW_BULL,0,0.94999999999999996,3,79365.820000000007,2495.98,279036c47e4a44a034c4b0169aebcf077ba985b8054caa921c86b7a6875e0e74,81e9c746a80d2cc7006aebece3a598256df8d93aabcfb5e446a6bac5f290506c
B:OOS:2026-09-07T20:00:00+00:00,OOS_BAR,2026-09-07T20:00:00+00:00,20221.818229440814,8505.5393765386016,4646.8477083689195,1.0083010406893056,-0.013251425537313954,-0.0018837007413337048,2,344.10296198156954,0,6725.3281825517242,0,0.65040576152341467,NEW_BULL,0,0.94999999999999996,3,79112.009999999995,2490.1599999999999,81e9c746a80d2cc7006aebece3a598256df8d93aabcfb5e446a6bac5f290506c,bc8a50a9c784047b30898da8016ef08c4898f85cbae12f85eef953d3f6b7b7e7
B:OOS:2026-09-08T00:00:00+00:00,OOS_BAR,2026-09-08T00:00:00+00:00,20189.818646895226,9181.1072478941715,5058.1682848930504,1.0066059199126656,-0.014910313054427138,-0.0016811653546259242,2,344.10296198156954,2,5604.4401521264372,0,0.70527010578061466,NEW_BULL,0,0.94999999999999996,3,78906.279999999999,2486.04,bc8a50a9c784047b30898da8016ef08c4898f85cbae12f85eef953d3f6b7b7e7,f91c0fac1752ee39e5ffdb974477bb075a717b4e8c6d980849c758b9f7d6fe2b
B:OOS:2026-09-08T04:00:00+00:00,OOS_BAR,2026-09-08T04:00:00+00:00,20129.409754887572,9131.7403257285787,5045.1263150509867,1.003494701391507,-0.017955029182555315,-0.0030908009376980905,2,344.10296198156954,4,5604.4401521264372,0,0.7042862564480965,NEW_BULL,0,0.94999999999999996,3,78482,2479.6300000000001,f91c0fac1752ee39e5ffdb974477bb075a717b4e8c6d980849c758b9f7d6fe2b,677436aed28f58a39bd780f3d73fa744369e283892e8af2228eeb7d3da1f4b5f
B:OOS:2026-09-08T08:00:00+00:00,OOS_BAR,2026-09-08T08:00:00+00:00,20115.451838481262,9125.6910509963509,5035.2176733769065,1.0026992437085152,-0.018733483932736772,-0.00079268747696303876,2,344.10296198156954,6,5604.4401521264372,0,0.70398163750332243,NEW_BULL,0,0.94999999999999996,3,78430.009999999995,2474.7600000000002,677436aed28f58a39bd780f3d73fa744369e283892e8af2228eeb7d3da1f4b5f,6d66f6a1d0736e335f31c3076d5e85b1771b000ad03b7566f769b52e9987485e
B:OOS:2026-09-08T12:00:00+00:00,OOS_BAR,2026-09-08T12:00:00+00:00,20221.171668743693,9185.8646409418288,5083.7639136938551,1.0078688743454718,-0.013674354312054993,0.0051557141080875724,2,344.10296198156954,3,5604.4401521264372,0,0.70567763275026052,NEW_BULL,0,0.94999999999999996,3,78904,2498.6199999999999,6d66f6a1d0736e335f31c3076d5e85b1771b000ad03b7566f769b52e9987485e,76c0665159f03f4eef17368475d2fe241d457db922a464ab78302708ec14e548
B:OOS:2026-09-08T16:00:00+00:00,OOS_BAR,2026-09-08T16:00:00+00:00,20136.687668306658,9132.545087997094,5050.5994662015564,1.0035587427005881,-0.017892356758455352,-0.0042764805567417907,2,344.10296198156954,5,5604.4401521264372,0,0.704343474350136,NEW_BULL,0,0.94999999999999996,3,78446,2482.3200000000002,76c0665159f03f4eef17368475d2fe241d457db922a464ab78302708ec14e548,859ec0821d499e78626ba40e781a7a2229b08ccd9394ea0d4f7256c746aa4cb5
B:OOS:2026-09-08T20:00:00+00:00,OOS_BAR,2026-09-08T20:00:00+00:00,20145.403449622383,9133.6859867282255,5056.1743487861513,1.0038934060691485,-0.017564846829847047,0.0003334766111047216,2,344.10296198156954,7,5604.4401521264372,0,0.70437211004480327,NEW_BULL,0,0.94999999999999996,3,78455.800000000003,2485.0599999999999,859ec0821d499e78626ba40e781a7a2229b08ccd9394ea0d4f7256c746aa4cb5,bb53a355e5e2bea492810ac964e7e97c2b2ae5ecb23f3c4823a00cab02552306
B:OOS:2026-09-09T00:00:00+00:00,OOS_BAR,2026-09-09T00:00:00+00:00,20177.021249275553,9856.0285342572133,5489.5876313356202,1.0053691850124966,-0.016120612707490767,0.0014700554206514838,2,344.10296198156954,3.75,4483.5521217011501,0,0.76054914033179255,NEW_BULL,0,0.94999999999999996,3,78638.009999999995,2488.9000000000001,bb53a355e5e2bea492810ac964e7e97c2b2ae5ecb23f3c4823a00cab02552306,8f56550a3df2596a5c69bac8550a67abfcedff96e5ebf7f766b44ae6ad5d976a
B:OOS:2026-09-09T04:00:00+00:00,OOS_BAR,2026-09-09T04:00:00+00:00,20306.903252933134,9941.2028033871775,5537.2953658632387,1.011740585498514,-0.0098854011057943891,0.0063373739527714523,2,344.10296198156954,0.75,4483.5521217011501,0,0.76222838984642804,NEW_BULL,0,0.94999999999999996,3,79277.429999999993,2510.5300000000002,8f56550a3df2596a5c69bac8550a67abfcedff96e5ebf7f766b44ae6ad5d976a,8a2af16b676760fa604b4662b1f8c39a15b842a9789e6cab8f3c36368471fab7
B:OOS:2026-09-09T08:00:00+00:00,OOS_BAR,2026-09-09T08:00:00+00:00,20293.817434131983,9947.1366198171036,5516.275730632161,1.0109890463850271,-0.01062087604726536,-0.00074281799530329096,2,344.10296198156954,2.75,4483.5521217011501,0,0.76197651824941981,NEW_BULL,0,0.94999999999999996,3,79324.75,2501,8a2af16b676760fa604b4662b1f8c39a15b842a9789e6cab8f3c36368471fab7,939cba51857b075801cb00759c07dc636bb12fcd183d4ab040e30ac9c26d0ce1
B:OOS:2026-09-09T12:00:00+00:00,OOS_BAR,2026-09-09T12:00:00+00:00,20180.833235551825,9855.8408663976752,5492.5872854714298,1.0052613753686135,-0.016226117916869787,-0.0056654135244036397,2,344.10296198156954,4.75,4483.5521217011501,0,0.76054481857718093,NEW_BULL,0,0.94999999999999996,3,78596.699999999997,2490.2600000000002,939cba51857b075801cb00759c07dc636bb12fcd183d4ab040e30ac9c26d0ce1,2b2eb7bccc3abf19361a239bfeb6f00430807d95bfb0546d6abc6b94d42f8111
B:OOS:2026-09-09T16:00:00+00:00,OOS_BAR,2026-09-09T16:00:00+00:00,20082.835977925268,9810.4770153475929,5437.9538788949558,1.0002807376374505,-0.021100294361020122,-0.0049545698792383686,2,344.10296198156954,6.75,4483.5521217011501,0,0.75927677301170915,NEW_BULL,0,0.94999999999999996,3,78234.940000000002,2465.4899999999998,2b2eb7bccc3abf19361a239bfeb6f00430807d95bfb0546d6abc6b94d42f8111,fb8592ddbdd1371f61b49a3c33ec92d6499195a9b3d2403930b5ef427667c34c
B:OOS:2026-09-09T20:00:00+00:00,OOS_BAR,2026-09-09T20:00:00+00:00,20099.620584221706,9824.4387636156953,5443.7767369232924,1.0010170521838144,-0.020379718561074456,0.00073610789317313241,2,344.10296198156954,3.75,4483.5521217011501,0,0.75962705049888379,NEW_BULL,0,0.94999999999999996,3,78306.429999999993,2468.1300000000001,fb8592ddbdd1371f61b49a3c33ec92d6499195a9b3d2403930b5ef427667c34c,5a8b3b63cdfe0268996345f470462b67d37f4c200e68f1b666ccd9e1f8cba3d3
B:OOS:2026-09-10T00:00:00+00:00,OOS_BAR,2026-09-10T00:00:00+00:00,20120.144073949068,10526.853813107018,5880.7732075846161,1.0019394817464138,-0.019477005959176452,0.00092149235678551378,2,344.10296198156954,5.75,3362.6640912758626,0,0.81548258105843863,NEW_BULL,0,0.94999999999999996,3,78328.080000000002,2475.4099999999999,5a8b3b63cdfe0268996345f470462b67d37f4c200e68f1b666ccd9e1f8cba3d3,e172387dd9b6b789cc40faa91c22361759027ad97e209cfdd98e74280c19c5ab
B:OOS:2026-09-10T04:00:00+00:00,OOS_BAR,2026-09-10T04:00:00+00:00,20087.294473821308,10497.813875297536,5880.2135452663406,1.0002042198298529,-0.021175176598091316,-0.0017319029224562854,2,344.10296198156954,2.5,3362.6640912758626,0,0.81534262575323324,NEW_BULL,0,0.94999999999999996,3,78112,2472.9699999999998,e172387dd9b6b789cc40faa91c22361759027ad97e209cfdd98e74280c19c5ab,7c3b48b5472d954717fa9e52fbbcc27cfec0e11132296e8137180b9621fab454
B:OOS:2026-09-10T08:00:00+00:00,OOS_BAR,2026-09-10T08:00:00+00:00,20027.26165292089,10461.366119216771,5854.628480446685,0.99711573460139447,-0.024197645358360553,-0.0030878546273117591,2,344.10296198156954,4.5,3362.6640912758626,0,0.8146892412165514,NEW_BULL,0,0.94999999999999996,3,77840.800000000003,2462.21,7c3b48b5472d954717fa9e52fbbcc27cfec0e11132296e8137180b9621fab454,c961492d1596550997b8b54469217f2b2b367cf7c404966bae979548fde2edfc
B:OOS:2026-09-10T12:00:00+00:00,OOS_BAR,2026-09-10T12:00:00+00:00,19900.667074628949,10386.920545555156,5805.4794758163589,0.9907139171194892,-0.030462623791708054,-0.0064203354332428297,2,344.10296198156954,1.5,3362.6640912758626,0,0.81366116827384916,NEW_BULL,0,0.94999999999999996,3,77250,2441.54,c961492d1596550997b8b54469217f2b2b367cf7c404966bae979548fde2edfc,a7cea13f1fa534ade2f32562be93d3bb236e057d07ef15c455d6e2c2c3d0c3e1
B:OOS:2026-09-10T16:00:00+00:00,OOS_BAR,2026-09-10T16:00:00+00:00,19940.611085236833,10374.930879470403,5855.413152508997,0.99260269208817076,-0.028614221446954691,0.0019064786877862616,2,344.10296198156954,3.5,3362.6640912758626,0,0.81393413484683252,NEW_BULL,0,0.94999999999999996,3,77160.830000000002,2462.54,a7cea13f1fa534ade2f32562be93d3bb236e057d07ef15c455d6e2c2c3d0c3e1,780da4d14e2bd235693d49784759a39d50f06eb64351252a913fd97f85fc2cb1
B:OOS:2026-09-10T20:00:00+00:00,OOS_BAR,2026-09-10T20:00:00+00:00,19805.287788421563,10295.316646147054,5797.7040890170774,0.98576770576051953,-0.035303109728445636,-0.0068859236249624312,2,344.10296198156954,5.5,3362.6640912758626,0,0.81256182223074425,NEW_BULL,0,0.94999999999999996,3,76568.720000000001,2438.27,780da4d14e2bd235693d49784759a39d50f06eb64351252a913fd97f85fc2cb1,d05ec77ed77ef8ec5f96def119c6b2f19a72a7d8ccacea422d2795e25d870f3c
B:OOS:2026-09-11T00:00:00+00:00,OOS_BAR,2026-09-11T00:00:00+00:00,19874.950060929983,11041.214371096012,6240.3566670018263,0.98913511698055323,-0.032007677028379811,0.0034160291520564101,2,344.10296198156954,7.5,2241.776060850575,0,0.86951519300014801,NEW_BULL,0,0.94999999999999996,3,76891.800000000003,2447.27,d05ec77ed77ef8ec5f96def119c6b2f19a72a7d8ccacea422d2795e25d870f3c,9b5568b6d7e30d54f7fb0e65a78180a588ac4feb5141f5f84a41c5cab9516623
B:OOS:2026-09-11T04:00:00+00:00,OOS_BAR,2026-09-11T04:00:00+00:00,19977.264633842853,11094.89294859081,6291.9926624198988,0.99412706325545297,-0.027122433760968123,0.0050467789376826833,2,344.10296198156954,4.5,2241.776060850575,0,0.87033364825913828,NEW_BULL,0,0.94999999999999996,3,77230.699999999997,2467.52,9b5568b6d7e30d54f7fb0e65a78180a588ac4feb5141f5f84a41c5cab9516623,1c5a59a16bb6a88d1ba70079bb524ea63600f837b76e70c9d9a31f449f79d639
B:OOS:2026-09-11T08:00:00+00:00,OOS_BAR,2026-09-11T08:00:00+00:00,19927.697095013566,11066.939760675425,6273.6283115059978,0.99156116872053435,-0.029633482220088658,-0.0025810528953070788,2,344.10296198156954,1.25,2241.776060850575,0,0.87017420976960191,NEW_BULL,0,0.94999999999999996,3,77036.119999999995,2458.27,1c5a59a16bb6a88d1ba70079bb524ea63600f837b76e70c9d9a31f449f79d639,f9a4f764afde903c7ad7d55e0de917d57de942d1c7c97ab41369a4d61e38cd17
B:OOS:2026-09-11T12:00:00+00:00,OOS_BAR,2026-09-11T12:00:00+00:00,20287.842377376648,11166.945170807698,6531.7681837368073,1.0093799520697573,-0.012195575921306046,0.017970432799637948,2,344.10296198156954,3.25,2241.776060850575,0,0.8723802672225347,NEW_BULL,0,0.94999999999999996,3,77732.25,2559.4200000000001,f9a4f764afde903c7ad7d55e0de917d57de942d1c7c97ab41369a4d61e38cd17,edc82617be435ddc1c7a22e7637bdc261bcc0f9bc4a5d4de80d95e3986c17d23
B:OOS:2026-09-11T16:00:00+00:00,OOS_BAR,2026-09-11T16:00:00+00:00,20174.873580645766,11102.838733479288,6480.9058243343343,1.0036604794205697,-0.017792794664039824,-0.0056663228127918908,2,344.10296198156954,5.25,2241.776060850575,0,0.8715665298979679,NEW_BULL,0,0.94999999999999996,3,77286.009999999995,2539.4899999999998,edc82617be435ddc1c7a22e7637bdc261bcc0f9bc4a5d4de80d95e3986c17d23,f9cc6f6915064c2a0300b3b16374afb169cd639fe3040bb36ee489e0961d40cb
B:OOS:2026-09-11T20:00:00+00:00,OOS_BAR,2026-09-11T20:00:00+00:00,20109.344421430953,11100.659850622778,6422.0555479760305,1.0003013689002254,-0.021080104092131235,-0.0033468594103492899,2,344.10296198156954,0.75,2241.776060850575,0,0.87137178773090584,NEW_BULL,0,0.94999999999999996,3,77225.699999999997,2516.4299999999998,f9cc6f6915064c2a0300b3b16374afb169cd639fe3040bb36ee489e0961d40cb,405a1a8898010ec2a0559a1f6dd000a124a8943763c4255e39ea4a48574cd205
B:OOS:2026-09-12T00:00:00+00:00,OOS_BAR,2026-09-12T00:00:00+00:00,20107.603384484701,11806.64240612076,6833.2199859570792,1.0001152965870064,-0.021262199103845525,-0.00018601625370529007,2,344.10296198156954,2.75,1120.8880304252875,0,0.92700567221554664,NEW_BULL,0,0.94999999999999996,3,77268.089999999997,2513.29,405a1a8898010ec2a0559a1f6dd000a124a8943763c4255e39ea4a48574cd205,14af1fb5c7566399c9f4d08320fd7475405e33c1b080eb4d982468ba9f5b417b
B:OOS:2026-09-12T04:00:00+00:00,OOS_BAR,2026-09-12T04:00:00+00:00,20139.461771858492,11806.865495599392,6862.8552838522419,1.0016002502866397,-0.019808986335906109,0.0014847825092776379,2,344.10296198156954,4.75,1120.8880304252875,0,0.92702183359931811,NEW_BULL,0,0.94999999999999996,3,77269.550000000003,2524.1900000000001,14af1fb5c7566399c9f4d08320fd7475405e33c1b080eb4d982468ba9f5b417b,094f5f6229fa42af9e59d03a1f74bf0358614e4e7ce28937461d5290df4b8030
B:OOS:2026-09-12T08:00:00+00:00,OOS_BAR,2026-09-12T08:00:00+00:00,20187.24917079019,11820.081255193103,6895.4269231902281,1.0038771788804739,-0.01758072716185699,0.0022732907596445528,2,344.10296198156954,6.75,1120.8880304252875,0,0.92709551559226866,NEW_BULL,0,0.94999999999999996,3,77356.039999999994,2536.1700000000001,094f5f6229fa42af9e59d03a1f74bf0358614e4e7ce28937461d5290df4b8030,2da0d2d22d035c76321b625a04214e8510c2bcc05d89fd9901d222933160c731
B:OOS:2026-09-12T12:00:00+00:00,OOS_BAR,2026-09-12T12:00:00+00:00,20189.995591479888,11830.291205672316,6892.4633934007106,1.0039142934204894,-0.01754440594629314,3.6971196074819801e-05,2,344.10296198156954,2.25,1120.8880304252875,0,0.92732831536496074,NEW_BULL,0,0.94999999999999996,3,77380.369999999995,2535.0799999999999,2da0d2d22d035c76321b625a04214e8510c2bcc05d89fd9901d222933160c731,b51ac9a1fb5c85efd8f7c6e803c8bce0e999dda218477db308d39c96975743c6
B:OOS:2026-09-12T16:00:00+00:00,OOS_BAR,2026-09-12T16:00:00+00:00,20109.416997386408,11789.718607219229,6850.4573977603213,0.99980861547670086,-0.021562324895842866,-0.004089669776291216,2,344.10296198156954,4.25,1120.8880304252875,0,0.92693766345400197,NEW_BULL,0,0.94999999999999996,3,77114.990000000005,2519.6300000000001,b51ac9a1fb5c85efd8f7c6e803c8bce0e999dda218477db308d39c96975743c6,7be6782039f6dfe94339a609c0672e750d32265a3b41f688fa2d5ab10a9442ec
B:OOS:2026-09-12T20:00:00+00:00,OOS_BAR,2026-09-12T20:00:00+00:00,20153.579031606285,11814.751983022636,6867.5860561767904,1.0019046371078237,-0.019511105792528682,0.0020964228540114593,2,344.10296198156954,6.25,1120.8880304252875,0,0.92699852517016679,NEW_BULL,0,0.94999999999999996,3,77278.729999999996,2525.9299999999998,7be6782039f6dfe94339a609c0672e750d32265a3b41f688fa2d5ab10a9442ec,a3ce17fb1b8dfca66093694d3bf5447e79dd09a637a6c4ba4e9801b38092b86f
B:OOS:2026-09-13T00:00:00+00:00,OOS_BAR,2026-09-13T00:00:00+00:00,20128.411894258734,11807.478090835108,6853.6928110167655,1.0005541980634889,-0.020832679160126544,-0.0013478718376163101,2,344.10296198156954,2.25,1120.8880304252875,0,0.92710597338156797,BULL,0,0.94999999999999996,0,77192.009999999995,2520.8200000000002,a3ce17fb1b8dfca66093694d3bf5447e79dd09a637a6c4ba4e9801b38092b86f,3c9e3d1bfe64581b1bdde4bc802b02bd08ab045a4346719f0b9805c4e0c85f2f
B:OOS:2026-09-13T04:00:00+00:00,OOS_BAR,2026-09-13T04:00:00+00:00,20112.78899509137,11797.685435515274,6845.8625671692362,0.99967827630706507,-0.021689878061658119,-0.0008754365911602946,2,344.10296198156954,4.25,1120.8880304252875,0,0.9269499126766837,BULL,0,0.94999999999999996,0,77127.990000000005,2517.9400000000001,3c9e3d1bfe64581b1bdde4bc802b02bd08ab045a4346719f0b9805c4e0c85f2f,8f344c9bac69a1768db2c41046ce1a00b8d5953333b8787fd57d61c7a02fafd8
B:OOS:2026-09-13T08:00:00+00:00,OOS_BAR,2026-09-13T08:00:00+00:00,19963.146282373258,11746.340533746936,6745.5647562194627,0.99214183504976117,-0.029065227651779102,-0.0075388666893357881,2,344.10296198156954,6.25,1120.8880304252875,0,0.92630214838900859,BULL,0,0.94999999999999996,0,76792.320000000007,2481.0500000000002,8f344c9bac69a1768db2c41046ce1a00b8d5953333b8787fd57d61c7a02fafd8,890b42ab213df7d6f4d4b6718ea6ce58d5caadde55c6c79bc310a08f293aa918
B:OOS:2026-09-13T12:00:00+00:00,OOS_BAR,2026-09-13T12:00:00+00:00,20044.877251539223,11803.997214486628,6772.8890446457353,0.99610396129415824,-0.025187791979564333,0.0039935078881119246,2,344.10296198156954,3,1120.8880304252875,0,0.9267647801487966,BULL,0,0.94999999999999996,0,77134.830000000002,2491.0999999999999,890b42ab213df7d6f4d4b6718ea6ce58d5caadde55c6c79bc310a08f293aa918,145e35f8e15dd1237901036a8a65b42392d8411ce433e85f5c66308343455b75
B:OOS:2026-09-13T16:00:00+00:00,OOS_BAR,2026-09-13T16:00:00+00:00,20110.269854682061,11826.824804363794,6813.4540579114073,0.99925385952094969,-0.022105222925718815,0.0031622183518866809,2,344.10296198156954,5,1120.8880304252875,0,0.92690346758004261,BULL,0,0.94999999999999996,0,77284,2506.02,145e35f8e15dd1237901036a8a65b42392d8411ce433e85f5c66308343455b75,e0a8fed87a9ec383b734f4525a5901e5d2ee7878e09220614d5d352b4a0ed8ad
B:OOS:2026-09-13T20:00:00+00:00,OOS_BAR,2026-09-13T20:00:00+00:00,19966.00311589221,11759.186764209548,6734.8253592758028,0.99198677309503469,-0.029216975152381863,-0.007272512742056314,2,344.10296198156954,7,1120.8880304252875,0,0.92627512958589053,BULL,0,0.94999999999999996,0,76842.009999999995,2477.0999999999999,e0a8fed87a9ec383b734f4525a5901e5d2ee7878e09220614d5d352b4a0ed8ad,3b0dbd16dc9eeae33428dd13f89619a0dd385a357cbdba200e8263d7155602d2
B:OOS:2026-09-14T00:00:00+00:00,OOS_BAR,2026-09-14T00:00:00+00:00,20181.002669055022,11874.620883644719,6837.6407930034429,1.0025683389224407,-0.018861590624921765,0.010667043265497611,2,344.10296198156954,3.75,1120.8880304252875,0,0.92722160457076863,BULL,0,0.94999999999999996,0,77596.330000000002,2512.96,3b0dbd16dc9eeae33428dd13f89619a0dd385a357cbdba200e8263d7155602d2,8f9acab9ee6334552c056175efbdfaf0c4385dd7b240a629b13e3d2848a5fa65
B:OOS:2026-09-14T04:00:00+00:00,OOS_BAR,2026-09-14T04:00:00+00:00,20256.894726329061,11924.915746878874,6866.237987043326,1.0062388451565987,-0.015269541576122037,0.0036611032801046051,2,344.10296198156954,0.75,1120.8880304252875,0,0.92764236512017062,BULL,0,0.94999999999999996,0,77892.240000000005,2523.4699999999998,8f9acab9ee6334552c056175efbdfaf0c4385dd7b240a629b13e3d2848a5fa65,20e82b49f7b7a0d51818add9bf2413e900e2b7b5de3d4a141462c7a9cb02fe9d
B:OOS:2026-09-14T08:00:00+00:00,OOS_BAR,2026-09-14T08:00:00+00:00,20202.298198714274,11907.11997920783,6827.4372270995837,1.0034277527768667,-0.018020546768467316,-0.0027936631479323903,2,344.10296198156954,2.75,1120.8880304252875,0,0.92734782063061172,BULL,0,0.94999999999999996,0,77776,2509.21,20e82b49f7b7a0d51818add9bf2413e900e2b7b5de3d4a141462c7a9cb02fe9d,82cad6d0583a57e00df1115c226b766add9487c12efb35566d1d93e5700c38ad
B:OOS:2026-09-14T12:00:00+00:00,OOS_BAR,2026-09-14T12:00:00+00:00,20325.097190060351,12029.905264716524,6825.4509329369657,1.0094271227738814,-0.012149413492455352,0.0059788758885850335,2,344.10296198156954,4.75,1120.8880304252875,0,0.92768836583346759,BULL,0,0.94999999999999996,0,78578.020000000004,2508.48,82cad6d0583a57e00df1115c226b766add9487c12efb35566d1d93e5700c38ad,3c6c6750aa60a3d3ae23962ac212f123c826eedcce30aad23df5114162f086c0
B:OOS:2026-09-14T16:00:00+00:00,OOS_BAR,2026-09-14T16:00:00+00:00,20474.708897699729,12091.75259974533,6911.2153055475401,1.0167574001832409,-0.0049758209915919949,0.0072618193468154679,2,344.10296198156954,6.75,1120.8880304252875,0,0.92811907608746491,BULL,0,0.94999999999999996,0,78982,2540,3c6c6750aa60a3d3ae23962ac212f123c826eedcce30aad23df5114162f086c0,cf99fbc00d5aac56117d833b5cbc6aa320237ebb31a1f3a6f799be0431ed111b
B:OOS:2026-09-14T20:00:00+00:00,OOS_BAR,2026-09-14T20:00:00+00:00,20289.296015207834,11975.322776765061,6845.2322460359146,1.0074515377951345,-0.014082770280598345,-0.0091524904430784204,2,344.10296198156954,3.75,1120.8880304252875,0,0.92761005648959105,BULL,0,0.94999999999999996,0,78189.210000000006,2515.75,cf99fbc00d5aac56117d833b5cbc6aa320237ebb31a1f3a6f799be0431ed111b,6f608bbdb17bd805e07759472a5d16ebc3eaf51be70fd78e6a20dfa47d2abf9d
B:OOS:2026-09-15T00:00:00+00:00,OOS_BAR,2026-09-15T00:00:00+00:00,20166.235406005744,11896.872056611799,6798.6223569870835,1.0012423482508188,-0.020159238204536689,-0.0061632637515297573,2,344.10296198156954,5.75,1120.8880304252875,0,0.92706913497752508,BULL,0,0.94999999999999996,0,77676.990000000005,2498.6199999999999,6f608bbdb17bd805e07759472a5d16ebc3eaf51be70fd78e6a20dfa47d2abf9d,2e133cb447be062ecc43b0ffb5f2974b5745c26eecbfb480a2c3002489af9e23
B:OOS:2026-09-15T04:00:00+00:00,OOS_BAR,2026-09-15T04:00:00+00:00,19987.596818149472,11782.465905075185,6737.6399206674268,0.99227463242199287,-0.028935268827525062,-0.0089565886266124162,2,344.10296198156954,2.5,1120.8880304252875,0,0.9265799182483847,BULL,0,0.94999999999999996,0,76930.009999999995,2474.3000000000002,2e133cb447be062ecc43b0ffb5f2974b5745c26eecbfb480a2c3002489af9e23,23d9c70fa17325689ff568f2762d2563fad581ae57c04a997a2b717e9a6682e6
B:OOS:2026-09-15T08:00:00+00:00,OOS_BAR,2026-09-15T08:00:00+00:00,19996.874033877961,11783.997487601311,6743.3855538697899,0.99263587015118437,-0.02858175256607387,0.00036405015042029198,2,344.10296198156954,4.5,1120.8880304252875,0,0.92651396463680757,BULL,0,0.94999999999999996,0,76940.009999999995,2476.4099999999999,23d9c70fa17325689ff568f2762d2563fad581ae57c04a997a2b717e9a6682e6,6520c3cb69f5595c2b2403ad2d91a7381b0741f2f4837b149321dd0cbec9805e
B:OOS:2026-09-15T12:00:00+00:00,OOS_BAR,2026-09-15T12:00:00+00:00,19791.823115133597,11723.408959787179,6601.9231629395581,0.98235898313518266,-0.03863897080123635,-0.010353128800832501,2,344.10296198156954,1.5,1120.8880304252875,0,0.92590419872510266,BULL,0,0.94999999999999996,0,76512,2424.46,6520c3cb69f5595c2b2403ad2d91a7381b0741f2f4837b149321dd0cbec9805e,938b50e26b6013a3edb0891fe8c9d190c0a9f1382f0d2c23e325c3fef393043e
B:OOS:2026-09-15T16:00:00+00:00,OOS_BAR,2026-09-15T16:00:00+00:00,19722.678906298537,11673.531762947599,6580.6561509440799,0.97882812645122386,-0.04209435531333261,-0.0035942631406393755,2,344.10296198156954,3.5,1120.8880304252875,0,0.92554302590517312,BULL,0,0.94999999999999996,0,76186.479999999996,2416.6500000000001,938b50e26b6013a3edb0891fe8c9d190c0a9f1382f0d2c23e325c3fef393043e,71486e064504dd4d0f6c35765feb68926fb8e37b8ca2d356a9b40c8857da757e
B:OOS:2026-09-15T20:00:00+00:00,OOS_BAR,2026-09-15T20:00:00+00:00,19591.555094433112,11590.484820556801,6530.5792814694514,0.97222191846308414,-0.048559355399462212,-0.0067490990600063139,2,344.10296198156954,5.5,1120.8880304252875,0,0.92494260995010569,BULL,0,0.94999999999999996,0,75644.479999999996,2398.2600000000002,71486e064504dd4d0f6c35765feb68926fb8e37b8ca2d356a9b40c8857da757e,40758ff47939337fb70ac53205fac9ab97ea1c23e057fb4452a1c7e916224e00
B:OOS:2026-09-16T00:00:00+00:00,OOS_BAR,2026-09-16T00:00:00+00:00,19631.138525897477,11617.992971050197,6540.6545624404198,0.97408678860352593,-0.046734346916498692,0.0019181527437581725,2,344.10296198156954,7.5,1120.8880304252875,0,0.92499207366580682,BULL,0,0.94999999999999996,0,75824.009999999995,2401.96,40758ff47939337fb70ac53205fac9ab97ea1c23e057fb4452a1c7e916224e00,cf0c3af806cae59d597dce86b1e52085f5157f6ee7f04f47e03fe6c49bfcfd35
B:OOS:2026-09-16T04:00:00+00:00,OOS_BAR,2026-09-16T04:00:00+00:00,19610.720068820538,11614.189758528621,6527.0393178850563,0.97297450984938194,-0.047822850677544437,-0.001141868226894438,2,344.10296198156954,4.5,1120.8880304252875,0,0.92506695382678827,BULL,0,0.94999999999999996,0,75766.630000000005,2396.96,cf0c3af806cae59d597dce86b1e52085f5157f6ee7f04f47e03fe6c49bfcfd35,5375cc88d75dd04400e1a87bb7b42978d4bb59c49711bb02edb4c2a98fb9bc64
B:OOS:2026-09-16T08:00:00+00:00,OOS_BAR,2026-09-16T08:00:00+00:00,19756.709800285455,11688.285054882437,6602.1837529961585,0.98011774841618049,-0.040832299058142452,0.007341650263689159,2,344.10296198156954,1.25,1120.8880304252875,0,0.92578516325700777,BULL,0,0.94999999999999996,0,76250,2422.6100000000001,5375cc88d75dd04400e1a87bb7b42978d4bb59c49711bb02edb4c2a98fb9bc64,3982fe83077a6e9cf79f847f1571f164bbd218263f5c4a14f4132ea905c42f1d
B:OOS:2026-09-16T12:00:00+00:00,OOS_BAR,2026-09-16T12:00:00+00:00,19606.604846280712,11617.528392607248,6520.8354612666053,0.9725726826427098,-0.048216088815127844,-0.0076981217671684421,2,344.10296198156954,3.25,1120.8880304252875,0,0.92511498018559912,BULL,0,0.94999999999999996,0,75788.410000000003,2392.7600000000002,3982fe83077a6e9cf79f847f1571f164bbd218263f5c4a14f4132ea905c42f1d,7df607eae73d87214631bc7512a56ab035c777d40cdc17ecd244df5dff3566f7
B:OOS:2026-09-16T16:00:00+00:00,OOS_BAR,2026-09-16T16:00:00+00:00,19696.470117937213,11662.225927546961,6564.003197983393,0.97693073685594989,-0.043951188146766018,0.0044809547821127449,2,344.10296198156954,5.25,1120.8880304252875,0,0.92535510253342612,BULL,0,0.94999999999999996,0,76080,2408.5999999999999,7df607eae73d87214631bc7512a56ab035c777d40cdc17ecd244df5dff3566f7,b48388f1e848db45035cb4879a3d245a3564376036a08d042a3091f39ca57b33
B:OOS:2026-09-16T20:00:00+00:00,OOS_BAR,2026-09-16T20:00:00+00:00,19744.112619430536,11686.542650209212,6590.328976814465,0.97919434221965862,-0.04173596741838248,0.0023170581887859143,2,344.10296198156954,2.25,1120.8880304252875,0,0.92568716453921962,BULL,0,0.94999999999999996,0,76206.009999999995,2418.2600000000002,b48388f1e848db45035cb4879a3d245a3564376036a08d042a3091f39ca57b33,7cb23364c071a678197ba192f4d75d0f9172392569f294784340498f1fbcc72e
B:OOS:2026-09-17T00:00:00+00:00,OOS_BAR,2026-09-17T00:00:00+00:00,19830.810438479351,11722.731270169717,6638.8381759027752,0.98339444108516061,-0.037625645797269014,0.004289341435512295,2,344.10296198156954,4.25,1120.8880304252875,0,0.92591119778161102,BULL,0,0.94999999999999996,0,76441.990000000005,2436.0599999999999,7cb23364c071a678197ba192f4d75d0f9172392569f294784340498f1fbcc72e,e970f91beb22a443290e7ddcc36beb1b161735e88b8250494d9b33d4da349dab
B:OOS:2026-09-17T04:00:00+00:00,OOS_BAR,2026-09-17T04:00:00+00:00,19858.642324010085,11725.916445339561,6661.4848862636654,0.98467529498695472,-0.036372170187617403,0.0013024823491789572,2,344.10296198156954,6.25,1120.8880304252875,0,0.92591432141219154,BULL,0,0.94999999999999996,0,76462.759999999995,2444.3699999999999,e970f91beb22a443290e7ddcc36beb1b161735e88b8250494d9b33d4da349dab,d8a919306f708e7340b0cc2470de0897b2598fbddfba1565ad4a02ebb5e66701
B:OOS:2026-09-17T08:00:00+00:00,OOS_BAR,2026-09-17T08:00:00+00:00,19858.796451441758,11728.866987961987,6656.6884710729119,0.98458377805179864,-0.036461730945427151,-9.2941232121890316e-05,2,344.10296198156954,8.25,1120.8880304252875,0,0.9258141853657047,BULL,0,0.94999999999999996,0,76482,2442.6100000000001,d8a919306f708e7340b0cc2470de0897b2598fbddfba1565ad4a02ebb5e66701,2a50cb55d35283ceb9c650e7a0326d006bd69b4927ddd2533e23821cc88e4299
B:OOS:2026-09-17T12:00:00+00:00,OOS_BAR,2026-09-17T12:00:00+00:00,19981.941162196461,11779.580156055308,6737.370013734293,0.99058943433539637,-0.030584445752404155,0.0060996904656311912,2,344.10296198156954,0,1120.8880304252875,0,0.92668425051824022,BULL,0,0.94999999999999996,0,76780.009999999995,2470.27,2a50cb55d35283ceb9c650e7a0326d006bd69b4927ddd2533e23821cc88e4299,90e312669d8a7a1c01dedde2889523fa955c33c00598e27dbbfb76145c7a6beb
B:OOS:2026-09-17T16:00:00+00:00,OOS_BAR,2026-09-17T16:00:00+00:00,19897.257279010486,11751.044057804915,6679.2222287987124,0.98629257726830155,-0.034789457365530296,-0.0043376770619177885,2,344.10296198156954,2,1120.8880304252875,0,0.92627169806190424,BULL,0,0.94999999999999996,0,76594.009999999995,2448.9499999999998,90e312669d8a7a1c01dedde2889523fa955c33c00598e27dbbfb76145c7a6beb,de18420d3e164dea4cf65d58057164c24ea5fac599afbb852d2ef8c04e84803a
B:OOS:2026-09-17T20:00:00+00:00,OOS_BAR,2026-09-17T20:00:00+00:00,19867.547231713208,11723.888738502119,6674.6675008042284,0.98472089125833573,-0.03632754853796083,-0.0015935291881835623,2,344.10296198156954,4,1120.8880304252875,0,0.92606077764536476,BULL,0,0.94999999999999996,0,76417.009999999995,2447.2800000000002,de18420d3e164dea4cf65d58057164c24ea5fac599afbb852d2ef8c04e84803a,105ac8af93d142f9ba0e3fb6220f7f164534ca986915aa80be34149d23ff2bc3
B:OOS:2026-09-18T00:00:00+00:00,OOS_BAR,2026-09-18T00:00:00+00:00,20105.534018071034,11872.162918690703,6762.3801069734709,0.99641623166430993,-0.024882196398324563,0.011876807438328196,2,344.10296198156954,6,1120.8880304252875,0,0.92683651222172359,BULL,0,0.94999999999999996,0,77383.470000000001,2479.4400000000001,105ac8af93d142f9ba0e3fb6220f7f164534ca986915aa80be34149d23ff2bc3,7a89e705a4a63b031742a43af7060e8309e2a3070e89c0a4c3d930acf91128ba
B:OOS:2026-09-18T04:00:00+00:00,OOS_BAR,2026-09-18T04:00:00+00:00,20199.953104062362,11940.780850417505,6791.1812612379981,1.0009960014816619,-0.020400319303811254,0.0045962416827578512,2,344.10296198156954,3,1120.8880304252875,0,0.92732700987748151,BULL,0,0.94999999999999996,0,77798.009999999995,2490,7a89e705a4a63b031742a43af7060e8309e2a3070e89c0a4c3d930acf91128ba,be80e95791770b4716e170489baaecc8d0a387e32434e6cd9bcdfa40a8f3ba32
B:OOS:2026-09-18T08:00:00+00:00,OOS_BAR,2026-09-18T08:00:00+00:00,20291.89161312865,11981.299197052615,6840.6014236691753,1.0054524066366897,-0.016039169948113163,0.0044519709853301226,2,344.10296198156954,5,1120.8880304252875,0,0.92755771514885332,BULL,0,0.94999999999999996,0,78062,2508.1199999999999,be80e95791770b4716e170489baaecc8d0a387e32434e6cd9bcdfa40a8f3ba32,ec76d997105ed7f705d941600dea57647c4da48ba41e3eb2df1d3a4f2f573159
B:OOS:2026-09-18T12:00:00+00:00,OOS_BAR,2026-09-18T12:00:00+00:00,20909.83005130649,12390.120243672858,7047.7188152267718,1.0359688199896275,0,0.030350927753027612,2,344.10296198156954,7,1120.8880304252875,0,0.92960291935443606,BULL,0,0.94999999999999996,0,80725.600000000006,2584.0599999999999,ec76d997105ed7f705d941600dea57647c4da48ba41e3eb2df1d3a4f2f573159,ef6457d78c74a3b88199f02d2ffa8be06ca357c7ca51d3b7c4764533362c34f9
B:OOS:2026-09-18T16:00:00+00:00,OOS_BAR,2026-09-18T16:00:00+00:00,21129.069221719292,12463.663828557432,7196.6644007549994,1.0467308148258478,0,0.010388338556683641,2,344.10296198156954,3.75,1120.8880304252875,0,0.93048718914238349,BULL,0,0.94999999999999996,0,81204.759999999995,2636.71,ef6457d78c74a3b88199f02d2ffa8be06ca357c7ca51d3b7c4764533362c34f9,3ab5ac9493b650f4801596af4b7c2193ad9494d071fa076645a7d2604e43b2ce
B:OOS:2026-09-18T20:00:00+00:00,OOS_BAR,2026-09-18T20:00:00+00:00,21014.728772305632,12419.384999240996,7129.6027806577749,1.0409678724903602,-0.0055056584308608159,-0.0055056584308607048,2,344.10296198156954,0.75,1120.8880304252875,0,0.93025172923770993,BULL,0,0.94999999999999996,0,80883.869999999995,2612.1399999999999,3ab5ac9493b650f4801596af4b7c2193ad9494d071fa076645a7d2604e43b2ce,cd078f6f684d9288162b50a190279e5f2f06c3b8c808471585d8635ac8090db6
B:OOS:2026-09-19T00:00:00+00:00,OOS_BAR,2026-09-19T00:00:00+00:00,21077.388292261592,12458.10005743132,7151.5472424234113,1.0439723653455018,-0.0026352997745701101,0.0028862493594099536,2,344.10296198156954,2.75,1120.8880304252875,0,0.93036419066465981,BULL,0,0.94999999999999996,0,81136.009999999995,2620.1799999999998,cd078f6f684d9288162b50a190279e5f2f06c3b8c808471585d8635ac8090db6,5715976f7cdb61542179e3fee7cc3bf75c39e69259b5d52ce7400171acc8d502
B:OOS:2026-09-19T04:00:00+00:00,OOS_BAR,2026-09-19T04:00:00+00:00,21092.361782680659,12452.595437632308,7170.0253526414899,1.0446148870966929,-0.0020214631108447234,0.00061545858158651434,2,344.10296198156954,4.75,1120.8880304252875,0,0.93031880414578838,BULL,0,0.94999999999999996,0,81100.160000000003,2626.9499999999998,5715976f7cdb61542179e3fee7cc3bf75c39e69259b5d52ce7400171acc8d502,9a7ad1b08ad8ad91090ff2081a32aad08183df9906343dbbc0b4c1160d236fe3
B:OOS:2026-09-19T08:00:00+00:00,OOS_BAR,2026-09-19T08:00:00+00:00,21160.168320698896,12483.68387196163,7204.7434563304078,1.0478736957769625,0,0.0031196268792672566,2,344.10296198156954,6.75,1120.8880304252875,0,0.93044757630934338,BULL,0,0.94999999999999996,0,81302.630000000005,2639.6700000000001,9a7ad1b08ad8ad91090ff2081a32aad08183df9906343dbbc0b4c1160d236fe3,055971d47f8e12b7a1ccb78366f520c909d731a2f794ed83b4f5f8510970edda
B:OOS:2026-09-19T12:00:00+00:00,OOS_BAR,2026-09-19T12:00:00+00:00,21217.437248511742,12539.885977880098,7208.8102782247843,1.0506104122972744,0,0.0026116854839863812,2,344.10296198156954,3.75,1120.8880304252875,0,0.93077670148359304,BULL,0,0.94999999999999996,0,81636.009999999995,2641.1599999999999,055971d47f8e12b7a1ccb78366f520c909d731a2f794ed83b4f5f8510970edda,977f8d29df2b6415b39532d6785f387ec16714e5e746c03ec4e374ee3032bb78
B:OOS:2026-09-19T16:00:00+00:00,OOS_BAR,2026-09-19T16:00:00+00:00,21158.979294723897,12496.568723083321,7191.6695792337168,1.0476170362236392,-0.0028491780003301326,-0.0028491780003301326,2,344.10296198156954,5.75,1120.8880304252875,0,0.9304909290792871,BULL,0,0.94999999999999996,0,81354.009999999995,2634.8800000000001,977f8d29df2b6415b39532d6785f387ec16714e5e746c03ec4e374ee3032bb78,59a340e9c33b03f4dbf8ef1ca25a2ec0fe2c1ec378730255c37c2ebf6d81fb04
B:OOS:2026-09-19T20:00:00+00:00,OOS_BAR,2026-09-19T20:00:00+00:00,21139.011432558316,12480.5904931402,7190.9299470112546,1.0465294728205687,-0.003884350877298326,-0.0010381306961090297,2,344.10296198156954,2.5,1120.8880304252875,0,0.9305790151498462,BULL,0,0.94999999999999996,0,81249.990000000005,2632.6900000000001,59a340e9c33b03f4dbf8ef1ca25a2ec0fe2c1ec378730255c37c2ebf6d81fb04,ad588d6e37fb0b941b14724ff729ce0b71b79bdfae68c068ba177a00e0ed9151
B:OOS:2026-09-20T00:00:00+00:00,OOS_BAR,2026-09-20T00:00:00+00:00,20901.731040344122,12363.294433085708,7068.9456148515537,1.034684534203556,-0.015158690516777429,-0.01131830390317512,2,344.10296198156954,4.5,1120.8880304252875,0,0.92969524918436297,BULL,0,0.94999999999999996,0,80486.380000000005,2588.0300000000002,ad588d6e37fb0b941b14724ff729ce0b71b79bdfae68c068ba177a00e0ed9151,a3c7f4d62bc9c2e93927b27b14066b00a9b83b41f88029478bf03d7031b65f14
B:OOS:2026-09-20T04:00:00+00:00,OOS_BAR,2026-09-20T04:00:00+00:00,20846.083882711951,12341.430155512648,7038.162734792445,1.031831138207995,-0.01787463161365066,-0.002757744898310821,2,344.10296198156954,1.5,1120.8880304252875,0,0.92965148750921756,BULL,0,0.94999999999999996,0,80311.610000000001,2576.7600000000002,a3c7f4d62bc9c2e93927b27b14066b00a9b83b41f88029478bf03d7031b65f14,cda1cc43aa2e184a84d57f4e8b75e8b02d4a96133212fa274e89e1467ea3e07f
B:OOS:2026-09-20T08:00:00+00:00,OOS_BAR,2026-09-20T08:00:00+00:00,20882.325542182945,12369.334966559762,7044.499583216324,1.0335258556057594,-0.016261552799726964,0.0016424367660659023,2,344.10296198156954,3.5,1120.8880304252875,0,0.9296778038710074,BULL,0,0.94999999999999996,0,80493.199999999997,2579.0799999999999,cda1cc43aa2e184a84d57f4e8b75e8b02d4a96133212fa274e89e1467ea3e07f,b05172921e49e502190c7f23d784abcbb5e6eec8e5e6d85c044f40daf4725efe
B:OOS:2026-09-20T12:00:00+00:00,OOS_BAR,2026-09-20T12:00:00+00:00,21041.631799836738,12433.691675996028,7137.4491314338493,1.0413106454092602,-0.0088517749102440257,0.0075322642014969965,2,344.10296198156954,5.5,1120.8880304252875,0,0.93011516376699122,BULL,0,0.94999999999999996,0,80912,2613.1100000000001,b05172921e49e502190c7f23d784abcbb5e6eec8e5e6d85c044f40daf4725efe,abad1c4edeb67d89ef17fed24a51abfa89c2bdf29a2f817982dd3299f43e4961
B:OOS:2026-09-20T16:00:00+00:00,OOS_BAR,2026-09-20T16:00:00+00:00,21139.6595683878,12474.463218850924,7192.7053571300148,1.0460624267841794,-0.0043288981908624624,0.0045632697561173163,2,344.10296198156954,7.5,1120.8880304252875,0,0.93034462131978612,BULL,0,0.94999999999999996,0,81177.320000000007,2633.3400000000001,abad1c4edeb67d89ef17fed24a51abfa89c2bdf29a2f817982dd3299f43e4961,0a066ea36054dd15c94470971379bb21f6223020c3327de976d736bb90b23054
B:OOS:2026-09-20T20:00:00+00:00,OOS_BAR,2026-09-20T20:00:00+00:00,21174.178334252741,12479.560264547134,7225.1270772987482,1.0476714139607382,-0.0027974197686749802,0.0015381368600582146,2,344.10296198156954,4.5,1120.8880304252875,0,0.93059985756190056,BULL,0,0.94999999999999996,0,81178,2645.21,0a066ea36054dd15c94470971379bb21f6223020c3327de976d736bb90b23054,527e75be8a0b0c93703db7a5178c2c7aa6c7b9bb8ac7382d678cfb5e6fd3cd3e
B:OOS:2026-09-21T00:00:00+00:00,OOS_BAR,2026-09-21T00:00:00+00:00,21270.867679523915,12517.567134440504,7287.0595526765528,1.0523560798471603,0,0.0044715030151598611,2,344.10296198156954,1.25,1120.8880304252875,0,0.93106811557958613,BULL,0,0.94999999999999996,0,81425.229999999996,2665.9499999999998,527e75be8a0b0c93703db7a5178c2c7aa6c7b9bb8ac7382d678cfb5e6fd3cd3e,94b424621742fee79015a517874624aa27d9279ac5c734a12a1645bb7b24204a
B:OOS:2026-09-21T04:00:00+00:00,OOS_BAR,2026-09-21T04:00:00+00:00,21306.458241292981,12562.883904683466,7275.3333442026569,1.0540177849090115,0,0.0015790330798417518,2,344.10296198156954,3.25,1120.8880304252875,0,0.93108939196842511,BULL,0,0.94999999999999996,0,81720.009999999995,2661.6599999999999,94b424621742fee79015a517874624aa27d9279ac5c734a12a1645bb7b24204a,891486a58251dc6789289c7b3b5e13495c3d2036b294e4f72e81bb210f5f3d01
B:OOS:2026-09-21T08:00:00+00:00,OOS_BAR,2026-09-21T08:00:00+00:00,21969.522506855192,13049.777073752284,7449.5044406960469,1.0867171705229424,0,0.03102356153957464,2,344.10296198156954,5.25,1120.8880304252875,0,0.93307815443198194,BULL,0,0.94999999999999996,0,84887.190000000002,2725.3800000000001,891486a58251dc6789289c7b3b5e13495c3d2036b294e4f72e81bb210f5f3d01,2b9cdcc1803527359e053ec7a53e8ade3c7efe1885ed3f354e1c5409ae619dd8
B:OOS:2026-09-21T12:00:00+00:00,OOS_BAR,2026-09-21T12:00:00+00:00,22213.245043546176,13215.54882459601,7531.2052265433058,1.0986728295375825,0,0.011001628886462722,2,344.10296198156954,1.5,1120.8880304252875,0,0.93398123554068779,BULL,0,0.94999999999999996,0,85927.710000000006,2755.27,2b9cdcc1803527359e053ec7a53e8ade3c7efe1885ed3f354e1c5409ae619dd8,88cdcd021db2ce399fdc7d3ba5352d43ded0b98d4fdacc52a3b276b8031a6656
B:OOS:2026-09-21T16:00:00+00:00,OOS_BAR,2026-09-21T16:00:00+00:00,22319.672278682312,13302.045074280224,7549.13621199523,1.103837362527559,0,0.0047007014746602849,2,344.10296198156954,3.5,1120.8880304252875,0,0.93420642677583454,BULL,0,0.94999999999999996,0,86490.110000000001,2761.8299999999999,88cdcd021db2ce399fdc7d3ba5352d43ded0b98d4fdacc52a3b276b8031a6656,9f834c6fec33e9048c50b7a5b5cb344fd3f34bffe782b3ab478953dedca3282a
B:OOS:2026-09-21T20:00:00+00:00,OOS_BAR,2026-09-21T20:00:00+00:00,22380.900524172499,13322.021955275037,7588.3875764906024,1.1067662806423304,0,0.0026533964279527034,2,344.10296198156954,5.5,1120.8880304252875,0,0.93429705874351854,BULL,0,0.94999999999999996,0,86620,2776.1900000000001,9f834c6fec33e9048c50b7a5b5cb344fd3f34bffe782b3ab478953dedca3282a,cdb95d60dab7cb90fe3ae0288a90efe58bdcb35e62e3ee61fcf1834670b23dfc
B:OOS:2026-09-22T00:00:00+00:00,OOS_BAR,2026-09-22T00:00:00+00:00,22140.425437298254,13179.424644073555,7488.5098008178393,1.0947766258717875,-0.010833050283736934,-0.010833050283737045,2,344.10296198156954,7.5,1120.8880304252875,0,0.93349310307622779,BULL,0,0.94999999999999996,0,85692.830000000002,2739.6500000000001,cdb95d60dab7cb90fe3ae0288a90efe58bdcb35e62e3ee61fcf1834670b23dfc,1dcae92da1edb431c5be4c50c22e52c20da816cad591d9c4df10356c2a9af2fb
B:OOS:2026-09-22T04:00:00+00:00,OOS_BAR,2026-09-22T04:00:00+00:00,22052.366795367328,13130.74731561292,7452.1284873475479,1.0903239024597597,-0.014856233398281793,-0.0040672437708303422,2,344.10296198156954,4.5,1120.8880304252875,0,0.93336357017626037,BULL,0,0.94999999999999996,0,85344,2726.3400000000001,1dcae92da1edb431c5be4c50c22e52c20da816cad591d9c4df10356c2a9af2fb,e55f01c6cc98ae18f1831e5ecb41cb0fdf17bbb9bc95b9d94867debecc6cf41c
B:OOS:2026-09-22T08:00:00+00:00,OOS_BAR,2026-09-22T08:00:00+00:00,22197.706365576967,13229.618716531075,7501.8466566390325,1.097410324891108,-0.0084534159694424904,0.0064993736405865032,2,344.10296198156954,1.25,1120.8880304252875,0,0.93394628398722179,BULL,0,0.94999999999999996,0,85986.619999999995,2742.5999999999999,e55f01c6cc98ae18f1831e5ecb41cb0fdf17bbb9bc95b9d94867debecc6cf41c,e4bde2d8f50a3fcb0b3b41faa21faae58d4184490c064799714d00f7d4075984
B:OOS:2026-09-22T12:00:00+00:00,OOS_BAR,2026-09-22T12:00:00+00:00,22268.909502828683,13295.238604632277,7505.429905789545,1.1008312817309989,-0.0053624681336398305,0.0031172996665858044,2,344.10296198156954,3.25,1120.8880304252875,0,0.93406767438610505,BULL,0,0.94999999999999996,0,86413.119999999995,2743.9099999999999,e4bde2d8f50a3fcb0b3b41faa21faae58d4184490c064799714d00f7d4075984,45ebfcf5b7cc06c48475ee8b2fb4b7a0463789bcd65a9287de5ec09ef5c95bf1
B:OOS:2026-09-22T16:00:00+00:00,OOS_BAR,2026-09-22T16:00:00+00:00,22258.373839162603,13261.28550520397,7526.8473415517719,1.100211655006768,-0.0059223214062488205,-0.00056287165391644134,2,344.10296198156954,5.25,1120.8880304252875,0,0.93394661249601096,BULL,0,0.94999999999999996,0,86192.440000000002,2751.7399999999998,45ebfcf5b7cc06c48475ee8b2fb4b7a0463789bcd65a9287de5ec09ef5c95bf1,66c26fc277964caa2de695e5dd6c732f40e4b141972718bf324f030ab262c315
B:OOS:2026-09-22T20:00:00+00:00,OOS_BAR,2026-09-22T20:00:00+00:00,22268.017177127131,13268.759117294858,7532.0170674254141,1.1005894244715797,-0.0055809941798785623,0.00034336071890583852,2,344.10296198156954,2.25,1120.8880304252875,0,0.93410993979679724,BULL,0,0.94999999999999996,0,86208.559999999998,2753.6300000000001,66c26fc277964caa2de695e5dd6c732f40e4b141972718bf324f030ab262c315,322fefca784c2138442571dda69d985ba72c1e614ccc1c48481c2946ff7dafca
B:OOS:2026-09-23T00:00:00+00:00,OOS_BAR,2026-09-23T00:00:00+00:00,22402.059710936435,13345.056141419078,7587.7625771104958,1.1071149971792742,0,0.0059291617406078689,2,344.10296198156954,4.25,1120.8880304252875,0,0.93441491490670414,BULL,0,0.94999999999999996,0,86704.270000000004,2774.0100000000002,322fefca784c2138442571dda69d985ba72c1e614ccc1c48481c2946ff7dafca,b0e55b96aaa32e277bd97ba54af8553d744bebfce84c0496cda35a0baee75763
B:OOS:2026-09-23T04:00:00+00:00,OOS_BAR,2026-09-23T04:00:00+00:00,22229.825556507491,13255.862609959182,7502.7219541414479,1.0985050734476849,-0.0077769010026291774,-0.0077769010026291774,2,344.10296198156954,6.25,1120.8880304252875,0,0.93381679992643163,BULL,0,0.94999999999999996,0,86124.770000000004,2742.9200000000001,b0e55b96aaa32e277bd97ba54af8553d744bebfce84c0496cda35a0baee75763,0495c95f4f7101fed57c5ba3583bcc9477232b77436a19e74489bc119bda08da
B:OOS:2026-09-23T08:00:00+00:00,OOS_BAR,2026-09-23T08:00:00+00:00,22117.823650887705,13182.78086257732,7461.8017959035278,1.0928720825181846,-0.012864891811038559,-0.0051278697437608933,2,344.10296198156954,8.25,1120.8880304252875,0,0.93339123163016402,BULL,0,0.94999999999999996,0,85649.949999999997,2727.96,0495c95f4f7101fed57c5ba3583bcc9477232b77436a19e74489bc119bda08da,421aa96672d33751da9a865c4c70db32158b8958a55b00d46afbbb41e96cdd71
B:OOS:2026-09-23T12:00:00+00:00,OOS_BAR,2026-09-23T12:00:00+00:00,21668.750342588683,12933.111390327673,7270.6479598541509,1.0705859452691051,-0.032994812646598093,-0.02039226512011183,2,344.10296198156954,0,1120.8880304252875,0,0.93239153300282829,BULL,0,0.94999999999999996,0,83996.009999999995,2656.21,421aa96672d33751da9a865c4c70db32158b8958a55b00d46afbbb41e96cdd71,544a5b9586504e96652b8a8ef0fb5d7158f5a6b77951e922133924233b52cd1a
B:OOS:2026-09-23T16:00:00+00:00,OOS_BAR,2026-09-23T16:00:00+00:00,21813.421941327451,13013.483717711286,7332.9472312093067,1.0776342572095836,-0.026628435207545875,0.0065836021588223659,2,344.10296198156954,2,1120.8880304252875,0,0.93274824113554067,BULL,0,0.94999999999999996,0,84518,2678.9699999999998,544a5b9586504e96652b8a8ef0fb5d7158f5a6b77951e922133924233b52cd1a,6eb6194e65f210bce482c4ce0b443ad58ea74fe62f7a5fb59fceac32d7f689e9
B:OOS:2026-09-23T20:00:00+00:00,OOS_BAR,2026-09-23T20:00:00+00:00,21812.595280252299,12994.945377480655,7348.6589103647821,1.0774946263183591,-0.026754556605576019,-0.00012957168936522656,2,344.10296198156954,4,1120.8880304252875,0,0.93265400226185879,BULL,0,0.94999999999999996,0,84397.600000000006,2684.71,6eb6194e65f210bce482c4ce0b443ad58ea74fe62f7a5fb59fceac32d7f689e9,9080b23691e7f4751cab16cbed792111b833b644cee44517b48ead437b953f47
B:OOS:2026-09-24T00:00:00+00:00,OOS_BAR,2026-09-24T00:00:00+00:00,21721.454022365127,12923.565068946451,7326.8979610118167,1.0728940731761787,-0.030909999494437512,-0.00426967618195917,2,344.10296198156954,6,1120.8880304252875,0,0.93227934967464521,BULL,0,0.94999999999999996,0,83934.009999999995,2676.7600000000002,9080b23691e7f4751cab16cbed792111b833b644cee44517b48ead437b953f47,85de1668a83a53e49a38bae242a94948d83e57c9a8e1b5a64b86b39539c09dd1
B:OOS:2026-09-24T04:00:00+00:00,OOS_BAR,2026-09-24T04:00:00+00:00,21860.148360303308,13019.438238058387,7372.7191298380603,1.0796452346102503,-0.024812022815165369,0.0062924771446313255,2,344.10296198156954,3,1120.8880304252875,0,0.93284624750888512,BULL,0,0.94999999999999996,0,84524.020000000004,2693.5,85de1668a83a53e49a38bae242a94948d83e57c9a8e1b5a64b86b39539c09dd1,0b1a37c3b96533783cdcd86340842b3b7fa1e016d7684345dce863ece04e6c25
B:OOS:2026-09-24T08:00:00+00:00,OOS_BAR,2026-09-24T08:00:00+00:00,21578.161528775217,12860.871117140725,7247.2994192276346,1.0656207652718164,-0.037479604208395245,-0.012989886759882552,2,344.10296198156954,5,1120.8880304252875,0,0.93187598533607341,BULL,0,0.94999999999999996,0,83494.580000000002,2647.6799999999998,0b1a37c3b96533783cdcd86340842b3b7fa1e016d7684345dce863ece04e6c25,5667f1afee9c6c75a65b6467c5cc189606e017b8b3e435def8f69c470495617f
B:OOS:2026-09-24T12:00:00+00:00,OOS_BAR,2026-09-24T12:00:00+00:00,21820.664559297671,13003.107722283119,7345.5658446076932,1.0774967200969827,-0.026752665403100284,0.011144635326374441,2,344.10296198156954,7,1120.8880304252875,0,0.93254142244812377,BULL,0,0.94999999999999996,0,84418,2683.5799999999999,5667f1afee9c6c75a65b6467c5cc189606e017b8b3e435def8f69c470495617f,bd858200ed6c295679785828da7ce7d4ef4822f7140504e0a654cab4f0c3b9c8
B:OOS:2026-09-24T16:00:00+00:00,OOS_BAR,2026-09-24T16:00:00+00:00,21858.455433651445,13002.283648906419,7387.4307923381666,1.0792638988766778,-0.025156463758106318,0.0016400781057932523,2,344.10296198156954,3.75,1120.8880304252875,0,0.93280673481870502,BULL,0,0.94999999999999996,0,84412.649999999994,2696.9499999999998,bd858200ed6c295679785828da7ce7d4ef4822f7140504e0a654cab4f0c3b9c8,bf6e3c25e7606a6e07a019d270c2c314376884a8bb6114aecc2ec658da36f3fe
B:OOS:2026-09-24T20:00:00+00:00,OOS_BAR,2026-09-24T20:00:00+00:00,21835.697882684337,13006.904797600708,7363.0520926767695,1.0780416036200902,-0.02626050015875292,-0.0011325267692728902,2,344.10296198156954,0.75,1120.8880304252875,0,0.93287409450882774,BULL,0,0.94999999999999996,0,84410.240000000005,2688.0500000000002,bf6e3c25e7606a6e07a019d270c2c314376884a8bb6114aecc2ec658da36f3fe,f7c63a6c9e685871f4165fc673d7050d9b1bc6a31032aa2b234f4167fa22c377
B:OOS:2026-09-25T00:00:00+00:00,OOS_BAR,2026-09-25T00:00:00+00:00,21785.564740041234,12979.31470540324,7338.5090422311359,1.0754679945794923,-0.02858510875601239,-0.0023873002970903334,2,344.10296198156954,2.75,1120.8880304252875,0,0.9326278198467266,BULL,0,0.94999999999999996,0,84231.190000000002,2679.0900000000001,f7c63a6c9e685871f4165fc673d7050d9b1bc6a31032aa2b234f4167fa22c377,7b275d4fc4832e73558f16de66c26f133a4b9d88ea40ca077fbc956ed74f3f81
B:OOS:2026-09-25T04:00:00+00:00,OOS_BAR,2026-09-25T04:00:00+00:00,21739.40296180949,12950.464144319007,7319.1978250836228,1.073090654492691,-0.030732437708161253,-0.0022105168157335875,2,344.10296198156954,4.75,1120.8880304252875,0,0.93239276189006592,BULL,0,0.94999999999999996,0,84043.960000000006,2672.04,7b275d4fc4832e73558f16de66c26f133a4b9d88ea40ca077fbc956ed74f3f81,7e628d83e77b4ae4ef8fdc8421705093b4bfb2ca21b612b26b681bafae58abd1
B:OOS:2026-09-25T08:00:00+00:00,OOS_BAR,2026-09-25T08:00:00+00:00,21949.014284721703,13033.470180984363,7443.8031113304814,1.0833377287397072,-0.02147678289983157,0.0095491226245563166,2,344.10296198156954,6.75,1120.8880304252875,0,0.93294728531698523,BULL,0,0.94999999999999996,0,84582.639999999999,2717.5300000000002,7e628d83e77b4ae4ef8fdc8421705093b4bfb2ca21b612b26b681bafae58abd1,539a0f0ec3bb60aae3a0a2307713d9a87e027eb7fae96441ec6716057cb521ef
B:OOS:2026-09-25T12:00:00+00:00,OOS_BAR,2026-09-25T12:00:00+00:00,21745.846250380564,12917.203221994758,7359.9020359789474,1.0732121705559188,-0.030622678501992628,-0.0093466311706580374,2,344.10296198156954,3.75,1120.8880304252875,0,0.93245877969080393,BULL,0,0.94999999999999996,0,83796.009999999995,2686.9000000000001,539a0f0ec3bb60aae3a0a2307713d9a87e027eb7fae96441ec6716057cb521ef,5484db933a9a9edc0e7e4bcb28bc149baca24d9e0f098716a3f3f55056083e69
B:OOS:2026-09-25T16:00:00+00:00,OOS_BAR,2026-09-25T16:00:00+00:00,21800.016296949772,12951.732951056165,7377.5423534867468,1.0757866567037397,-0.028297277658918318,0.0023988603730493718,2,344.10296198156954,5.75,1120.8880304252875,0,0.93253486729674395,BULL,0,0.94999999999999996,0,84020.009999999995,2693.3400000000001,5484db933a9a9edc0e7e4bcb28bc149baca24d9e0f098716a3f3f55056083e69,9e36a855fb6181b47ca315e0c587fbb395bedc8fafc55617a39bc726d7789c36
B:OOS:2026-09-25T20:00:00+00:00,OOS_BAR,2026-09-25T20:00:00+00:00,21809.595246109271,12964.061914138001,7378.0423395644111,1.0761606281872289,-0.02795948846408125,0.00034762606615235114,2,344.10296198156954,2.5,1120.8880304252875,0,0.93271351550328963,BULL,0,0.94999999999999996,0,84099.990000000005,2691.6100000000001,9e36a855fb6181b47ca315e0c587fbb395bedc8fafc55617a39bc726d7789c36,2f8d800cdd82a988cbf6dbfca715e8242e0c6b410acd0320b5eb63a5603b15b2
B:OOS:2026-09-26T00:00:00+00:00,OOS_BAR,2026-09-26T00:00:00+00:00,21776.82825722035,12939.245212880876,7368.0920519326146,1.0744452623838243,-0.029508890114113173,-0.0015939681851158127,2,344.10296198156954,4.5,1120.8880304252875,0,0.93252043065915102,BULL,0,0.94999999999999996,0,83939,2687.98,2f8d800cdd82a988cbf6dbfca715e8242e0c6b410acd0320b5eb63a5603b15b2,9db1b035dafd4cb41e5df2681c32a9ab44e2a50d53fb70cde4b49b5663e91c10
B:OOS:2026-09-26T04:00:00+00:00,OOS_BAR,2026-09-26T04:00:00+00:00,21814.956093864432,12971.656268624378,7376.808832833196,1.0762276072585788,-0.027898989715965161,0.0016588512576247716,2,344.10296198156954,1.5,1120.8880304252875,0,0.93277589071933464,BULL,0,0.94999999999999996,0,84116.800000000003,2691.1599999999999,9db1b035dafd4cb41e5df2681c32a9ab44e2a50d53fb70cde4b49b5663e91c10,856d1722ddfcf89cf217903c8e68fc0e7e023ecccf7ab181b365eec270cd7117
B:OOS:2026-09-26T08:00:00+00:00,OOS_BAR,2026-09-26T08:00:00+00:00,21821.507648524206,12980.785503819992,7372.2311522973559,1.0764521348581082,-0.027696185490476921,0.00020862464223658783,2,344.10296198156954,3.5,1120.8880304252875,0,0.93270442097495609,BULL,0,0.94999999999999996,0,84176,2689.4899999999998,856d1722ddfcf89cf217903c8e68fc0e7e023ecccf7ab181b365eec270cd7117,ad5f6a3fedf064daf058f8e53ac37c5e6b6a20f9605e9a160dadd6e3350f58a3
B:OOS:2026-09-26T12:00:00+00:00,OOS_BAR,2026-09-26T12:00:00+00:00,21829.961024065462,12977.699760639855,7381.7702710187468,1.0767704498599999,-0.027408667931142272,0.00029570752993457461,2,344.10296198156954,5.5,1120.8880304252875,0,0.9326388631300907,BULL,0,0.94999999999999996,0,84155.990000000005,2692.9699999999998,ad5f6a3fedf064daf058f8e53ac37c5e6b6a20f9605e9a160dadd6e3350f58a3,8dfd46466b200e37473720d0f8a86bb40245397d4bd223be186c316c52628ab6
B:OOS:2026-09-26T16:00:00+00:00,OOS_BAR,2026-09-26T16:00:00+00:00,21787.636730784994,12956.209047517201,7358.9366908609345,1.0745843389026413,-0.029383269452148197,-0.0020302479118393668,2,344.10296198156954,7.5,1120.8880304252875,0,0.9324162133506525,BULL,0,0.94999999999999996,0,84016.630000000005,2684.6399999999999,8dfd46466b200e37473720d0f8a86bb40245397d4bd223be186c316c52628ab6,6e901fcdc9d931a3e4262556be038fe8d86250134941f48cff1db78072e26e9f
B:OOS:2026-09-26T20:00:00+00:00,OOS_BAR,2026-09-26T20:00:00+00:00,21885.921612297541,13025.450165278868,7390.9804546118148,1.0793327533450126,-0.025094271060409845,0.0044188383084200478,2,344.10296198156954,4.5,1120.8880304252875,0,0.93285679175689074,BULL,0,0.94999999999999996,0,84433.100000000006,2696.3299999999999,6e901fcdc9d931a3e4262556be038fe8d86250134941f48cff1db78072e26e9f,45c4ad6aab231859c3e5003f01ceeed6c0e19a30680de276d1675bca647b5bfc
B:OOS:2026-09-27T00:00:00+00:00,OOS_BAR,2026-09-27T00:00:00+00:00,21884.126611454445,13020.675524970558,7397.2100940770251,1.0791456150327745,-0.025263303466903198,-0.00017338333489658186,2,344.10296198156954,1.25,1120.8880304252875,0,0.93299979394016985,BULL,0,0.94999999999999996,0,84402.149999999994,2696.6900000000001,45c4ad6aab231859c3e5003f01ceeed6c0e19a30680de276d1675bca647b5bfc,a72b01da5d7b65419672484b4f523ff48ea03e8595147a2615a17662c6feec73
B:OOS:2026-09-27T04:00:00+00:00,OOS_BAR,2026-09-27T04:00:00+00:00,22005.309753372847,13080.663211041172,7456.405549924817,1.0850222129009308,-0.019955275047878307,0.0054456023230728956,2,344.10296198156954,3.25,1120.8880304252875,0,0.93327787661876394,BULL,0,0.94999999999999996,0,84791,2718.27,a72b01da5d7b65419672484b4f523ff48ea03e8595147a2615a17662c6feec73,cbb0fdeb264dc59f2e2ffab4c86dff8ae0824b68e661d609ed76b6acbaa481e4
B:OOS:2026-09-27T08:00:00+00:00,OOS_BAR,2026-09-27T08:00:00+00:00,22000.582782435387,13097.170045063433,7433.171744965096,1.0846905543304615,-0.020254845165990965,-0.00030566984392210728,2,344.10296198156954,5.25,1120.8880304252875,0,0.93317263424582297,BULL,0,0.94999999999999996,0,84898,2709.8000000000002,cbb0fdeb264dc59f2e2ffab4c86dff8ae0824b68e661d609ed76b6acbaa481e4,78cbcf6c519317c53fccc9869213f318817f8b516f49587d20c91c5d98f73d42
B:OOS:2026-09-27T12:00:00+00:00,OOS_BAR,2026-09-27T12:00:00+00:00,21880.528461946033,13035.086852247376,7378.2006172917991,1.0786734803415063,-0.025689758435421428,-0.0055472724132545892,2,344.10296198156954,2.25,1120.8880304252875,0,0.93294307333761883,BULL,0,0.94999999999999996,0,84463.369999999995,2689.7600000000002,78cbcf6c519317c53fccc9869213f318817f8b516f49587d20c91c5d98f73d42,2a70c1e5c862d794824ce061315c8b53b2b32a8be6ad40ba8874eb8b946153e5
B:OOS:2026-09-27T16:00:00+00:00,OOS_BAR,2026-09-27T16:00:00+00:00,21929.185452276819,13077.162915272054,7382.7815445979058,1.0809733817550879,-0.023612375851461032,0.0021321571870418499,2,344.10296198156954,4.25,1120.8880304252875,0,0.93300065815922428,BULL,0,0.94999999999999996,0,84736.009999999995,2691.4299999999998,2a70c1e5c862d794824ce061315c8b53b2b32a8be6ad40ba8874eb8b946153e5,ec999200cb38ec72a1242e7d9f4dd65bc9f6c588f55781f415b83202a7de6b8c
B:OOS:2026-09-27T20:00:00+00:00,OOS_BAR,2026-09-27T20:00:00+00:00,21882.815507056734,13036.418705328006,7375.15580932187,1.0785892596850046,-0.025765830620078201,-0.0022055326341269277,2,344.10296198156954,6.25,1120.8880304252875,0,0.93276728984291735,BULL,0,0.94999999999999996,0,84472,2688.6500000000001,ec999200cb38ec72a1242e7d9f4dd65bc9f6c588f55781f415b83202a7de6b8c,ce7b60f9c70976cd781b16707c8ccf16078fd199da1f7b0ab4d4e13435556423
B:OOS:2026-09-28T00:00:00+00:00,OOS_BAR,2026-09-28T00:00:00+00:00,21609.585752529507,12861.503029593814,7274.8417305288322,1.0650246099358174,-0.038018080642657215,-0.012576288543007297,2,344.10296198156954,8.25,1120.8880304252875,0,0.93182465368479317,BULL,0,0.94999999999999996,0,83338.600000000006,2652.0799999999999,ce7b60f9c70976cd781b16707c8ccf16078fd199da1f7b0ab4d4e13435556423,4e11ca11cdcd50c80c94b3839891528ac68d0d10b11f89eec864566bbebfaf5a
B:OOS:2026-09-28T04:00:00+00:00,OOS_BAR,2026-09-28T04:00:00+00:00,21532.717885993439,12808.972042947818,7258.7548506387602,1.0611379808029129,-0.041528672715573589,-0.0036493326977099505,2,344.10296198156954,0,1120.8880304252875,0,0.93196441804683638,BULL,0,0.94999999999999996,0,82966.009999999995,2644.3099999999999,4e11ca11cdcd50c80c94b3839891528ac68d0d10b11f89eec864566bbebfaf5a,58618280a5d59a64f0a05926abf4ee21cc26fcd23055c9744da8ddffbcf215bc
B:OOS:2026-09-28T08:00:00+00:00,OOS_BAR,2026-09-28T08:00:00+00:00,21620.483948536243,12826.962898626725,7326.5300575026567,1.0653641623071193,-0.037711380460501709,0.0039826880016193833,2,344.10296198156954,2,1120.8880304252875,0,0.93214809641177443,BULL,0,0.94999999999999996,0,83082.539999999994,2669,58618280a5d59a64f0a05926abf4ee21cc26fcd23055c9744da8ddffbcf215bc,36f0f566d0c4142be61b600305e261eb4936e04e9319db6ec1687cb422690400
B:OOS:2026-09-28T12:00:00+00:00,OOS_BAR,2026-09-28T12:00:00+00:00,21691.432546739841,12871.343327473018,7351.0982268599619,1.0687613374763671,-0.034642886963526909,0.0031887454913923641,2,344.10296198156954,4,1120.8880304252875,0,0.93227782493196165,BULL,0,0.94999999999999996,0,83370,2677.9499999999998,36f0f566d0c4142be61b600305e261eb4936e04e9319db6ec1687cb422690400,46e6146ba001e95086a307d56aef1e7b3a7d025a2c4ccb54101aa77b37f0dfc8
B:OOS:2026-09-28T16:00:00+00:00,OOS_BAR,2026-09-28T16:00:00+00:00,21684.233833448106,12874.360072688549,7338.8827683526988,1.0683081482865258,-0.035052229435624249,-0.0004240321706542316,2,344.10296198156954,6,1120.8880304252875,0,0.93216310967197535,BULL,0,0.94999999999999996,0,83389.539999999994,2673.5,46e6146ba001e95086a307d56aef1e7b3a7d025a2c4ccb54101aa77b37f0dfc8,214466c89b20b01c2c4d5c516340acf49bdd0e40bc701c3af9e1f6c885551b3e
B:OOS:2026-09-28T20:00:00+00:00,OOS_BAR,2026-09-28T20:00:00+00:00,21745.04038252258,12896.41445908988,7380.6349310258411,1.0712050789399237,-0.032435581065058616,0.0027116994830043151,2,344.10296198156954,3,1120.8880304252875,0,0.93249076724701108,BULL,0,0.94999999999999996,0,83500.009999999995,2688.71,214466c89b20b01c2c4d5c516340acf49bdd0e40bc701c3af9e1f6c885551b3e,99ff0ea2becdf2503eac30dd79dbcad91b621d7866153f54ea19954e365ac17e
B:OOS:2026-09-29T00:00:00+00:00,OOS_BAR,2026-09-29T00:00:00+00:00,21616.088576678307,12829.998704819936,7316.0988794515097,1.0647547189346387,-0.038261859294257294,-0.0060215920668228451,2,344.10296198156954,5,1120.8880304252875,0,0.93199551402686054,BULL,0,0.94999999999999996,0,83069.990000000005,2665.1999999999998,99ff0ea2becdf2503eac30dd79dbcad91b621d7866153f54ea19954e365ac17e,e33078c69a307d876dfaa8646d2eb1d8ad20d8122d149b4aa09dc150df7cae84
B:OOS:2026-09-29T04:00:00+00:00,OOS_BAR,2026-09-29T04:00:00+00:00,21888.244079044838,12970.697797478029,7445.55528915995,1.0780606754242998,-0.02624327357952827,0.01249673399238338,2,344.10296198156954,7,1120.8880304252875,0,0.93274969946921871,BULL,0,0.94999999999999996,0,83980.970000000001,2712.3600000000001,e33078c69a307d876dfaa8646d2eb1d8ad20d8122d149b4aa09dc150df7cae84,0e72151a6a0083d068e69e9263a39c91c5716612c1d0ed149df66dde2cb75ec4
B:OOS:2026-09-29T08:00:00+00:00,OOS_BAR,2026-09-29T08:00:00+00:00,22003.711087340602,13028.930893589697,7506.0392013440451,1.0836487501465366,-0.021195853269556753,0.0051834510335306838,2,344.10296198156954,3.75,1120.8880304252875,0,0.93325030552451349,BULL,0,0.94999999999999996,0,84358.009999999995,2732.4699999999998,0e72151a6a0083d068e69e9263a39c91c5716612c1d0ed149df66dde2cb75ec4,02272d4fc4c4fbcc5cc0e8853fb6914eb3f1444b851ede814d8595743c0c784d
B:OOS:2026-09-29T12:00:00+00:00,OOS_BAR,2026-09-29T12:00:00+00:00,21646.238802821546,12834.607516629869,7345.8902937848197,1.0659469049171184,-0.037185019051358292,-0.016335408707871868,2,344.10296198156954,0.75,1120.8880304252875,0,0.93228657385892821,BULL,0,0.94999999999999996,0,83068,2674.1700000000001,02272d4fc4c4fbcc5cc0e8853fb6914eb3f1444b851ede814d8595743c0c784d,0c586eeb54651c5768804b73fcb184ae6f6185a0eb667c12225c4ba92c82ed85
B:OOS:2026-09-29T16:00:00+00:00,OOS_BAR,2026-09-29T16:00:00+00:00,21773.023312810561,12915.879870602788,7389.4024498009121,1.0720912228644544,-0.031635172862849781,0.0057641876147795923,2,344.10296198156954,2.75,1120.8880304252875,0,0.9325890129579163,BULL,0,0.94999999999999996,0,83594.009999999995,2690.0100000000002,0c586eeb54651c5768804b73fcb184ae6f6185a0eb667c12225c4ba92c82ed85,5841a9e8fd92a7dfb7f9d3aad3e43c876beef754ccd61c92f82de1e9481b321f
B:OOS:2026-09-29T20:00:00+00:00,OOS_BAR,2026-09-29T20:00:00+00:00,21752.738578219982,12926.641299956249,7356.3562858568721,1.070994036054814,-0.032626205241993556,-0.0010234080703587223,2,344.10296198156954,4.75,1120.8880304252875,0,0.932434208818266,BULL,0,0.94999999999999996,0,83663.660000000003,2677.98,5841a9e8fd92a7dfb7f9d3aad3e43c876beef754ccd61c92f82de1e9481b321f,1a2681d6b0c950207c169f719fcbc767b81fd0cb3338402c546fa04e6992238e
B:OOS:2026-09-30T00:00:00+00:00,OOS_BAR,2026-09-30T00:00:00+00:00,21680.987826087938,12870.55362630801,7338.6932073730677,1.0673632585391948,-0.035905699716253126,-0.0033901005919638738,2,344.10296198156954,6.75,1120.8880304252875,0,0.93211836083243549,BULL,0,0.94999999999999996,0,83300.649999999994,2671.5500000000002,1a2681d6b0c950207c169f719fcbc767b81fd0cb3338402c546fa04e6992238e,a2c155e79f57f6da9fb053b569c1b603c09ee93f740d809b09bd44e9974c8425
B:OOS:2026-09-30T04:00:00+00:00,OOS_BAR,2026-09-30T04:00:00+00:00,21692.760308759534,12876.206136885326,7347.8131794673491,1.0678443171936587,-0.035471184191046112,0.00045069815792819767,2,344.10296198156954,3.75,1120.8880304252875,0,0.93229349462669431,BULL,0,0.94999999999999996,0,83304.919999999998,2674.8699999999999,a2c155e79f57f6da9fb053b569c1b603c09ee93f740d809b09bd44e9974c8425,c67cf814b59f5dfd537c5803d692ae65214002b2cb2d4282ba563d005f0f174f
B:OOS:2026-09-30T08:00:00+00:00,OOS_BAR,2026-09-30T08:00:00+00:00,21852.07162255068,12970.529209675902,7410.8014204679166,1.0755873846473387,-0.028477269852058784,0.0072511201576921369,2,344.10296198156954,5.75,1120.8880304252875,0,0.93269558063826319,BULL,0,0.94999999999999996,0,83915.160000000003,2697.8000000000002,c67cf814b59f5dfd537c5803d692ae65214002b2cb2d4282ba563d005f0f174f,add2ab4e5e265481f7e5a1125746958f99709e72e5c181b72a3d7b5715e731e3
B:OOS:2026-09-30T12:00:00+00:00,OOS_BAR,2026-09-30T12:00:00+00:00,21849.250889425301,13004.421154108892,7377.3387429095501,1.0753501236085738,-0.028691575537890257,-0.00022058741312103169,2,344.10296198156954,2.5,1120.8880304252875,0,0.93283563817205728,BULL,0,0.94999999999999996,0,84134.429999999993,2683.7199999999998,add2ab4e5e265481f7e5a1125746958f99709e72e5c181b72a3d7b5715e731e3,224821786c6ed9f39f095879e5945fdaf5dc5f9d1fe46461c9b606754e9dca8c
B:OOS:2026-09-30T16:00:00+00:00,OOS_BAR,2026-09-30T16:00:00+00:00,21730.346687586651,12922.304251117532,7338.5514440622592,1.0694001508106821,-0.034065879754752282,-0.0055330563202292682,2,344.10296198156954,4.5,1120.8880304252875,0,0.9323760907484141,BULL,0,0.94999999999999996,0,83603.160000000003,2669.6100000000001,224821786c6ed9f39f095879e5945fdaf5dc5f9d1fe46461c9b606754e9dca8c,a2c79cfa6c0dac98c7cb7b24be2b4220f94e507b994419d38ffac017f696cd3b
B:OOS:2026-09-30T20:00:00+00:00,OOS_BAR,2026-09-30T20:00:00+00:00,21780.582101749173,12930.457333522745,7383.6337758195659,1.0717737076069795,-0.031921968054210992,0.0022195216584719457,2,344.10296198156954,1.5,1120.8880304252875,0,0.93266979800833294,BULL,0,0.94999999999999996,0,83623.600000000006,2686.0100000000002,a2c79cfa6c0dac98c7cb7b24be2b4220f94e507b994419d38ffac017f696cd3b,0c3e7c0549d6b3078d7f9c423e50a2be9a0459d441029eccb6a7603e16025ac1
B:OOS:2026-10-01T00:00:00+00:00,OOS_BAR,2026-10-01T00:00:00+00:00,21830.401156725846,12950.622226458048,7411.2879378609368,1.0741265602489305,-0.029796757350765035,0.0021952886371920943,2,344.10296198156954,3.5,1120.8880304252875,0,0.93273183658586023,BULL,0,0.94999999999999996,0,83754.009999999995,2696.0700000000002,0c3e7c0549d6b3078d7f9c423e50a2be9a0459d441029eccb6a7603e16025ac1,5000775f9304079cd157532d42550761f0ec8a1e93ebf8b888d6565a8f4ffb97
B:OOS:2026-10-01T04:00:00+00:00,OOS_BAR,2026-10-01T04:00:00+00:00,21731.187201291265,12900.510743423974,7360.1854654604294,1.0691469614856197,-0.034294572641857535,-0.0046359516164992121,2,344.10296198156954,5.5,1120.8880304252875,0,0.93233268947591219,BULL,0,0.94999999999999996,0,83429.929999999993,2677.48,5000775f9304079cd157532d42550761f0ec8a1e93ebf8b888d6565a8f4ffb97,43896552103d29f0b4fe7eb39da9b0f9596ef39e02f8300d37f540bac35d3219
B:OOS:2026-10-01T08:00:00+00:00,OOS_BAR,2026-10-01T08:00:00+00:00,21886.701986316843,12974.086857260381,7440.1241366496033,1.0766989999617556,-0.027473204947103924,0.0070636112229529591,2,344.10296198156954,7.5,1120.8880304252875,0,0.9327221162271303,BULL,0,0.94999999999999996,0,83905.759999999995,2706.5599999999999,43896552103d29f0b4fe7eb39da9b0f9596ef39e02f8300d37f540bac35d3219,930de82835d3ec8531affad3f49b9d34a93ef1b7a8785274728f81134102a296
B:OOS:2026-10-01T12:00:00+00:00,OOS_BAR,2026-10-01T12:00:00+00:00,21862.815098466035,13018.816753497798,7374.5073525613789,1.0754256313408794,-0.028623373289254905,-0.0011826597971404951,2,344.10296198156954,4.5,1120.8880304252875,0,0.93278582900744722,BULL,0,0.94999999999999996,0,84162.649999999994,2682.6900000000001,930de82835d3ec8531affad3f49b9d34a93ef1b7a8785274728f81134102a296,9c18487824eafb2965a5711a98e9ac3d96fb9dc597deef2e05e5d56029851494
B:OOS:2026-10-01T16:00:00+00:00,OOS_BAR,2026-10-01T16:00:00+00:00,21993.659802721766,13098.126014050858,7429.2927962640497,1.0817628858200572,-0.022899257460886613,0.0058927872783507418,2,344.10296198156954,1.25,1120.8880304252875,0,0.93333346948353679,BULL,0,0.94999999999999996,0,84675.360000000001,2700.6999999999998,9c18487824eafb2965a5711a98e9ac3d96fb9dc597deef2e05e5d56029851494,7fe5dc79e68d51af0f57bd28d0fc13857d2921f790763a3af9675545ece9204d
B:OOS:2026-10-01T20:00:00+00:00,OOS_BAR,2026-10-01T20:00:00+00:00,22043.05757542422,13129.788771833242,7445.0278111841199,1.0840939434850654,-0.020793733038448781,0.0021548693300206256,2,344.10296198156954,3.25,1120.8880304252875,0,0.93339213548832722,BULL,0,0.94999999999999996,0,84880.050000000003,2706.4200000000001,7fe5dc79e68d51af0f57bd28d0fc13857d2921f790763a3af9675545ece9204d,1d4d2087ba0ae546a382841915667ad7e1f1c3b2487ecb34a2f5daf5f27cc03e
B:OOS:2026-10-02T00:00:00+00:00,OOS_BAR,2026-10-02T00:00:00+00:00,22179.344958426333,13227.682055640857,7481.4219103786145,1.0906976975510718,-0.014828901848525811,0.0060914961343452312,2,344.10296198156954,5.25,1120.8880304252875,0,0.93371125273705213,BULL,0,0.94999999999999996,0,85512.899999999994,2719.6500000000001,1d4d2087ba0ae546a382841915667ad7e1f1c3b2487ecb34a2f5daf5f27cc03e,5b14b3337ed04c490a3be4e4443fdcac90113b7607199634888c56738cc28dfc
B:OOS:2026-10-02T04:00:00+00:00,OOS_BAR,2026-10-02T04:00:00+00:00,22319.11198296455,13321.923614586418,7529.9473759712746,1.0974719565846844,-0.0087100622962912322,0.0062109409865105381,2,344.10296198156954,2.25,1120.8880304252875,0,0.93426078091607068,BULL,0,0.94999999999999996,0,86089.649999999994,2737.29,5b14b3337ed04c490a3be4e4443fdcac90113b7607199634888c56738cc28dfc,00b6ce104f6381ae16305aecdba05e8f7ada538cdad2415230fccd4019ec06df
B:OOS:2026-10-02T08:00:00+00:00,OOS_BAR,2026-10-02T08:00:00+00:00,22398.67562061458,13373.794063538289,7555.6405646694302,1.1012855621629625,-0.0052654286421591756,0.0034749002517986405,2,344.10296198156954,4.25,1120.8880304252875,0,0.93440500602389875,BULL,0,0.94999999999999996,0,86424.850000000006,2746.6300000000001,00b6ce104f6381ae16305aecdba05e8f7ada538cdad2415230fccd4019ec06df,7e8e3cb2ef2298950a48f179bc9270a5fc35b5bd3b397d390c3c556c41183384
B:OOS:2026-10-02T12:00:00+00:00,OOS_BAR,2026-10-02T12:00:00+00:00,22095.098626688898,13203.752766310476,7420.1048679715632,1.0862624647689794,-0.018835019364224381,-0.013641418638483893,2,344.10296198156954,6.25,1120.8880304252875,0,0.93341324167570217,BULL,0,0.94999999999999996,0,85326,2697.3600000000001,7e8e3cb2ef2298950a48f179bc9270a5fc35b5bd3b397d390c3c556c41183384,e1a4fa875eb4d8d4e7469cc7dce883bd0ccce660eae88353301fcbeda511b633
B:OOS:2026-10-02T16:00:00+00:00,OOS_BAR,2026-10-02T16:00:00+00:00,21860.03928073058,13047.349126201185,7339.449162122537,1.0746089588591046,-0.029361031512524893,-0.010728075661118552,2,344.10296198156954,8.25,1120.8880304252875,0,0.93260574816507724,BULL,0,0.94999999999999996,0,84315.279999999999,2668.04,e1a4fa875eb4d8d4e7469cc7dce883bd0ccce660eae88353301fcbeda511b633,d14ad375e42f6933baf60413bb63ce92e66c111fcf1cbdc2a2392a356ad2fdfc
B:OOS:2026-10-02T20:00:00+00:00,OOS_BAR,2026-10-02T20:00:00+00:00,21894.921399667208,13083.725048122644,7346.2053591377053,1.076225249962685,-0.027901118940029335,0.0015040737286393657,2,344.10296198156954,0,1120.8880304252875,0,0.93308991771812766,BULL,0,0.94999999999999996,0,84518.009999999995,2668.5900000000001,d14ad375e42f6933baf60413bb63ce92e66c111fcf1cbdc2a2392a356ad2fdfc,b73ef01bc56bed2938ab3540d73ca9aa6d0d9ffdb764a43d837a5a4f2e4a5fe9
B:OOS:2026-10-03T00:00:00+00:00,OOS_BAR,2026-10-03T00:00:00+00:00,21962.051782260165,13111.829712234903,7383.2310776184013,1.0794263831725495,-0.025009700055793838,0.002974408201234402,2,344.10296198156954,2,1120.8880304252875,0,0.93320337248308372,BULL,0,0.94999999999999996,0,84699.559999999998,2682.04,b73ef01bc56bed2938ab3540d73ca9aa6d0d9ffdb764a43d837a5a4f2e4a5fe9,b8677833cd2da70c03e05052e15ae387e79e6dbde0573510550f827eaac9a71b
B:OOS:2026-10-03T04:00:00+00:00,OOS_BAR,2026-10-03T04:00:00+00:00,21940.988331617995,13090.225267599779,7381.7720716113554,1.0782929266793235,-0.026033492973524863,-0.0010500544649415522,2,344.10296198156954,4,1120.8880304252875,0,0.93304809381398857,BULL,0,0.94999999999999996,0,84560,2681.5100000000002,b8677833cd2da70c03e05052e15ae387e79e6dbde0573510550f827eaac9a71b,9c2751587361222f0b10c4588d8b1480da7ce02ec1b3b34d4c81b576c52247e7
B:OOS:2026-10-03T08:00:00+00:00,OOS_BAR,2026-10-03T08:00:00+00:00,21968.696564599024,13107.564862351715,7390.1407098404497,1.0795562462127402,-0.024892401454906343,0.0011715921547470476,2,344.10296198156954,6,1120.8880304252875,0,0.93304149893092625,BULL,0,0.94999999999999996,0,84672.009999999995,2684.5500000000002,9c2751587361222f0b10c4588d8b1480da7ce02ec1b3b34d4c81b576c52247e7,60d99e26fac16f232901b6f9cc4e9c75406ccd34640c77f05fac1a00c59c6d31
B:OOS:2026-10-03T12:00:00+00:00,OOS_BAR,2026-10-03T12:00:00+00:00,21993.056035108046,13142.797459615738,7382.2675830854459,1.0806549053280328,-0.02390003921783812,0.0010176951123639366,2,344.10296198156954,3,1120.8880304252875,0,0.93325206874099398,BULL,0,0.94999999999999996,0,84867.279999999999,2681.6900000000001,60d99e26fac16f232901b6f9cc4e9c75406ccd34640c77f05fac1a00c59c6d31,8aaf4f21b92fd695adf79d546195101618733b7b3ff2c1bc6cdcf81b09f6e666
B:OOS:2026-10-03T16:00:00+00:00,OOS_BAR,2026-10-03T16:00:00+00:00,22001.624272127821,13138.959955679602,7392.6733240413587,1.0809776141014702,-0.0236085529907889,0.00029862333650299,2,344.10296198156954,5,1120.8880304252875,0,0.93318716044664574,BULL,0,0.94999999999999996,0,84842.5,2685.4699999999998,8aaf4f21b92fd695adf79d546195101618733b7b3ff2c1bc6cdcf81b09f6e666,f2fee953bc734817912b5c5b001605697ec4e13adc4d11cd9b85c902f45edef2
B:OOS:2026-10-03T20:00:00+00:00,OOS_BAR,2026-10-03T20:00:00+00:00,21994.695762308707,13125.186444780487,7397.5183251213612,1.0805389809416606,-0.024004747750075106,-0.00040577450826695394,2,344.10296198156954,7,1120.8880304252875,0,0.93307518283888502,BULL,0,0.94999999999999996,0,84753.559999999998,2687.23,f2fee953bc734817912b5c5b001605697ec4e13adc4d11cd9b85c902f45edef2,cf2f4d5a431e568ee95508f713c8395b53020d8374645435390936a5a1532fc3
B:OOS:2026-10-04T00:00:00+00:00,OOS_BAR,2026-10-04T00:00:00+00:00,22030.071013555553,13138.70752906879,7422.6224920799023,1.0821784662698493,-0.022523885028166601,0.0015172847598334815,2,344.10296198156954,3.75,1120.8880304252875,0,0.93333017440102151,BULL,0,0.94999999999999996,0,84840.869999999995,2694.4400000000001,cf2f4d5a431e568ee95508f713c8395b53020d8374645435390936a5a1532fc3,459a6671a56d8605834b0f214bbc5abfd87876af3df15b5b7107154dfdae6e8a
B:OOS:2026-10-04T04:00:00+00:00,OOS_BAR,2026-10-04T04:00:00+00:00,22103.771227815232,13184.774453252636,7453.2557821557357,1.0857002608324675,-0.019342829246616233,0.0032543565339619995,2,344.10296198156954,0.75,1120.8880304252875,0,0.9336881938697239,BULL,0,0.94999999999999996,0,85106,2705.5599999999999,459a6671a56d8605834b0f214bbc5abfd87876af3df15b5b7107154dfdae6e8a,f05daa75843281ea1c33dcb3db71f8a1ed860a4b529c1999d4ce5d5e29d8af47
B:OOS:2026-10-04T08:00:00+00:00,OOS_BAR,2026-10-04T08:00:00+00:00,22121.947423666876,13216.294842064926,7437.9115891950887,1.0864947366222697,-0.018625220152866828,0.00073176346959069605,2,344.10296198156954,2.75,1120.8880304252875,0,0.93365227010545115,BULL,0,0.94999999999999996,0,85309.460000000006,2699.9899999999998,f05daa75843281ea1c33dcb3db71f8a1ed860a4b529c1999d4ce5d5e29d8af47,6445253edeed73ceba2257080fd3c7c2840cd4fe1e3e30219ad0c33c1bd2f5df
B:OOS:2026-10-04T12:00:00+00:00,OOS_BAR,2026-10-04T12:00:00+00:00,22112.912061345614,13208.014272016675,7435.1567969220814,1.085952796124529,-0.019114727113861307,-0.00049879716806122687,2,344.10296198156954,4.75,1120.8880304252875,0,0.93353471544907762,BULL,0,0.94999999999999996,0,85256.009999999995,2698.9899999999998,6445253edeed73ceba2257080fd3c7c2840cd4fe1e3e30219ad0c33c1bd2f5df,f39ce16eb047a1a056df9a37034db6c5d9b793e957711dcf87feb53a6619e33a
B:OOS:2026-10-04T16:00:00+00:00,OOS_BAR,2026-10-04T16:00:00+00:00,22148.857260730609,13234.659271878199,7442.4569964455495,1.0876196752007325,-0.017609121029172337,0.0015349461617044646,2,344.10296198156954,6.75,1120.8880304252875,0,0.93355228330374307,BULL,0,0.94999999999999996,0,85428,2701.6399999999999,f39ce16eb047a1a056df9a37034db6c5d9b793e957711dcf87feb53a6619e33a,943f0fdcbae7e1eee4c8690c2052724b8c5f30690f1d7488032bffef2f7ea074
B:OOS:2026-10-04T20:00:00+00:00,OOS_BAR,2026-10-04T20:00:00+00:00,22391.334236367245,13410.44000300777,7512.1532409526171,1.0994272313172557,-0.0069439632572998455,0.010856328168524554,2,344.10296198156954,3.75,1120.8880304252875,0,0.93440582964362251,BULL,0,0.94999999999999996,0,86530,2726.9400000000001,943f0fdcbae7e1eee4c8690c2052724b8c5f30690f1d7488032bffef2f7ea074,51640336880ca0eb856fcc7ef6cc8577e7cbb270b8741e1b4fef58540f6741c3
B:OOS:2026-10-05T00:00:00+00:00,OOS_BAR,2026-10-05T00:00:00+00:00,22294.676019115777,13341.47844645931,7482.4565802496054,1.0945834894477076,-0.01131906600804311,-0.0044056957400852026,2,344.10296198156954,5.75,1120.8880304252875,0,0.93403173963390074,BULL,0,0.94999999999999996,0,86085.029999999999,2716.1599999999999,51640336880ca0eb856fcc7ef6cc8577e7cbb270b8741e1b4fef58540f6741c3,811c2a7acd932bdb485360a0614aa4166c4c7f1dae028ca92766b701284c72eb
B:OOS:2026-10-05T04:00:00+00:00,OOS_BAR,2026-10-05T04:00:00+00:00,22351.139929502791,13367.473281796238,7516.1756552996922,1.0972572196947306,-0.0089040230776924467,0.0024426919214468601,2,344.10296198156954,2.5,1120.8880304252875,0,0.93434379646696142,BULL,0,0.94999999999999996,0,86252.759999999995,2726.4899999999998,811c2a7acd932bdb485360a0614aa4166c4c7f1dae028ca92766b701284c72eb,b9c7d24eef814a2c008b4c62c8c46c2790447b1a94556403433c13b74f84f276
