record_id,timestamp,external_flow,committed_dca,executed_dca,dca_alloc_BTC,dca_alloc_ETH,pending_dca_cash,prev_record_hash,record_hash
DCA:2026-09-03T08:00:00+00:00,2026-09-03T08:00:00+00:00,2,2,0,1.25,0.75,2.258568478167843,GENESIS,9d5f2e85e93ce53ea924622496c6169a0acbedd30a8b3cc5652b41df03747866
DCA:2026-09-03T12:00:00+00:00,2026-09-03T12:00:00+00:00,2,2,0,1.25,0.75,4.2585684781678426,9d5f2e85e93ce53ea924622496c6169a0acbedd30a8b3cc5652b41df03747866,3cf8e8d7b1cfa93d4f0a85d2bb65018c97b26bc9597c2177953eca915980ce45
DCA:2026-09-03T16:00:00+00:00,2026-09-03T16:00:00+00:00,2,2,0,1.25,0.75,6.2585684781678426,3cf8e8d7b1cfa93d4f0a85d2bb65018c97b26bc9597c2177953eca915980ce45,f0aef84b87a64b84116e78d3238d14af94ee13dd7f7a183eee8eb8c69eb267ad
DCA:2026-09-03T20:00:00+00:00,2026-09-03T20:00:00+00:00,2,2,5.1360886727199171,1.25,0.75,3.1224798054479255,f0aef84b87a64b84116e78d3238d14af94ee13dd7f7a183eee8eb8c69eb267ad,5f28cfe1c6105c9afc66eb7a17f4a7beed90d32336841a970f266c775793d46a
DCA:2026-09-04T00:00:00+00:00,2026-09-04T00:00:00+00:00,2,2,0,1.25,0.75,5.1224798054479255,5f28cfe1c6105c9afc66eb7a17f4a7beed90d32336841a970f266c775793d46a,4f09ebfae3d08573fc3fb2ae3219c74be372341975dc048e2288751640ad4ae7
DCA:2026-09-04T04:00:00+00:00,2026-09-04T04:00:00+00:00,2,2,0,1.25,0.75,7.1224798054479255,4f09ebfae3d08573fc3fb2ae3219c74be372341975dc048e2288751640ad4ae7,7f18f843aa662b9b16668c080893dc3658054153baf06131f9a849dff844a276
DCA:2026-09-04T08:00:00+00:00,2026-09-04T08:00:00+00:00,2,2,5.3724798054479255,1.25,0.75,3.75,7f18f843aa662b9b16668c080893dc3658054153baf06131f9a849dff844a276,2627cfe79428143ec062658d6941fe798d9fb0784f684aac9f85a296b653a6e0
DCA:2026-09-04T12:00:00+00:00,2026-09-04T12:00:00+00:00,2,2,5,1.25,0.75,0.75,2627cfe79428143ec062658d6941fe798d9fb0784f684aac9f85a296b653a6e0,1d3c8dc2b48d54058215da361e8d7d32f4d5cdbf5fbe83067b596d1f5ae960d6
DCA:2026-09-04T16:00:00+00:00,2026-09-04T16:00:00+00:00,2,2,0,1.25,0.75,2.75,1d3c8dc2b48d54058215da361e8d7d32f4d5cdbf5fbe83067b596d1f5ae960d6,2bec7819d5efcf959840473208815b00731d915defdd79db41bba49b1209f0a3
DCA:2026-09-04T20:00:00+00:00,2026-09-04T20:00:00+00:00,2,2,0,1.25,0.75,4.75,2bec7819d5efcf959840473208815b00731d915defdd79db41bba49b1209f0a3,babe46d80e6f0252b82ae2698d235b7f41341b143ef8c4549d727b7951815447
DCA:2026-09-05T00:00:00+00:00,2026-09-05T00:00:00+00:00,2,2,0,1.25,0.75,6.75,babe46d80e6f0252b82ae2698d235b7f41341b143ef8c4549d727b7951815447,5622713d1ad39dfa0e47105f0a4c001f59162345e41295775381bc09f01e9aa7
DCA:2026-09-05T04:00:00+00:00,2026-09-05T04:00:00+00:00,2,2,5,1.25,0.75,3.75,5622713d1ad39dfa0e47105f0a4c001f59162345e41295775381bc09f01e9aa7,8f34ecb810b3f5b4173905d4fa49fb311f768310970f1776d6999ff60cff62d1
DCA:2026-09-05T08:00:00+00:00,2026-09-05T08:00:00+00:00,2,2,0,1.25,0.75,5.75,8f34ecb810b3f5b4173905d4fa49fb311f768310970f1776d6999ff60cff62d1,29a6d6a46bc6c0baaf280738f4a7f32496bd95d634efbdf3e380893d62f9b6b6
DCA:2026-09-05T12:00:00+00:00,2026-09-05T12:00:00+00:00,2,2,5.25,1.25,0.75,2.5,29a6d6a46bc6c0baaf280738f4a7f32496bd95d634efbdf3e380893d62f9b6b6,688e0e0fc28a4c9973b1a0af928d2bd513b2094e28a0731d30d7e8044cfe49ef
DCA:2026-09-05T16:00:00+00:00,2026-09-05T16:00:00+00:00,2,2,0,1.25,0.75,4.5,688e0e0fc28a4c9973b1a0af928d2bd513b2094e28a0731d30d7e8044cfe49ef,f58a49954277c42852971bda1842ed1e4023e5664ee53917588a9a375adcc2b1
DCA:2026-09-05T20:00:00+00:00,2026-09-05T20:00:00+00:00,2,2,5,1.25,0.75,1.5,f58a49954277c42852971bda1842ed1e4023e5664ee53917588a9a375adcc2b1,80daa196416c44e11fc98a30997b80c1ae16370a6708d255dd6649d610b99829
DCA:2026-09-06T00:00:00+00:00,2026-09-06T00:00:00+00:00,2,2,0,1.25,0.75,3.5,80daa196416c44e11fc98a30997b80c1ae16370a6708d255dd6649d610b99829,360dbb2c045cb8da82a6267bcdad5a0069e5fd95a6a104d91f50f79aed5ffe13
DCA:2026-09-06T04:00:00+00:00,2026-09-06T04:00:00+00:00,2,2,0,1.25,0.75,5.5,360dbb2c045cb8da82a6267bcdad5a0069e5fd95a6a104d91f50f79aed5ffe13,2298a34fafe8d1bbad3ec9ba67d453d6a8db518b3f680061cb1256f346e514f7
DCA:2026-09-06T08:00:00+00:00,2026-09-06T08:00:00+00:00,2,2,0,1.25,0.75,7.5,2298a34fafe8d1bbad3ec9ba67d453d6a8db518b3f680061cb1256f346e514f7,216c66458f708b653462438979a9ef054f496a1cb9d28972be0af4ae22077da8
DCA:2026-09-06T12:00:00+00:00,2026-09-06T12:00:00+00:00,2,2,5,1.25,0.75,4.5,216c66458f708b653462438979a9ef054f496a1cb9d28972be0af4ae22077da8,547efee80e0da6d671cf0f345bf17451b9b437554fdc9a2e70f3476c026b2663
DCA:2026-09-06T16:00:00+00:00,2026-09-06T16:00:00+00:00,2,2,5.25,1.25,0.75,1.25,547efee80e0da6d671cf0f345bf17451b9b437554fdc9a2e70f3476c026b2663,21dbb71f187f3d68d388fb9f32d791f4cc79b7ec97784aa40cbf63e7c8f71787
DCA:2026-09-06T20:00:00+00:00,2026-09-06T20:00:00+00:00,2,2,0,1.25,0.75,3.25,21dbb71f187f3d68d388fb9f32d791f4cc79b7ec97784aa40cbf63e7c8f71787,f306bc2e7df749de56cf85350628339fc127f84af197bc655afc90c2bc5b793b
DCA:2026-09-07T00:00:00+00:00,2026-09-07T00:00:00+00:00,2,2,0,1.25,0.75,5.25,f306bc2e7df749de56cf85350628339fc127f84af197bc655afc90c2bc5b793b,584422983065f2325f8ac330cbfc2e828bdb539cad3ee7f9fdbe570f37203b5a
DCA:2026-09-07T04:00:00+00:00,2026-09-07T04:00:00+00:00,2,2,5,1.25,0.75,2.25,584422983065f2325f8ac330cbfc2e828bdb539cad3ee7f9fdbe570f37203b5a,2f66ad948364e4c83831d4e8541623a13b86752be700502a16c9acdc5e35876c
DCA:2026-09-07T08:00:00+00:00,2026-09-07T08:00:00+00:00,2,2,0,1.25,0.75,4.25,2f66ad948364e4c83831d4e8541623a13b86752be700502a16c9acdc5e35876c,e8b138f3e8d675636823113faab86e026062890ebc79838dea74513a4de4334c
DCA:2026-09-07T12:00:00+00:00,2026-09-07T12:00:00+00:00,2,2,0,1.25,0.75,6.25,e8b138f3e8d675636823113faab86e026062890ebc79838dea74513a4de4334c,df2165ba275386d7bfc5f6cc528f0a9c44da682a01ceb246b4821fc18215fd49
DCA:2026-09-07T16:00:00+00:00,2026-09-07T16:00:00+00:00,2,2,0,1.25,0.75,8.25,df2165ba275386d7bfc5f6cc528f0a9c44da682a01ceb246b4821fc18215fd49,d20aed24f4baf00af623d6efa66efa03c74ca98abb6df8ae9bc9d9ca289fb914
DCA:2026-09-07T20:00:00+00:00,2026-09-07T20:00:00+00:00,2,2,10.25,1.25,0.75,0,d20aed24f4baf00af623d6efa66efa03c74ca98abb6df8ae9bc9d9ca289fb914,b3e87e3d8f7810c4c023c74621ead993b61b09f872965eb35d6a5a586ab2631f
DCA:2026-09-08T00:00:00+00:00,2026-09-08T00:00:00+00:00,2,2,0,1.25,0.75,2,b3e87e3d8f7810c4c023c74621ead993b61b09f872965eb35d6a5a586ab2631f,bdfad7bf7f1aa84ffe438357deb638fe46f94e60eb717dcbad7420343d81402b
DCA:2026-09-08T04:00:00+00:00,2026-09-08T04:00:00+00:00,2,2,0,1.25,0.75,4,bdfad7bf7f1aa84ffe438357deb638fe46f94e60eb717dcbad7420343d81402b,8026358ab927bdab2c329661a60596b39cc79a21017399708accc367209b9341
DCA:2026-09-08T08:00:00+00:00,2026-09-08T08:00:00+00:00,2,2,0,1.25,0.75,6,8026358ab927bdab2c329661a60596b39cc79a21017399708accc367209b9341,169d1d08052020b84665293e460fe919c8f9d3984ad46be91ade03f19ac29977
DCA:2026-09-08T12:00:00+00:00,2026-09-08T12:00:00+00:00,2,2,5,1.25,0.75,3,169d1d08052020b84665293e460fe919c8f9d3984ad46be91ade03f19ac29977,e79aa5772d45cae29fb7a2c22bace0f3b09cb30c7770becf37eb4eaae3b0bccc
DCA:2026-09-08T16:00:00+00:00,2026-09-08T16:00:00+00:00,2,2,0,1.25,0.75,5,e79aa5772d45cae29fb7a2c22bace0f3b09cb30c7770becf37eb4eaae3b0bccc,f12ef6ed46c1d1cdf43a0cf28e86ad73f5c4f39e17a8e1a5818a1038b6eaf7a1
DCA:2026-09-08T20:00:00+00:00,2026-09-08T20:00:00+00:00,2,2,0,1.25,0.75,7,f12ef6ed46c1d1cdf43a0cf28e86ad73f5c4f39e17a8e1a5818a1038b6eaf7a1,caad9243fb88c7a125bf07eff5f19837216b4e254279f7dfa123393c296852d4
DCA:2026-09-09T00:00:00+00:00,2026-09-09T00:00:00+00:00,2,2,5.25,1.25,0.75,3.75,caad9243fb88c7a125bf07eff5f19837216b4e254279f7dfa123393c296852d4,76f8d44941e833a81a7e7b152332862fbb7c72499605bb70d7ae7335bc9a1031
DCA:2026-09-09T04:00:00+00:00,2026-09-09T04:00:00+00:00,2,2,5,1.25,0.75,0.75,76f8d44941e833a81a7e7b152332862fbb7c72499605bb70d7ae7335bc9a1031,2387819118622ceaccf1200e862a2cbb3a54464355d2be8e29067d06cc22af36
DCA:2026-09-09T08:00:00+00:00,2026-09-09T08:00:00+00:00,2,2,0,1.25,0.75,2.75,2387819118622ceaccf1200e862a2cbb3a54464355d2be8e29067d06cc22af36,8afab397f66d6a75696caec156ac5b572eb8d9fe704b9d52951487576c3b3e73
DCA:2026-09-09T12:00:00+00:00,2026-09-09T12:00:00+00:00,2,2,0,1.25,0.75,4.75,8afab397f66d6a75696caec156ac5b572eb8d9fe704b9d52951487576c3b3e73,61d276516173019cb48079fe1c2183a34046efe9e943b8155cc5abf4e4c97d58
DCA:2026-09-09T16:00:00+00:00,2026-09-09T16:00:00+00:00,2,2,0,1.25,0.75,6.75,61d276516173019cb48079fe1c2183a34046efe9e943b8155cc5abf4e4c97d58,4f8ce20774e1c6ec8a5c49432e0229075666e471cdbae53d1d13af70d4c62590
DCA:2026-09-09T20:00:00+00:00,2026-09-09T20:00:00+00:00,2,2,5,1.25,0.75,3.75,4f8ce20774e1c6ec8a5c49432e0229075666e471cdbae53d1d13af70d4c62590,5065d44812cb449ce84609a5dd5b234e31746f14442147b2f49069f6a8d22d53
DCA:2026-09-10T00:00:00+00:00,2026-09-10T00:00:00+00:00,2,2,0,1.25,0.75,5.75,5065d44812cb449ce84609a5dd5b234e31746f14442147b2f49069f6a8d22d53,377674d095dc6f096723f046cec72734cfdc2a96260a3ab93037570c1f184b99
DCA:2026-09-10T04:00:00+00:00,2026-09-10T04:00:00+00:00,2,2,5.25,1.25,0.75,2.5,377674d095dc6f096723f046cec72734cfdc2a96260a3ab93037570c1f184b99,a8d315367ec568035c0b9d5536ebc22fb145e8a89c98bb3503302c29c8c98122
DCA:2026-09-10T08:00:00+00:00,2026-09-10T08:00:00+00:00,2,2,0,1.25,0.75,4.5,a8d315367ec568035c0b9d5536ebc22fb145e8a89c98bb3503302c29c8c98122,cb586109c0da2c2a14e3e579afeeba8f3f28d6695d1db43d28aefcaa4a37740f
DCA:2026-09-10T12:00:00+00:00,2026-09-10T12:00:00+00:00,2,2,5,1.25,0.75,1.5,cb586109c0da2c2a14e3e579afeeba8f3f28d6695d1db43d28aefcaa4a37740f,9cf97d053072c7d5b5d9a5b167360644ae83515e583c77ccc32baf0fbffc4f82
DCA:2026-09-10T16:00:00+00:00,2026-09-10T16:00:00+00:00,2,2,0,1.25,0.75,3.5,9cf97d053072c7d5b5d9a5b167360644ae83515e583c77ccc32baf0fbffc4f82,4f8f626484fe6672f0d0f90ad25605c268e8097f84f9e206cacb0124a091c641
DCA:2026-09-10T20:00:00+00:00,2026-09-10T20:00:00+00:00,2,2,0,1.25,0.75,5.5,4f8f626484fe6672f0d0f90ad25605c268e8097f84f9e206cacb0124a091c641,73a0e515588dba2fca889573cb4cd51b2bd6dd86bedc4ea2b5cd3752706aec87
DCA:2026-09-11T00:00:00+00:00,2026-09-11T00:00:00+00:00,2,2,0,1.25,0.75,7.5,73a0e515588dba2fca889573cb4cd51b2bd6dd86bedc4ea2b5cd3752706aec87,d4c03ef60926280fdfc3a12e2c4fa3997a426c67e4f22bc0afcfec1e68a43254
DCA:2026-09-11T04:00:00+00:00,2026-09-11T04:00:00+00:00,2,2,5,1.25,0.75,4.5,d4c03ef60926280fdfc3a12e2c4fa3997a426c67e4f22bc0afcfec1e68a43254,5867cd35f12d9ab917edfcef070859979f5770bc99fcd379a6cced9185062af1
DCA:2026-09-11T08:00:00+00:00,2026-09-11T08:00:00+00:00,2,2,5.25,1.25,0.75,1.25,5867cd35f12d9ab917edfcef070859979f5770bc99fcd379a6cced9185062af1,5ea9176783616c014f5f62765f079c1577f8864dada0ffa55e1e8e6ce863eb03
DCA:2026-09-11T12:00:00+00:00,2026-09-11T12:00:00+00:00,2,2,0,1.25,0.75,3.25,5ea9176783616c014f5f62765f079c1577f8864dada0ffa55e1e8e6ce863eb03,f9c2f88ea87371c8c015ca504bba7161ba54f9e35200375b3548e7624c49596f
DCA:2026-09-11T16:00:00+00:00,2026-09-11T16:00:00+00:00,2,2,0,2,0,5.25,f9c2f88ea87371c8c015ca504bba7161ba54f9e35200375b3548e7624c49596f,d73a81be4f1f36f41db82c7216a69353d3c3061e435d65379b812ddb3406478a
DCA:2026-09-11T20:00:00+00:00,2026-09-11T20:00:00+00:00,2,2,6.5,2,0,0.75,d73a81be4f1f36f41db82c7216a69353d3c3061e435d65379b812ddb3406478a,56b6a5b3762ed7dad81a76fef3437e08a0d4323a548ca32deb01f9d970b45320
DCA:2026-09-12T00:00:00+00:00,2026-09-12T00:00:00+00:00,2,2,0,1.25,0.75,2.75,56b6a5b3762ed7dad81a76fef3437e08a0d4323a548ca32deb01f9d970b45320,e1e6f027595dae1ff5543fb7711d913547e7fd91c2841cda6763295253d6fa0b
DCA:2026-09-12T04:00:00+00:00,2026-09-12T04:00:00+00:00,2,2,0,1.25,0.75,4.75,e1e6f027595dae1ff5543fb7711d913547e7fd91c2841cda6763295253d6fa0b,76139dbb67c49eedde079f7bcfac0616ad0b7a7a370a64abd93326d5a40b5859
DCA:2026-09-12T08:00:00+00:00,2026-09-12T08:00:00+00:00,2,2,0,2,0,6.75,76139dbb67c49eedde079f7bcfac0616ad0b7a7a370a64abd93326d5a40b5859,976eb7e9ca8201860669ee7ddea3731e7a003d2f9255d253e1411e39d4b0b274
DCA:2026-09-12T12:00:00+00:00,2026-09-12T12:00:00+00:00,2,2,6.5,2,0,2.25,976eb7e9ca8201860669ee7ddea3731e7a003d2f9255d253e1411e39d4b0b274,9489f4b560af73e3bf6a55f266213872c91fed48e088118960937dd5eb79aa15
DCA:2026-09-12T16:00:00+00:00,2026-09-12T16:00:00+00:00,2,2,0,2,0,4.25,9489f4b560af73e3bf6a55f266213872c91fed48e088118960937dd5eb79aa15,4ec6a9b4e15afcc4ee7579224a85962df8cbe1c611bc72b3eed92f9b43386dba
DCA:2026-09-12T20:00:00+00:00,2026-09-12T20:00:00+00:00,2,2,0,2,0,6.25,4ec6a9b4e15afcc4ee7579224a85962df8cbe1c611bc72b3eed92f9b43386dba,e763e7e0f8d747952141a9915253e5be62588180505470125970ea578e32c74f
DCA:2026-09-13T00:00:00+00:00,2026-09-13T00:00:00+00:00,2,2,6,2,0,2.25,e763e7e0f8d747952141a9915253e5be62588180505470125970ea578e32c74f,f7487d5c99f3ec2ecd470ba68b8ef0ce847b3a9e5e45fc0b20f4d0a6743021ed
DCA:2026-09-13T04:00:00+00:00,2026-09-13T04:00:00+00:00,2,2,0,2,0,4.25,f7487d5c99f3ec2ecd470ba68b8ef0ce847b3a9e5e45fc0b20f4d0a6743021ed,3ec2da2d677281508999448c0431c813b32d980bc659655223e5fc61c37d53b6
DCA:2026-09-13T08:00:00+00:00,2026-09-13T08:00:00+00:00,2,2,0,2,0,6.25,3ec2da2d677281508999448c0431c813b32d980bc659655223e5fc61c37d53b6,a13908c2f9614790a90ae41f56336490a485eb25d06d732bcd1b23941af76612
DCA:2026-09-13T12:00:00+00:00,2026-09-13T12:00:00+00:00,2,2,5.25,1.25,0.75,3,a13908c2f9614790a90ae41f56336490a485eb25d06d732bcd1b23941af76612,b53462f840760d315d6b38dc5b5a16748d6890a032494a21aa626f91f479730c
DCA:2026-09-13T16:00:00+00:00,2026-09-13T16:00:00+00:00,2,2,0,1.25,0.75,5,b53462f840760d315d6b38dc5b5a16748d6890a032494a21aa626f91f479730c,64b8cf60a4092e51ec4011e45675c4164497e51918231a621678f2b51a63d882
DCA:2026-09-13T20:00:00+00:00,2026-09-13T20:00:00+00:00,2,2,0,1.25,0.75,7,64b8cf60a4092e51ec4011e45675c4164497e51918231a621678f2b51a63d882,913cb5de6ba559a68f19b8220b8f7d78c841d1d293122eb7cbd930905fa8bdd5
DCA:2026-09-14T00:00:00+00:00,2026-09-14T00:00:00+00:00,2,2,5.25,1.25,0.75,3.75,913cb5de6ba559a68f19b8220b8f7d78c841d1d293122eb7cbd930905fa8bdd5,38342e218d56b997d75b2ec35cfd4df8cb03218c3cb0640deda090375953742d
DCA:2026-09-14T04:00:00+00:00,2026-09-14T04:00:00+00:00,2,2,5,1.25,0.75,0.75,38342e218d56b997d75b2ec35cfd4df8cb03218c3cb0640deda090375953742d,b7e2f0851559ad456a3a6777062a77ec33be70da64a39006421ed285aa9def5c
DCA:2026-09-14T08:00:00+00:00,2026-09-14T08:00:00+00:00,2,2,0,1.25,0.75,2.75,b7e2f0851559ad456a3a6777062a77ec33be70da64a39006421ed285aa9def5c,e22bbb8fed67a1427093c01ea82834bbc6961141e9c582e71636209bb92a4001
DCA:2026-09-14T12:00:00+00:00,2026-09-14T12:00:00+00:00,2,2,0,1.25,0.75,4.75,e22bbb8fed67a1427093c01ea82834bbc6961141e9c582e71636209bb92a4001,a85886ba1f2347f6ec8accf3d5797d89fcda6d252fc4c442aee5496d105f95e1
DCA:2026-09-14T16:00:00+00:00,2026-09-14T16:00:00+00:00,2,2,0,1.25,0.75,6.75,a85886ba1f2347f6ec8accf3d5797d89fcda6d252fc4c442aee5496d105f95e1,f966a2e405a2552641a7bc30631f798732eba7c2121ea57e78051dada98df99d
DCA:2026-09-14T20:00:00+00:00,2026-09-14T20:00:00+00:00,2,2,5,1.25,0.75,3.75,f966a2e405a2552641a7bc30631f798732eba7c2121ea57e78051dada98df99d,0cc28ffda4cd6f95ce8d96a76ebc9ee3ae060cb532a4cab91f8c24e7e6f79fa9
DCA:2026-09-15T00:00:00+00:00,2026-09-15T00:00:00+00:00,2,2,0,1.25,0.75,5.75,0cc28ffda4cd6f95ce8d96a76ebc9ee3ae060cb532a4cab91f8c24e7e6f79fa9,2a05402aba0e452d41dacffc524d385db6445b6c5b4945b67351cc6263bac185
DCA:2026-09-15T04:00:00+00:00,2026-09-15T04:00:00+00:00,2,2,5.25,1.25,0.75,2.5,2a05402aba0e452d41dacffc524d385db6445b6c5b4945b67351cc6263bac185,287be1f5e0c8cf847337f714083d27fdd9b7463c8449d90035c91ba52f846b98
DCA:2026-09-15T08:00:00+00:00,2026-09-15T08:00:00+00:00,2,2,0,1.25,0.75,4.5,287be1f5e0c8cf847337f714083d27fdd9b7463c8449d90035c91ba52f846b98,907f576592b009985a442b28daaa1b4b0a2eea6a8b3fcb83a8675672fd01fc21
DCA:2026-09-15T12:00:00+00:00,2026-09-15T12:00:00+00:00,2,2,5,1.25,0.75,1.5,907f576592b009985a442b28daaa1b4b0a2eea6a8b3fcb83a8675672fd01fc21,c9266ad1c74e675b257a416c56f876a8145e590f505494f14b1838f50a5571f0
DCA:2026-09-15T16:00:00+00:00,2026-09-15T16:00:00+00:00,2,2,0,1.25,0.75,3.5,c9266ad1c74e675b257a416c56f876a8145e590f505494f14b1838f50a5571f0,9bf856549aa61b4a05589a4bf953f40c675112f8eb5891cefd00053a50e92c6c
DCA:2026-09-15T20:00:00+00:00,2026-09-15T20:00:00+00:00,2,2,0,1.25,0.75,5.5,9bf856549aa61b4a05589a4bf953f40c675112f8eb5891cefd00053a50e92c6c,6e1e4962f78741b09cc0ce2b22082b9691c9f1d5db7684983fae5eac9d445d41
DCA:2026-09-16T00:00:00+00:00,2026-09-16T00:00:00+00:00,2,2,0,1.25,0.75,7.5,6e1e4962f78741b09cc0ce2b22082b9691c9f1d5db7684983fae5eac9d445d41,2ee8d0f60654433b2c437f8afc27954150c5a4613f32a6e7e4868350c12b8b36
DCA:2026-09-16T04:00:00+00:00,2026-09-16T04:00:00+00:00,2,2,5,1.25,0.75,4.5,2ee8d0f60654433b2c437f8afc27954150c5a4613f32a6e7e4868350c12b8b36,1875058f2b457bccb2d623d7beb79387594fc6e95edbe9929450484c49d38b98
DCA:2026-09-16T08:00:00+00:00,2026-09-16T08:00:00+00:00,2,2,5.25,1.25,0.75,1.25,1875058f2b457bccb2d623d7beb79387594fc6e95edbe9929450484c49d38b98,e7f198a8d8abc0c44fe85635bf64526c74851c36f4c91cf10cf92b687548825b
DCA:2026-09-16T12:00:00+00:00,2026-09-16T12:00:00+00:00,2,2,0,1.25,0.75,3.25,e7f198a8d8abc0c44fe85635bf64526c74851c36f4c91cf10cf92b687548825b,056c876dfdc40727e0944dc87b659e1f5e67263e26f9fe18e42f96ce2425a794
DCA:2026-09-16T16:00:00+00:00,2026-09-16T16:00:00+00:00,2,2,0,1.25,0.75,5.25,056c876dfdc40727e0944dc87b659e1f5e67263e26f9fe18e42f96ce2425a794,2e6c22b4f667b0cc6b0c4d21fcc77011ec741a338d5b22044471777e3a834e89
DCA:2026-09-16T20:00:00+00:00,2026-09-16T20:00:00+00:00,2,2,5,1.25,0.75,2.25,2e6c22b4f667b0cc6b0c4d21fcc77011ec741a338d5b22044471777e3a834e89,8aea54c9a9bf005cdde0aa232351d5ec76287841eda5c89092c90b95e2d5120b
DCA:2026-09-17T00:00:00+00:00,2026-09-17T00:00:00+00:00,2,2,0,1.25,0.75,4.25,8aea54c9a9bf005cdde0aa232351d5ec76287841eda5c89092c90b95e2d5120b,6df625061fc5a9f644374c51ac931dcad6efd8389a6d66e825b844c16a445fe5
DCA:2026-09-17T04:00:00+00:00,2026-09-17T04:00:00+00:00,2,2,0,1.25,0.75,6.25,6df625061fc5a9f644374c51ac931dcad6efd8389a6d66e825b844c16a445fe5,07e86f4d2f39dc5205a6b939f08e7162e13bb22014706d7854857333496e123f
DCA:2026-09-17T08:00:00+00:00,2026-09-17T08:00:00+00:00,2,2,0,1.25,0.75,8.25,07e86f4d2f39dc5205a6b939f08e7162e13bb22014706d7854857333496e123f,6142d4229333a03cf6dfcd46c1f3e1db09984ccf31aece13c69091cf517d6181
DCA:2026-09-17T12:00:00+00:00,2026-09-17T12:00:00+00:00,2,2,10.25,1.25,0.75,0,6142d4229333a03cf6dfcd46c1f3e1db09984ccf31aece13c69091cf517d6181,e6d1a1954afd678538bc85daed71065ad65607e6db6a6f6c45ec461e1691e0f2
DCA:2026-09-17T16:00:00+00:00,2026-09-17T16:00:00+00:00,2,2,0,1.25,0.75,2,e6d1a1954afd678538bc85daed71065ad65607e6db6a6f6c45ec461e1691e0f2,b89aa4b2b3229dfd5e56996e9c0d9f7d411796a43383226a173a569a3ab2753c
DCA:2026-09-17T20:00:00+00:00,2026-09-17T20:00:00+00:00,2,2,0,1.25,0.75,4,b89aa4b2b3229dfd5e56996e9c0d9f7d411796a43383226a173a569a3ab2753c,ad8c68d025200bfde8c3fb9a41f2e43a28cd173389a81217a0ca64d45d46cf51
DCA:2026-09-18T00:00:00+00:00,2026-09-18T00:00:00+00:00,2,2,0,1.25,0.75,6,ad8c68d025200bfde8c3fb9a41f2e43a28cd173389a81217a0ca64d45d46cf51,588bd84795b8976598b53672de9f41d00c41c0f813e4c1aa64d491dde6c9aa9f
DCA:2026-09-18T04:00:00+00:00,2026-09-18T04:00:00+00:00,2,2,5,1.25,0.75,3,588bd84795b8976598b53672de9f41d00c41c0f813e4c1aa64d491dde6c9aa9f,516fd99c0ed971bf5b9be66e5f9cb63a3fa47d2c9982b71e86ef4a0aba348592
DCA:2026-09-18T08:00:00+00:00,2026-09-18T08:00:00+00:00,2,2,0,1.25,0.75,5,516fd99c0ed971bf5b9be66e5f9cb63a3fa47d2c9982b71e86ef4a0aba348592,34163075d3c164c0805d094240b73f4cc4dbee69acc44da54a2e74c4a516c7d9
DCA:2026-09-18T12:00:00+00:00,2026-09-18T12:00:00+00:00,2,2,0,1.25,0.75,7,34163075d3c164c0805d094240b73f4cc4dbee69acc44da54a2e74c4a516c7d9,2fa07a15ea252c5aa9673997c11a464e524068563aff60cf45e58277b14e9031
DCA:2026-09-18T16:00:00+00:00,2026-09-18T16:00:00+00:00,2,2,5.25,1.25,0.75,3.75,2fa07a15ea252c5aa9673997c11a464e524068563aff60cf45e58277b14e9031,bf0f1c5dfce7a81efd81d6bf852a5cd7be3b4a6973a1b3d7f043a56e6a37cb3c
DCA:2026-09-18T20:00:00+00:00,2026-09-18T20:00:00+00:00,2,2,5,1.25,0.75,0.75,bf0f1c5dfce7a81efd81d6bf852a5cd7be3b4a6973a1b3d7f043a56e6a37cb3c,ccb4dce350162abd3728c0d48716f5f93e4dc28df5f3ddcdc298c3ab02aa4ec1
DCA:2026-09-19T00:00:00+00:00,2026-09-19T00:00:00+00:00,2,2,0,1.25,0.75,2.75,ccb4dce350162abd3728c0d48716f5f93e4dc28df5f3ddcdc298c3ab02aa4ec1,8611e669cc462cb8bb23dd5c6fa9ebc877ce43a6e21f76c649fbed69655b0605
DCA:2026-09-19T04:00:00+00:00,2026-09-19T04:00:00+00:00,2,2,0,1.25,0.75,4.75,8611e669cc462cb8bb23dd5c6fa9ebc877ce43a6e21f76c649fbed69655b0605,c0122e8f47096f2700c49fc00f6a479429b192b6169f5fd7648c7e608b4309b0
DCA:2026-09-19T08:00:00+00:00,2026-09-19T08:00:00+00:00,2,2,0,1.25,0.75,6.75,c0122e8f47096f2700c49fc00f6a479429b192b6169f5fd7648c7e608b4309b0,0c34bcc828234753b8f8be2f4474723633daed13195b9b7e29dc8be247729b32
DCA:2026-09-19T12:00:00+00:00,2026-09-19T12:00:00+00:00,2,2,5,1.25,0.75,3.75,0c34bcc828234753b8f8be2f4474723633daed13195b9b7e29dc8be247729b32,1ac04a7ed7a2e68d0414c7d7dffae1cec25ed9b0e5e6809a12a6cd608c89496e
DCA:2026-09-19T16:00:00+00:00,2026-09-19T16:00:00+00:00,2,2,0,1.25,0.75,5.75,1ac04a7ed7a2e68d0414c7d7dffae1cec25ed9b0e5e6809a12a6cd608c89496e,65d3e1be02d3d8de40092ca850b43e379c5cbffc3e708fa934319c97b0e1b3c0
DCA:2026-09-19T20:00:00+00:00,2026-09-19T20:00:00+00:00,2,2,5.25,1.25,0.75,2.5,65d3e1be02d3d8de40092ca850b43e379c5cbffc3e708fa934319c97b0e1b3c0,dffb81c85b1971ccb0bf74926b128d563fa3fde957ae993317cb58a0ae2cdeea
DCA:2026-09-20T00:00:00+00:00,2026-09-20T00:00:00+00:00,2,2,0,1.25,0.75,4.5,dffb81c85b1971ccb0bf74926b128d563fa3fde957ae993317cb58a0ae2cdeea,4d778be0edc7e194a4cfd8c978c0e69547354f2c508bb47f0975437179c87bdd
DCA:2026-09-20T04:00:00+00:00,2026-09-20T04:00:00+00:00,2,2,5,1.25,0.75,1.5,4d778be0edc7e194a4cfd8c978c0e69547354f2c508bb47f0975437179c87bdd,a1d560556c51e6696d6a771984509a997c8cceb56e97ecba436a97e61facbb87
DCA:2026-09-20T08:00:00+00:00,2026-09-20T08:00:00+00:00,2,2,0,1.25,0.75,3.5,a1d560556c51e6696d6a771984509a997c8cceb56e97ecba436a97e61facbb87,deeb1f6995eaa0f3888acfdae309b99e4b231a4ee89d5fccbec40870ebf942d0
DCA:2026-09-20T12:00:00+00:00,2026-09-20T12:00:00+00:00,2,2,0,1.25,0.75,5.5,deeb1f6995eaa0f3888acfdae309b99e4b231a4ee89d5fccbec40870ebf942d0,da91532d81fd71900545b394f3b197d0a8bae8a075d1f38b25bfa59cfa83c2b3
DCA:2026-09-20T16:00:00+00:00,2026-09-20T16:00:00+00:00,2,2,0,1.25,0.75,7.5,da91532d81fd71900545b394f3b197d0a8bae8a075d1f38b25bfa59cfa83c2b3,d65021ec21ef245cc6a5a718e2e39db63a43c29c624740ec162b6a3b1deb82aa
DCA:2026-09-20T20:00:00+00:00,2026-09-20T20:00:00+00:00,2,2,5,1.25,0.75,4.5,d65021ec21ef245cc6a5a718e2e39db63a43c29c624740ec162b6a3b1deb82aa,0684a93f41f38f86a2191f2f1806a928517884babace1bc3c2bc53cc46768add
DCA:2026-09-21T00:00:00+00:00,2026-09-21T00:00:00+00:00,2,2,5.25,1.25,0.75,1.25,0684a93f41f38f86a2191f2f1806a928517884babace1bc3c2bc53cc46768add,30db444cb4b8ba74fa10771be9aa2a43b9d68e97a7058f8bd4a3a5a15874963e
DCA:2026-09-21T04:00:00+00:00,2026-09-21T04:00:00+00:00,2,2,0,2,0,3.25,30db444cb4b8ba74fa10771be9aa2a43b9d68e97a7058f8bd4a3a5a15874963e,9e44e81b608932bd6ff24d4f0d863afa0fd1fcf17b242c1cd07a1fa6445b04f0
DCA:2026-09-21T08:00:00+00:00,2026-09-21T08:00:00+00:00,2,2,0,1.25,0.75,5.25,9e44e81b608932bd6ff24d4f0d863afa0fd1fcf17b242c1cd07a1fa6445b04f0,13930d4ba6e4c9aeace2a338236e75849adf96e69085a11c5681cd42f6aa9fbe
DCA:2026-09-21T12:00:00+00:00,2026-09-21T12:00:00+00:00,2,2,5.75,1.25,0.75,1.5,13930d4ba6e4c9aeace2a338236e75849adf96e69085a11c5681cd42f6aa9fbe,a7680de27934ac5ab6e2450963b9f010ae5d36069bfbcb0b8e5249b66d1aacc7
DCA:2026-09-21T16:00:00+00:00,2026-09-21T16:00:00+00:00,2,2,0,1.25,0.75,3.5,a7680de27934ac5ab6e2450963b9f010ae5d36069bfbcb0b8e5249b66d1aacc7,847091c6eca3af0d0da8f265d2fa018362e6c0715570ba984f2482a9b936d9e1
DCA:2026-09-21T20:00:00+00:00,2026-09-21T20:00:00+00:00,2,2,0,1.25,0.75,5.5,847091c6eca3af0d0da8f265d2fa018362e6c0715570ba984f2482a9b936d9e1,ede4de481c3027e7d3996a4afd9de06f77ad2e14d5680ff72b5fadb423428764
DCA:2026-09-22T00:00:00+00:00,2026-09-22T00:00:00+00:00,2,2,0,1.25,0.75,7.5,ede4de481c3027e7d3996a4afd9de06f77ad2e14d5680ff72b5fadb423428764,3e44c0080b5a50997e2cf4b47a3f79a42cda62680f402589d25713c31be69730
DCA:2026-09-22T04:00:00+00:00,2026-09-22T04:00:00+00:00,2,2,5,1.25,0.75,4.5,3e44c0080b5a50997e2cf4b47a3f79a42cda62680f402589d25713c31be69730,837b0d001d0516c47c5c4a85ee7b17408f8071e30de22268d5ea869dd37b50d9
DCA:2026-09-22T08:00:00+00:00,2026-09-22T08:00:00+00:00,2,2,5.25,1.25,0.75,1.25,837b0d001d0516c47c5c4a85ee7b17408f8071e30de22268d5ea869dd37b50d9,5afc4c3bd159047cea5877d04bc3f12ec282f195fe2200f371bd7b2068aec92c
DCA:2026-09-22T12:00:00+00:00,2026-09-22T12:00:00+00:00,2,2,0,1.25,0.75,3.25,5afc4c3bd159047cea5877d04bc3f12ec282f195fe2200f371bd7b2068aec92c,f2489f7ac6c35279437c0e73fc0d1ce28df8c83bb7f33167adf5827060e0e2ad
DCA:2026-09-22T16:00:00+00:00,2026-09-22T16:00:00+00:00,2,2,0,1.25,0.75,5.25,f2489f7ac6c35279437c0e73fc0d1ce28df8c83bb7f33167adf5827060e0e2ad,b0ecf575f80ece05b58e11b6432a0aafa252f62c6683d9939fd7e9801fb81330
DCA:2026-09-22T20:00:00+00:00,2026-09-22T20:00:00+00:00,2,2,5,1.25,0.75,2.25,b0ecf575f80ece05b58e11b6432a0aafa252f62c6683d9939fd7e9801fb81330,b4183629ec407c13b68f9ac9331e6ee2c59cab1f9cb41a26660f5b594ddcfb1f
DCA:2026-09-23T00:00:00+00:00,2026-09-23T00:00:00+00:00,2,2,0,1.25,0.75,4.25,b4183629ec407c13b68f9ac9331e6ee2c59cab1f9cb41a26660f5b594ddcfb1f,f010a17024762472304fdd04840b0acd412e01237fe562209ddec064496ed0d7
DCA:2026-09-23T04:00:00+00:00,2026-09-23T04:00:00+00:00,2,2,0,1.25,0.75,6.25,f010a17024762472304fdd04840b0acd412e01237fe562209ddec064496ed0d7,d8ed697d74e92cc546e976f27b72e0d52f747309788145ae7dbe20924cec6721
DCA:2026-09-23T08:00:00+00:00,2026-09-23T08:00:00+00:00,2,2,0,1.25,0.75,8.25,d8ed697d74e92cc546e976f27b72e0d52f747309788145ae7dbe20924cec6721,d6d12d6129f591c773b19dcdcbd82720ea9c84c14e64ab6775e2215ffe345bd0
DCA:2026-09-23T12:00:00+00:00,2026-09-23T12:00:00+00:00,2,2,10.25,1.25,0.75,0,d6d12d6129f591c773b19dcdcbd82720ea9c84c14e64ab6775e2215ffe345bd0,ec07e43398c1e449169c3cf63c75cbf25c9f4761916350ced3b770a2748c23d6
DCA:2026-09-23T16:00:00+00:00,2026-09-23T16:00:00+00:00,2,2,0,1.25,0.75,2,ec07e43398c1e449169c3cf63c75cbf25c9f4761916350ced3b770a2748c23d6,646210bea98957c6d5b132557096bd52062ca439beaf6eef844acd6df5046934
DCA:2026-09-23T20:00:00+00:00,2026-09-23T20:00:00+00:00,2,2,0,1.25,0.75,4,646210bea98957c6d5b132557096bd52062ca439beaf6eef844acd6df5046934,1e04c7a586fab7d80837605c2264fa4f86284b0a76e1fe35d9da4248a3d1c542
DCA:2026-09-24T00:00:00+00:00,2026-09-24T00:00:00+00:00,2,2,0,1.25,0.75,6,1e04c7a586fab7d80837605c2264fa4f86284b0a76e1fe35d9da4248a3d1c542,1d4e14a84b40839f4dacc99c3f0e21c32cca923eeffde0f19e904cce0ae0f651
DCA:2026-09-24T04:00:00+00:00,2026-09-24T04:00:00+00:00,2,2,5,1.25,0.75,3,1d4e14a84b40839f4dacc99c3f0e21c32cca923eeffde0f19e904cce0ae0f651,11411439b65461b86d07405176d5062fa862ab13581d38dfbc86fa880d5402ba
DCA:2026-09-24T08:00:00+00:00,2026-09-24T08:00:00+00:00,2,2,0,1.25,0.75,5,11411439b65461b86d07405176d5062fa862ab13581d38dfbc86fa880d5402ba,f0dbfeac54112975468c0e4374e44bcf6296c21bd2aad48b29ae521e067f0cbd
DCA:2026-09-24T12:00:00+00:00,2026-09-24T12:00:00+00:00,2,2,0,1.25,0.75,7,f0dbfeac54112975468c0e4374e44bcf6296c21bd2aad48b29ae521e067f0cbd,327ea742d74f0296959cf51a0222c1f5a14b3cf6d4c878f87117dd594cd33f2c
DCA:2026-09-24T16:00:00+00:00,2026-09-24T16:00:00+00:00,2,2,5.25,1.25,0.75,3.75,327ea742d74f0296959cf51a0222c1f5a14b3cf6d4c878f87117dd594cd33f2c,75d6e1712fbde9519e8ed996c9ed892bfa7c3bc292103ea26e9d27ec2cd704d7
DCA:2026-09-24T20:00:00+00:00,2026-09-24T20:00:00+00:00,2,2,5,1.25,0.75,0.75,75d6e1712fbde9519e8ed996c9ed892bfa7c3bc292103ea26e9d27ec2cd704d7,372edfa40a1bfcb14cb624a6767b584c154e003f6b834880c0375977db935c05
DCA:2026-09-25T00:00:00+00:00,2026-09-25T00:00:00+00:00,2,2,0,1.25,0.75,2.75,372edfa40a1bfcb14cb624a6767b584c154e003f6b834880c0375977db935c05,e924fe050fecf6f3bea1b0566d70d97661cc6f148245975d7b1aaede664df786
DCA:2026-09-25T04:00:00+00:00,2026-09-25T04:00:00+00:00,2,2,0,1.25,0.75,4.75,e924fe050fecf6f3bea1b0566d70d97661cc6f148245975d7b1aaede664df786,5b4b0c984c86e103b4d19e603e3bc58e181e5e59f67673bf5645a21926c34b28
DCA:2026-09-25T08:00:00+00:00,2026-09-25T08:00:00+00:00,2,2,0,1.25,0.75,6.75,5b4b0c984c86e103b4d19e603e3bc58e181e5e59f67673bf5645a21926c34b28,0b879959a4ec51cc46f365d5df2af10fa75e1502b7bdcf7d37922f2b6af6a603
DCA:2026-09-25T12:00:00+00:00,2026-09-25T12:00:00+00:00,2,2,5,1.25,0.75,3.75,0b879959a4ec51cc46f365d5df2af10fa75e1502b7bdcf7d37922f2b6af6a603,16fbb06b2e69be5c6671c5ea48f3ee297b74b4a7a82600b8cfd349a9ec885bf2
DCA:2026-09-25T16:00:00+00:00,2026-09-25T16:00:00+00:00,2,2,0,1.25,0.75,5.75,16fbb06b2e69be5c6671c5ea48f3ee297b74b4a7a82600b8cfd349a9ec885bf2,e51d7889042bc6d96e13607764673e3f682316efee31b11e9fc4c1c93de38436
DCA:2026-09-25T20:00:00+00:00,2026-09-25T20:00:00+00:00,2,2,5.25,1.25,0.75,2.5,e51d7889042bc6d96e13607764673e3f682316efee31b11e9fc4c1c93de38436,78decc6883eb07996ba111d76d5cd7d98dc1d1fb5e9723594cad5a3e8985ba88
DCA:2026-09-26T00:00:00+00:00,2026-09-26T00:00:00+00:00,2,2,0,1.25,0.75,4.5,78decc6883eb07996ba111d76d5cd7d98dc1d1fb5e9723594cad5a3e8985ba88,6a7315e360550c8f1563fcbae2606fc4c36c8b15d8cab4ce722a5ff2250f69e6
DCA:2026-09-26T04:00:00+00:00,2026-09-26T04:00:00+00:00,2,2,5,1.25,0.75,1.5,6a7315e360550c8f1563fcbae2606fc4c36c8b15d8cab4ce722a5ff2250f69e6,e123db5e817897cc4308cd9c98c91cc4552d9bddc7b0969cdf44f834eb282e7f
DCA:2026-09-26T08:00:00+00:00,2026-09-26T08:00:00+00:00,2,2,0,1.25,0.75,3.5,e123db5e817897cc4308cd9c98c91cc4552d9bddc7b0969cdf44f834eb282e7f,8631d08378e77685addbebad613eec4de05800f8b3c00415bced347e6d35207c
DCA:2026-09-26T12:00:00+00:00,2026-09-26T12:00:00+00:00,2,2,0,1.25,0.75,5.5,8631d08378e77685addbebad613eec4de05800f8b3c00415bced347e6d35207c,dfa5b0cdf2e078b80187cf92a99690028f4ffc4abfb020972cbe7bbf8cef0330
DCA:2026-09-26T16:00:00+00:00,2026-09-26T16:00:00+00:00,2,2,0,1.25,0.75,7.5,dfa5b0cdf2e078b80187cf92a99690028f4ffc4abfb020972cbe7bbf8cef0330,1d6ded335b098d8a3b7d30d1b98b8df681fc738aadc6c464ff034fc9ebbae058
DCA:2026-09-26T20:00:00+00:00,2026-09-26T20:00:00+00:00,2,2,5,1.25,0.75,4.5,1d6ded335b098d8a3b7d30d1b98b8df681fc738aadc6c464ff034fc9ebbae058,c3e3334c85de6bebad91f73cea03ebcdadd17e55e0fa4b30c66c4309a578cabb
DCA:2026-09-27T00:00:00+00:00,2026-09-27T00:00:00+00:00,2,2,5.25,1.25,0.75,1.25,c3e3334c85de6bebad91f73cea03ebcdadd17e55e0fa4b30c66c4309a578cabb,b5b6f049834481f15a5b2865c74141c31aa8ee79d161102a067c71188fac6d2b
DCA:2026-09-27T04:00:00+00:00,2026-09-27T04:00:00+00:00,2,2,0,1.25,0.75,3.25,b5b6f049834481f15a5b2865c74141c31aa8ee79d161102a067c71188fac6d2b,d14645bd8e76b837081f5ae69250c88815301c6719df81a01aaca67b75d54ac5
DCA:2026-09-27T08:00:00+00:00,2026-09-27T08:00:00+00:00,2,2,0,1.25,0.75,5.25,d14645bd8e76b837081f5ae69250c88815301c6719df81a01aaca67b75d54ac5,5c27df3c76c2a9110b18a329c4428aef0b53b2dba1426f8e476a6607c503c678
DCA:2026-09-27T12:00:00+00:00,2026-09-27T12:00:00+00:00,2,2,5,1.25,0.75,2.25,5c27df3c76c2a9110b18a329c4428aef0b53b2dba1426f8e476a6607c503c678,964e72e2bc189dc0a4f05ca8251807b77e03544027b54227b420c3c77132fe92
DCA:2026-09-27T16:00:00+00:00,2026-09-27T16:00:00+00:00,2,2,0,1.25,0.75,4.25,964e72e2bc189dc0a4f05ca8251807b77e03544027b54227b420c3c77132fe92,e3ea198e7a616dd7d1f6bf8d5b2e15b78b289df59421828ec85d2cf6c3eadd65
DCA:2026-09-27T20:00:00+00:00,2026-09-27T20:00:00+00:00,2,2,0,1.25,0.75,6.25,e3ea198e7a616dd7d1f6bf8d5b2e15b78b289df59421828ec85d2cf6c3eadd65,da3e33fc57feaa1facbaddfa0dd5f6a9795f3ef0935e9d03c61d9298c7b43084
DCA:2026-09-28T00:00:00+00:00,2026-09-28T00:00:00+00:00,2,2,0,1.25,0.75,8.25,da3e33fc57feaa1facbaddfa0dd5f6a9795f3ef0935e9d03c61d9298c7b43084,8d2fd47e2160c96b11c212e7bb7a026a788abff897d4680c83ef6ad6caeb9362
DCA:2026-09-28T04:00:00+00:00,2026-09-28T04:00:00+00:00,2,2,10.25,1.25,0.75,0,8d2fd47e2160c96b11c212e7bb7a026a788abff897d4680c83ef6ad6caeb9362,6aba6d510530469cd1a23519647210c5fa6f9a4d8ee38a3fbd62af3e64ddfd3d
DCA:2026-09-28T08:00:00+00:00,2026-09-28T08:00:00+00:00,2,2,0,1.25,0.75,2,6aba6d510530469cd1a23519647210c5fa6f9a4d8ee38a3fbd62af3e64ddfd3d,d041266fe75446b57f0c0c8524db94476808f59df48d50fbe965a23263cca86f
DCA:2026-09-28T12:00:00+00:00,2026-09-28T12:00:00+00:00,2,2,0,1.25,0.75,4,d041266fe75446b57f0c0c8524db94476808f59df48d50fbe965a23263cca86f,e882c434836084e55f82c9ce83903808fde42bda15327f27b61bf55ad0116f22
DCA:2026-09-28T16:00:00+00:00,2026-09-28T16:00:00+00:00,2,2,0,1.25,0.75,6,e882c434836084e55f82c9ce83903808fde42bda15327f27b61bf55ad0116f22,bc1ea47618bb699a5bd4e631beb700c8c60319388a49c100b755c902d5ed1a85
DCA:2026-09-28T20:00:00+00:00,2026-09-28T20:00:00+00:00,2,2,5,1.25,0.75,3,bc1ea47618bb699a5bd4e631beb700c8c60319388a49c100b755c902d5ed1a85,ae716adab4fa96882bd684a62a584bcd1f0a00d6e59a79f1d8339ab7f3d62e05
DCA:2026-09-29T00:00:00+00:00,2026-09-29T00:00:00+00:00,2,2,0,1.25,0.75,5,ae716adab4fa96882bd684a62a584bcd1f0a00d6e59a79f1d8339ab7f3d62e05,06b22a509b73479a59119d62377d09b7e1715a30020284a1a4689052eb3e03a7
DCA:2026-09-29T04:00:00+00:00,2026-09-29T04:00:00+00:00,2,2,0,1.25,0.75,7,06b22a509b73479a59119d62377d09b7e1715a30020284a1a4689052eb3e03a7,bdf9c2a4777f44c8594cdaea1bbf4269b693639c0f795d32bb81eb11e87e8898
DCA:2026-09-29T08:00:00+00:00,2026-09-29T08:00:00+00:00,2,2,5.25,1.25,0.75,3.75,bdf9c2a4777f44c8594cdaea1bbf4269b693639c0f795d32bb81eb11e87e8898,52f49982279076e3ab9081a4ac03fe0421bf15ba4015af4e8c4fcc0595416525
DCA:2026-09-29T12:00:00+00:00,2026-09-29T12:00:00+00:00,2,2,5,1.25,0.75,0.75,52f49982279076e3ab9081a4ac03fe0421bf15ba4015af4e8c4fcc0595416525,c6c260b513ff553ca74b0c10885f90f7f059e13c3bec5a97080ff448c09e4fba
DCA:2026-09-29T16:00:00+00:00,2026-09-29T16:00:00+00:00,2,2,0,1.25,0.75,2.75,c6c260b513ff553ca74b0c10885f90f7f059e13c3bec5a97080ff448c09e4fba,01b23f672dd7dee5cbbf6ccfe9bdd980853fcb432829717fcc2b06ca66e03ee5
DCA:2026-09-29T20:00:00+00:00,2026-09-29T20:00:00+00:00,2,2,0,1.25,0.75,4.75,01b23f672dd7dee5cbbf6ccfe9bdd980853fcb432829717fcc2b06ca66e03ee5,63b9b62cb2f424a72d6d13d3870d2f99611f302a99deedfced1dbc06fd00c2a0
DCA:2026-09-30T00:00:00+00:00,2026-09-30T00:00:00+00:00,2,2,0,1.25,0.75,6.75,63b9b62cb2f424a72d6d13d3870d2f99611f302a99deedfced1dbc06fd00c2a0,4ce2f006e932ecc987d494c01d785c549c2ded144424e54e9051d4ba3a8a8f3c
DCA:2026-09-30T04:00:00+00:00,2026-09-30T04:00:00+00:00,2,2,5,1.25,0.75,3.75,4ce2f006e932ecc987d494c01d785c549c2ded144424e54e9051d4ba3a8a8f3c,d8263ac908d784c649ad25c411a803f8807ab0f87b1eef16f66c3d0acaf48a15
DCA:2026-09-30T08:00:00+00:00,2026-09-30T08:00:00+00:00,2,2,0,1.25,0.75,5.75,d8263ac908d784c649ad25c411a803f8807ab0f87b1eef16f66c3d0acaf48a15,e937f9b3d251ea436bbb7d7b236b907eddd5b62ea01fa6c5b16bf04630571751
DCA:2026-09-30T12:00:00+00:00,2026-09-30T12:00:00+00:00,2,2,5.25,1.25,0.75,2.5,e937f9b3d251ea436bbb7d7b236b907eddd5b62ea01fa6c5b16bf04630571751,dc61310fbf19ec0fc47c22e447da825108cb4823f63bb708b6d3aac6b07d1d4d
DCA:2026-09-30T16:00:00+00:00,2026-09-30T16:00:00+00:00,2,2,0,1.25,0.75,4.5,dc61310fbf19ec0fc47c22e447da825108cb4823f63bb708b6d3aac6b07d1d4d,acd11d04cac7b74974544ace5886a06947768e9346db3415dfc8d81b84424a72
DCA:2026-09-30T20:00:00+00:00,2026-09-30T20:00:00+00:00,2,2,5,1.25,0.75,1.5,acd11d04cac7b74974544ace5886a06947768e9346db3415dfc8d81b84424a72,54e087a604c981efe0371675445ed9309d20cef52d5f6c9622b22bcf824413c4
DCA:2026-10-01T00:00:00+00:00,2026-10-01T00:00:00+00:00,2,2,0,1.25,0.75,3.5,54e087a604c981efe0371675445ed9309d20cef52d5f6c9622b22bcf824413c4,044488efdd9563a1dc5cde2eff1cefcba40d1e5398b1aca8b3c995ce5d214c1e
DCA:2026-10-01T04:00:00+00:00,2026-10-01T04:00:00+00:00,2,2,0,1.25,0.75,5.5,044488efdd9563a1dc5cde2eff1cefcba40d1e5398b1aca8b3c995ce5d214c1e,8280f0a5aa08ed463c26f22d2465341ca2418e63ed9153bfee1042c31985897b
DCA:2026-10-01T08:00:00+00:00,2026-10-01T08:00:00+00:00,2,2,0,1.25,0.75,7.5,8280f0a5aa08ed463c26f22d2465341ca2418e63ed9153bfee1042c31985897b,0c58cc6b5727c7b6ce3d903a02ea44f8f51f5e5c0fe465a6f813986488fcb880
DCA:2026-10-01T12:00:00+00:00,2026-10-01T12:00:00+00:00,2,2,5,1.25,0.75,4.5,0c58cc6b5727c7b6ce3d903a02ea44f8f51f5e5c0fe465a6f813986488fcb880,935d889d897a1aa3270e91d4b6aa011ad2ea7178f7228ddbb6c5347c36653cd4
DCA:2026-10-01T16:00:00+00:00,2026-10-01T16:00:00+00:00,2,2,5.25,1.25,0.75,1.25,935d889d897a1aa3270e91d4b6aa011ad2ea7178f7228ddbb6c5347c36653cd4,0212219acc413b0e3defe9a2768d0d9054f757052c1019e6e2231583f1e5dd10
DCA:2026-10-01T20:00:00+00:00,2026-10-01T20:00:00+00:00,2,2,0,1.25,0.75,3.25,0212219acc413b0e3defe9a2768d0d9054f757052c1019e6e2231583f1e5dd10,1a7982c44e432983f2b5d52f3017230d9ae35f067d1b1a5eda94c396f8d98735
DCA:2026-10-02T00:00:00+00:00,2026-10-02T00:00:00+00:00,2,2,0,1.25,0.75,5.25,1a7982c44e432983f2b5d52f3017230d9ae35f067d1b1a5eda94c396f8d98735,ce1e67e6f80c104b3f4458e096cd5b8bb84c2acdcf73f942c1750ea6de7d175c
DCA:2026-10-02T04:00:00+00:00,2026-10-02T04:00:00+00:00,2,2,5,1.25,0.75,2.25,ce1e67e6f80c104b3f4458e096cd5b8bb84c2acdcf73f942c1750ea6de7d175c,daad82f777b7a57497960ec03d96aa52e1efcbe856fb56bd347c40087dfdf2d0
DCA:2026-10-02T08:00:00+00:00,2026-10-02T08:00:00+00:00,2,2,0,1.25,0.75,4.25,daad82f777b7a57497960ec03d96aa52e1efcbe856fb56bd347c40087dfdf2d0,cd23661d8e4972e3a55422a6611a100c1ef9fa2ff64311126029a05a4aaa4e8d
DCA:2026-10-02T12:00:00+00:00,2026-10-02T12:00:00+00:00,2,2,0,1.25,0.75,6.25,cd23661d8e4972e3a55422a6611a100c1ef9fa2ff64311126029a05a4aaa4e8d,0c33628bb8c9d3a122b55bd13255e2449288e6adb67382c1179aa48fabe86e15
DCA:2026-10-02T16:00:00+00:00,2026-10-02T16:00:00+00:00,2,2,0,1.25,0.75,8.25,0c33628bb8c9d3a122b55bd13255e2449288e6adb67382c1179aa48fabe86e15,bb55051238b53a821bace41d49b2c2a80691227438ff2f8b30b9ba2cb035500a
DCA:2026-10-02T20:00:00+00:00,2026-10-02T20:00:00+00:00,2,2,10.25,1.25,0.75,0,bb55051238b53a821bace41d49b2c2a80691227438ff2f8b30b9ba2cb035500a,120e47570f382987b63d6045f5c572368770d0cea2944751c34edc434e875a12
DCA:2026-10-03T00:00:00+00:00,2026-10-03T00:00:00+00:00,2,2,0,1.25,0.75,2,120e47570f382987b63d6045f5c572368770d0cea2944751c34edc434e875a12,5ae11ef89aa73003173f5d469fd104a87f20cef295db9512ef472a51a757c248
DCA:2026-10-03T04:00:00+00:00,2026-10-03T04:00:00+00:00,2,2,0,1.25,0.75,4,5ae11ef89aa73003173f5d469fd104a87f20cef295db9512ef472a51a757c248,71e80505792315a1f69a13c825f758c593d49bf57a0bf0efa4b4e17cff6767e2
DCA:2026-10-03T08:00:00+00:00,2026-10-03T08:00:00+00:00,2,2,0,1.25,0.75,6,71e80505792315a1f69a13c825f758c593d49bf57a0bf0efa4b4e17cff6767e2,1f7615f762a4760cdb5ff221d8efec4e94f01db8b8c1664bc04cb2ef26304655
DCA:2026-10-03T12:00:00+00:00,2026-10-03T12:00:00+00:00,2,2,5,1.25,0.75,3,1f7615f762a4760cdb5ff221d8efec4e94f01db8b8c1664bc04cb2ef26304655,290f6f78914ce7ee7a088fb08c55caf8754b2ac429eb52c2e68b365eb8b504d5
DCA:2026-10-03T16:00:00+00:00,2026-10-03T16:00:00+00:00,2,2,0,1.25,0.75,5,290f6f78914ce7ee7a088fb08c55caf8754b2ac429eb52c2e68b365eb8b504d5,4b0420cb74c0e72b1ca072ec2c5a7a19906ff4bc2f7a51105b19cecd40427e1b
DCA:2026-10-03T20:00:00+00:00,2026-10-03T20:00:00+00:00,2,2,0,1.25,0.75,7,4b0420cb74c0e72b1ca072ec2c5a7a19906ff4bc2f7a51105b19cecd40427e1b,c3e1dc03a5540b0ddfcae34cf4351eb4eab409fe5560533de2b81c378dd68def
DCA:2026-10-04T00:00:00+00:00,2026-10-04T00:00:00+00:00,2,2,5.25,1.25,0.75,3.75,c3e1dc03a5540b0ddfcae34cf4351eb4eab409fe5560533de2b81c378dd68def,316fa3445ddcff76f4ab7f2f8651e5268045c14275079b269e6bc2d8b9766518
DCA:2026-10-04T04:00:00+00:00,2026-10-04T04:00:00+00:00,2,2,5,1.25,0.75,0.75,316fa3445ddcff76f4ab7f2f8651e5268045c14275079b269e6bc2d8b9766518,482a5460e7600ce5f09a4a27018395888eccec78072a32afba86c8c1f81e69b4
DCA:2026-10-04T08:00:00+00:00,2026-10-04T08:00:00+00:00,2,2,0,1.25,0.75,2.75,482a5460e7600ce5f09a4a27018395888eccec78072a32afba86c8c1f81e69b4,9da776b2c30d3dc6b70cd1b96a29213772beaab16fe673de7de4ec56895cf4da
DCA:2026-10-04T12:00:00+00:00,2026-10-04T12:00:00+00:00,2,2,0,1.25,0.75,4.75,9da776b2c30d3dc6b70cd1b96a29213772beaab16fe673de7de4ec56895cf4da,08aa15f3ffc82849a0026e0a8c7285c3173c66e6ae473625d77f032c44bffefb
DCA:2026-10-04T16:00:00+00:00,2026-10-04T16:00:00+00:00,2,2,0,1.25,0.75,6.75,08aa15f3ffc82849a0026e0a8c7285c3173c66e6ae473625d77f032c44bffefb,357e7d936d8f488edf688eae0bc0a31296277f73f7b501a492a5bfa187f846c3
DCA:2026-10-04T20:00:00+00:00,2026-10-04T20:00:00+00:00,2,2,5,1.25,0.75,3.75,357e7d936d8f488edf688eae0bc0a31296277f73f7b501a492a5bfa187f846c3,90933c7dc65abf74da0400cb2eff122dd97b7b2addebe4d07dbe129db1484028
DCA:2026-10-05T00:00:00+00:00,2026-10-05T00:00:00+00:00,2,2,0,1.25,0.75,5.75,90933c7dc65abf74da0400cb2eff122dd97b7b2addebe4d07dbe129db1484028,43930ae5a1df4b78e57bde3dc1238899c34a74717a3c1233c2d00354c5f9a95a
DCA:2026-10-05T04:00:00+00:00,2026-10-05T04:00:00+00:00,2,2,5.25,1.25,0.75,2.5,43930ae5a1df4b78e57bde3dc1238899c34a74717a3c1233c2d00354c5f9a95a,5575f48080038b918f62cd8ffabdb2b774d539ce4c4cd0868f2059f2ca1b4e1d
