delay_record_id,signal_date,original_shadow_execution_date,actual_execution_date,original_signal_index,delay_completed_closes,shadow_signal_type,shadow_target,btc_price_original,btc_price_actual,eth_price_original,eth_price_actual,portfolio_value_original_date,executed_or_cancelled,outcome_reason,30d_btc_return_after_original_signal,60d_btc_return_after_original_signal,btc_price_cost_fraction,eth_price_cost_fraction
1,2020-03-13T00:00:00+0000,2020-03-14T00:00:00+0000,2020-03-17T00:00:00+0000,74,3,AHR_VALUE_BUY,0.35,5576.05,5028.86,134.06,111.02,20343.23646417439,EXECUTED,EXECUTED,0.19717721326028292,0.5982980783888237,-0.0981321903497997,-0.17186334477099807
2,2020-03-29T00:00:00+0000,2020-03-30T00:00:00+0000,,90,2,AHR_VALUE_BUY,0.35,5880.5,,124.47,,20958.032298952545,CANCELLED,AHR_VALUE_CONDITION_GONE_AT_COOLDOWN_END,0.3290196411869739,0.6191242241306012,,
3,2022-06-18T00:00:00+0000,2022-06-19T00:00:00+0000,2022-06-22T00:00:00+0000,901,3,AHR_VALUE_BUY,0.35,18970.79,20723.51,995.12,1125.86,145464.55554485135,EXECUTED,EXECUTED,0.15459345657191914,0.2352311105652427,0.09239045922705369,0.13138113996301937
4,2022-06-26T00:00:00+0000,2022-06-27T00:00:00+0000,2022-06-30T00:00:00+0000,909,3,AHR_VALUE_BUY,0.35,21038.08,20123.0,1197.79,1100.21,152051.9125887912,EXECUTED,EXECUTED,0.0018433241056217131,0.024436165277439637,-0.043496364687271916,-0.08146670117466326
5,2022-07-04T00:00:00+0000,2022-07-05T00:00:00+0000,,917,3,AHR_VALUE_BUY,0.35,20236.71,,1151.01,,150254.3943550489,CANCELLED,AHR_VALUE_CONDITION_GONE_AT_COOLDOWN_END,0.14127938780562665,-0.016653892851160146,,
6,2022-07-12T00:00:00+0000,2022-07-13T00:00:00+0000,2022-07-16T00:00:00+0000,925,3,AHR_VALUE_BUY,0.35,19331.28,20830.04,1038.58,1231.25,147344.85791971374,EXECUTED,EXECUTED,0.24203415397221506,0.11438145844455194,0.07753030321841092,0.18551291186042485
7,2022-08-29T00:00:00+0000,2022-08-30T00:00:00+0000,2022-09-02T00:00:00+0000,973,3,AHR_VALUE_BUY,0.35,20287.2,20132.64,1551.79,1586.17,164880.2502536968,EXECUTED,EXECUTED,-0.03843310067431682,0.02302289128120183,-0.0076185969478292925,0.022155059640802
8,2022-09-06T00:00:00+0000,2022-09-07T00:00:00+0000,,981,3,AHR_VALUE_BUY,0.35,18790.61,,1559.01,,164220.0571419618,CANCELLED,AHR_VALUE_CONDITION_GONE_AT_COOLDOWN_END,0.06339709035523589,0.13002611410699272,,
9,2022-09-14T00:00:00+0000,2022-09-15T00:00:00+0000,2022-09-18T00:00:00+0000,989,3,AHR_VALUE_BUY,0.35,20227.17,20112.61,1638.4,1468.82,166597.9835684793,EXECUTED,EXECUTED,-0.05073275203599892,-0.20207374536329092,-0.00566366921324124,-0.10350341796875007
10,2022-09-22T00:00:00+0000,2022-09-23T00:00:00+0000,2022-09-26T00:00:00+0000,997,3,AHR_VALUE_BUY,0.35,19401.63,18809.13,1326.47,1294.62,158563.17520812654,EXECUTED,EXECUTED,-0.010516642158416634,-0.18317069235935335,-0.03053867123535492,-0.024011097122437874
11,2022-09-30T00:00:00+0000,2022-10-01T00:00:00+0000,2022-10-04T00:00:00+0000,1005,3,AHR_VALUE_BUY,0.35,19422.61,19629.08,1328.71,1323.1,159246.45652956053,EXECUTED,EXECUTED,0.056298303883978384,-0.13269895240649943,0.010630394164327095,-0.004222140271391117
12,2022-10-08T00:00:00+0000,2022-10-09T00:00:00+0000,2022-10-12T00:00:00+0000,1013,3,AHR_VALUE_BUY,0.35,19416.52,19060.0,1315.48,1280.11,159011.4419262472,EXECUTED,EXECUTED,0.03770706594178552,-0.13298984576020834,-0.01836168376207481,-0.026887523945632097
13,2022-10-16T00:00:00+0000,2022-10-17T00:00:00+0000,2022-10-20T00:00:00+0000,1021,3,AHR_VALUE_BUY,0.35,19262.98,19123.35,1305.96,1285.09,158758.29944226923,EXECUTED,EXECUTED,-0.11903609929512449,-0.09537568953505637,-0.007248618853365474,-0.015980581334803623
14,2022-11-16T00:00:00+0000,2022-11-17T00:00:00+0000,2022-11-20T00:00:00+0000,1052,3,AHR_VALUE_BUY,0.35,16661.61,16700.68,1216.16,1217.67,154731.01395250933,EXECUTED,EXECUTED,0.0009146775131574358,0.26492457811700065,0.0023449114461326914,0.0012416129456649383
15,2022-11-24T00:00:00+0000,2022-11-25T00:00:00+0000,2022-11-28T00:00:00+0000,1060,3,AHR_VALUE_BUY,0.35,16599.55,16428.77,1203.72,1193.88,154258.46177975237,EXECUTED,EXECUTED,0.01401182562177894,0.3903551602302473,-0.01028823070504914,-0.008174658558468662
16,2022-12-02T00:00:00+0000,2022-12-03T00:00:00+0000,2022-12-06T00:00:00+0000,1068,3,AHR_VALUE_BUY,0.35,17092.13,16966.35,1295.58,1259.41,157339.5746703011,EXECUTED,EXECUTED,-0.02516889352000029,0.35326550874583784,-0.007358942390445322,-0.027917998116673504
17,2022-12-10T00:00:00+0000,2022-12-11T00:00:00+0000,2022-12-14T00:00:00+0000,1076,3,AHR_VALUE_BUY,0.35,17127.49,17775.82,1266.35,1320.69,156925.80757581763,EXECUTED,EXECUTED,0.004567511059705653,0.31475423427484106,0.03785318222343137,0.0429107276819205
18,2022-12-18T00:00:00+0000,2022-12-19T00:00:00+0000,2022-12-22T00:00:00+0000,1084,3,AHR_VALUE_BUY,0.35,16739.0,16824.68,1183.06,1213.78,153899.08524352507,EXECUTED,EXECUTED,0.2700005974072526,0.4241376426309815,0.005118585339626058,0.025966561290213575
19,2022-12-26T00:00:00+0000,2022-12-27T00:00:00+0000,2022-12-30T00:00:00+0000,1092,3,AHR_VALUE_BUY,0.35,16919.39,16633.47,1228.12,1200.48,155057.45716095032,EXECUTED,EXECUTED,0.3674346415562264,0.36397588801960357,-0.016898954394927834,-0.02250594404455586
20,2023-01-03T00:00:00+0000,2023-01-04T00:00:00+0000,2023-01-07T00:00:00+0000,1100,3,AHR_VALUE_BUY,0.35,16675.65,16950.31,1214.56,1269.13,154719.9126750556,EXECUTED,EXECUTED,0.4112901146282153,0.34249759379694344,0.016470722280690797,0.04492985113950754
21,2026-02-13T00:00:00+0000,2026-02-14T00:00:00+0000,2026-02-17T00:00:00+0000,2237,3,AHR_VALUE_BUY,0.35,68853.97,68892.43,2048.72,1998.34,313536.7994814807,EXECUTED,EXECUTED,0.06854143631805121,0.07976301148648357,0.0005585734562580935,-0.024590964114178604
22,2026-02-21T00:00:00+0000,2026-02-22T00:00:00+0000,2026-02-25T00:00:00+0000,2245,3,AHR_VALUE_BUY,0.35,67975.93,64058.15,1973.35,1851.95,311562.0203149567,EXECUTED,EXECUTED,0.03776292578858431,0.14373514271890087,-0.05763481279329308,-0.06151975067778137
23,2026-03-01T00:00:00+0000,2026-03-02T00:00:00+0000,,2253,3,AHR_VALUE_BUY,0.35,65776.48,,1939.71,,311097.0637593699,CANCELLED,AHR_VALUE_CONDITION_GONE_AT_COOLDOWN_END,0.03639887692378796,0.172624013933248,,
24,2026-03-29T00:00:00+0000,2026-03-30T00:00:00+0000,2026-04-02T00:00:00+0000,2281,3,AHR_VALUE_BUY,0.35,66010.93,68113.92,1984.65,2140.35,310481.44755166996,EXECUTED,EXECUTED,0.16639441377359798,0.11044519445491852,0.031858208936005106,0.07845212002116231
25,2026-06-05T00:00:00+0000,2026-06-06T00:00:00+0000,2026-06-09T00:00:00+0000,2349,3,AHR_VALUE_BUY,0.35,61056.47,63086.0,1583.4,1690.48,302091.99097624,EXECUTED,EXECUTED,0.036646894260346174,0.05121160787710122,0.03324021188909221,0.06762662624731575
26,2026-06-13T00:00:00+0000,2026-06-14T00:00:00+0000,2026-06-17T00:00:00+0000,2357,3,AHR_VALUE_BUY,0.35,64458.01,65675.02,1681.19,1793.0,306221.74289321515,EXECUTED,EXECUTED,-0.02924570584788455,-0.012582144562018005,0.01888066355135698,0.06650646268417004
27,2026-06-21T00:00:00+0000,2026-06-22T00:00:00+0000,2026-06-25T00:00:00+0000,2365,3,AHR_VALUE_BUY,0.35,63312.0,61078.0,1706.94,1622.18,304877.7708664819,EXECUTED,EXECUTED,0.04577331311599697,0.17688226560525666,-0.03528556987616882,-0.04965610976367063
28,2026-06-29T00:00:00+0000,2026-06-30T00:00:00+0000,2026-07-03T00:00:00+0000,2373,3,AHR_VALUE_BUY,0.35,60260.2,61560.0,1613.07,1700.57,300288.3549066702,EXECUTED,EXECUTED,0.06474887239006843,0.2862083099624628,0.021569792333911986,0.05424439112995727
