timestamp,shadow_event_id,shadow_action,shadow_signal_type,shadow_target,actual_action,overlay_decision,decision_reason,cooldown_completed_closes,cooldown_remaining_closes,pending_ahr_buy,actual_exposure_before,actual_exposure_after,restricted_by_overlay
2020-02-28T00:00:00+0000,1,TACTICAL_SELL_STAGE2,RISK_SELL,0.7,TACTICAL_SELL_STAGE2,EXECUTE,EXECUTED,0,3,False,0.7752047896042183,0.6999999999999998,False
2020-03-01T00:00:00+0000,2,TACTICAL_SELL_STAGE3,RISK_SELL,0.55,TACTICAL_SELL_STAGE3,EXECUTE,EXECUTED,0,3,False,0.6917508138584276,0.55,False
2020-03-13T00:00:00+0000,3,TACTICAL_SELL_STAGE4,RISK_SELL,0.25,TACTICAL_SELL_STAGE4,EXECUTE,EXECUTED,0,3,False,0.3959048111316347,0.25000000000000006,False
2020-03-14T00:00:00+0000,4,TACTICAL_BUYBACK_AHR999_TO_35,AHR_VALUE_BUY,0.35,NONE,DELAY,THREE_COMPLETED_CLOSE_COOLDOWN,1,2,True,0.286574480006529,0.286574480006529,True
2020-03-15T00:00:00+0000,4,PENDING_AHR_BUY,AHR_VALUE_BUY,0.35,NONE,DELAY,PENDING_COMPLETED_CLOSE_COOLDOWN_ACTIVE,2,1,True,0.270417396178546,0.270417396178546,True
2020-03-16T00:00:00+0000,4,PENDING_AHR_BUY,AHR_VALUE_BUY,0.35,NONE,DELAY,PENDING_COMPLETED_CLOSE_COOLDOWN_ACTIVE,3,0,True,0.27543606521104286,0.27543606521104286,True
2020-03-17T00:00:00+0000,4,PENDING_AHR_BUY,AHR_VALUE_BUY,0.35,TACTICAL_BUYBACK_AHR999_TO_35,EXECUTE,EXECUTED,4,0,False,0.25909150427347283,0.35000000000000003,False
2020-03-28T00:00:00+0000,5,TACTICAL_SELL_STAGE4,RISK_SELL,0.25,TACTICAL_SELL_STAGE4,EXECUTE,EXECUTED,0,3,False,0.40183405046318965,0.25000000000000006,False
2020-03-30T00:00:00+0000,6,TACTICAL_BUYBACK_AHR999_TO_35,AHR_VALUE_BUY,0.35,NONE,DELAY,THREE_COMPLETED_CLOSE_COOLDOWN,2,1,True,0.23847806846214895,0.23847806846214895,True
2020-03-31T00:00:00+0000,6,PENDING_AHR_BUY,AHR_VALUE_BUY,0.35,NONE,DELAY,PENDING_COMPLETED_CLOSE_COOLDOWN_ACTIVE,3,0,True,0.25230464805519986,0.25230464805519986,True
2020-04-01T00:00:00+0000,6,PENDING_AHR_BUY,AHR_VALUE_BUY,0.35,NONE,CANCEL,AHR_VALUE_CONDITION_GONE_AT_COOLDOWN_END,4,0,False,0.25333728111830467,0.25333728111830467,True
2020-04-04T00:00:00+0000,7,TACTICAL_BUYBACK_RIGHT_TO_50,RIGHT_SIDE_TO_50,0.5,TACTICAL_BUYBACK_RIGHT_TO_50,EXECUTE,EXECUTED,7,0,False,0.26530829557083435,0.5,False
2020-04-19T00:00:00+0000,8,TACTICAL_BUYBACK_RIGHT_TO_60,RIGHT_SIDE_TO_60,0.6,TACTICAL_BUYBACK_RIGHT_TO_60,EXECUTE,EXECUTED,22,0,False,0.5453054147465652,0.6,False
2020-05-09T00:00:00+0000,9,TACTICAL_BUYBACK_NEW_BULL_REDEPLOY,NEW_BULL_REDEPLOY,0.95,TACTICAL_BUYBACK_NEW_BULL_REDEPLOY,EXECUTE,EXECUTED,0,0,False,0.655547676695506,0.6683296651622376,False
2020-05-10T00:00:00+0000,10,TACTICAL_BUYBACK_NEW_BULL_REDEPLOY,NEW_BULL_REDEPLOY,0.95,TACTICAL_BUYBACK_NEW_BULL_REDEPLOY,EXECUTE,EXECUTED,0,0,False,0.6643959332229279,0.6773295915438964,False
2020-05-11T00:00:00+0000,11,TACTICAL_BUYBACK_NEW_BULL_REDEPLOY,NEW_BULL_REDEPLOY,0.95,TACTICAL_BUYBACK_NEW_BULL_REDEPLOY,EXECUTE,EXECUTED,0,0,False,0.6554434850027706,0.6692541183996465,False
2020-05-12T00:00:00+0000,12,TACTICAL_BUYBACK_NEW_BULL_REDEPLOY,NEW_BULL_REDEPLOY,0.95,TACTICAL_BUYBACK_NEW_BULL_REDEPLOY,EXECUTE,EXECUTED,0,0,False,0.6662169162020789,0.6801606361809709,False
2020-05-13T00:00:00+0000,13,TACTICAL_BUYBACK_NEW_BULL_REDEPLOY,NEW_BULL_REDEPLOY,0.95,TACTICAL_BUYBACK_NEW_BULL_REDEPLOY,EXECUTE,EXECUTED,0,0,False,0.685581425037119,0.6992777087699756,False
2020-05-14T00:00:00+0000,14,TACTICAL_BUYBACK_NEW_BULL_REDEPLOY,NEW_BULL_REDEPLOY,0.95,TACTICAL_BUYBACK_NEW_BULL_REDEPLOY,EXECUTE,EXECUTED,0,0,False,0.7106049309981322,0.723791581586775,False
2020-05-15T00:00:00+0000,15,TACTICAL_BUYBACK_NEW_BULL_REDEPLOY,NEW_BULL_REDEPLOY,0.95,TACTICAL_BUYBACK_NEW_BULL_REDEPLOY,EXECUTE,EXECUTED,0,0,False,0.7313123124260125,0.7441375330159214,False
2020-05-16T00:00:00+0000,16,TACTICAL_BUYBACK_NEW_BULL_REDEPLOY,NEW_BULL_REDEPLOY,0.95,TACTICAL_BUYBACK_NEW_BULL_REDEPLOY,EXECUTE,EXECUTED,0,0,False,0.7353512193136359,0.7486233006592414,False
2020-05-17T00:00:00+0000,17,TACTICAL_BUYBACK_NEW_BULL_REDEPLOY,NEW_BULL_REDEPLOY,0.95,TACTICAL_BUYBACK_NEW_BULL_REDEPLOY,EXECUTE,EXECUTED,0,0,False,0.7515580686768647,0.7646723600372264,False
2020-05-18T00:00:00+0000,18,TACTICAL_BUYBACK_NEW_BULL_REDEPLOY,NEW_BULL_REDEPLOY,0.95,TACTICAL_BUYBACK_NEW_BULL_REDEPLOY,EXECUTE,EXECUTED,0,0,False,0.7705682073445375,0.7833610808340251,False
2020-06-21T00:00:00+0000,19,TACTICAL_SELL_STAGE2,RISK_SELL,0.7,TACTICAL_SELL_STAGE2,EXECUTE,EXECUTED,0,3,False,0.7901168487251932,0.7,False
2020-09-05T00:00:00+0000,20,TACTICAL_SELL_STAGE2,RISK_SELL,0.7,TACTICAL_SELL_STAGE2,EXECUTE,EXECUTED,0,3,False,0.7665695521952482,0.6999999999999998,False
2021-04-21T00:00:00+0000,21,TACTICAL_SELL_STAGE2,RISK_SELL,0.7,TACTICAL_SELL_STAGE2,EXECUTE,EXECUTED,0,3,False,0.9336213075941119,0.7,False
2021-05-15T00:00:00+0000,22,TACTICAL_SELL_STAGE2,RISK_SELL,0.7,TACTICAL_SELL_STAGE2,EXECUTE,EXECUTED,0,3,False,0.7645908309000202,0.7,False
2021-05-20T00:00:00+0000,23,TACTICAL_SELL_CRASH_L2,RISK_SELL,0.5,TACTICAL_SELL_CRASH_L2,EXECUTE,EXECUTED,0,3,False,0.5953800661819972,0.5,False
2021-05-25T00:00:00+0000,24,TACTICAL_SELL_STAGE4,RISK_SELL,0.25,TACTICAL_SELL_STAGE4,EXECUTE,EXECUTED,0,3,False,0.5194461330152415,0.25,False
2022-01-04T00:00:00+0000,25,TACTICAL_SELL_STAGE4,RISK_SELL,0.25,TACTICAL_SELL_STAGE4,EXECUTE,EXECUTED,0,3,False,0.3319364357270017,0.25,False
2022-06-15T00:00:00+0000,26,TACTICAL_BUYBACK_AHR999_TO_35,AHR_VALUE_BUY,0.35,TACTICAL_BUYBACK_AHR999_TO_35,EXECUTE,EXECUTED,162,0,False,0.10342903679116544,0.35,False
2022-06-18T00:00:00+0000,27,TACTICAL_SELL_STAGE4,RISK_SELL,0.25,TACTICAL_SELL_STAGE4,EXECUTE,EXECUTED,0,3,False,0.32923651842526097,0.25,False
2022-06-19T00:00:00+0000,28,TACTICAL_BUYBACK_AHR999_TO_35,AHR_VALUE_BUY,0.35,NONE,DELAY,THREE_COMPLETED_CLOSE_COOLDOWN,1,2,True,0.23480991653417846,0.23480991653417846,True
2022-06-20T00:00:00+0000,28,PENDING_AHR_BUY,AHR_VALUE_BUY,0.35,NONE,DELAY,PENDING_COMPLETED_CLOSE_COOLDOWN_ACTIVE,2,1,True,0.2546722650404128,0.2546722650404128,True
2022-06-21T00:00:00+0000,28,PENDING_AHR_BUY,AHR_VALUE_BUY,0.35,NONE,DELAY,PENDING_COMPLETED_CLOSE_COOLDOWN_ACTIVE,3,0,True,0.25470447711824185,0.25470447711824185,True
2022-06-22T00:00:00+0000,28,PENDING_AHR_BUY,AHR_VALUE_BUY,0.35,TACTICAL_BUYBACK_AHR999_TO_35,EXECUTE,EXECUTED,4,0,False,0.2550970959722793,0.35,False
2022-06-26T00:00:00+0000,29,TACTICAL_SELL_STAGE4,RISK_SELL,0.25,TACTICAL_SELL_STAGE4,EXECUTE,EXECUTED,0,3,False,0.36620682638605223,0.25,False
2022-06-27T00:00:00+0000,30,TACTICAL_BUYBACK_AHR999_TO_35,AHR_VALUE_BUY,0.35,NONE,DELAY,THREE_COMPLETED_CLOSE_COOLDOWN,1,2,True,0.24434336916638183,0.24434336916638183,True
2022-06-28T00:00:00+0000,30,PENDING_AHR_BUY,AHR_VALUE_BUY,0.35,NONE,DELAY,PENDING_COMPLETED_CLOSE_COOLDOWN_ACTIVE,2,1,True,0.2429048173914173,0.2429048173914173,True
2022-06-29T00:00:00+0000,30,PENDING_AHR_BUY,AHR_VALUE_BUY,0.35,NONE,DELAY,PENDING_COMPLETED_CLOSE_COOLDOWN_ACTIVE,3,0,True,0.2367271033988875,0.2367271033988875,True
2022-06-30T00:00:00+0000,30,PENDING_AHR_BUY,AHR_VALUE_BUY,0.35,TACTICAL_BUYBACK_AHR999_TO_35,EXECUTE,EXECUTED,4,0,False,0.23195665775610613,0.35,False
2022-07-04T00:00:00+0000,31,TACTICAL_SELL_STAGE4,RISK_SELL,0.25,TACTICAL_SELL_STAGE4,EXECUTE,EXECUTED,0,3,False,0.3429974922839701,0.25,False
2022-07-05T00:00:00+0000,32,TACTICAL_BUYBACK_AHR999_TO_35,AHR_VALUE_BUY,0.35,NONE,DELAY,THREE_COMPLETED_CLOSE_COOLDOWN,1,2,True,0.26146073989000285,0.26146073989000285,True
2022-07-06T00:00:00+0000,32,PENDING_AHR_BUY,AHR_VALUE_BUY,0.35,NONE,DELAY,PENDING_COMPLETED_CLOSE_COOLDOWN_ACTIVE,2,1,True,0.2594273073996635,0.2594273073996635,True
2022-07-07T00:00:00+0000,32,PENDING_AHR_BUY,AHR_VALUE_BUY,0.35,NONE,DELAY,PENDING_COMPLETED_CLOSE_COOLDOWN_ACTIVE,3,0,True,0.2663687797394747,0.2663687797394747,True
2022-07-08T00:00:00+0000,32,PENDING_AHR_BUY,AHR_VALUE_BUY,0.35,NONE,CANCEL,AHR_VALUE_CONDITION_GONE_AT_COOLDOWN_END,4,0,False,0.27537907869189243,0.27537907869189243,True
2022-07-12T00:00:00+0000,33,TACTICAL_SELL_STAGE4,RISK_SELL,0.25,NO_TRADE_ALREADY_BELOW_TARGET,EXECUTE,NO_TRADE_ALREADY_BELOW_TARGET,0,3,False,0.25528131864242287,0.25528131864242287,False
2022-07-13T00:00:00+0000,34,TACTICAL_BUYBACK_AHR999_TO_35,AHR_VALUE_BUY,0.35,NONE,DELAY,THREE_COMPLETED_CLOSE_COOLDOWN,1,2,True,0.24687721850653957,0.24687721850653957,True
2022-07-14T00:00:00+0000,34,PENDING_AHR_BUY,AHR_VALUE_BUY,0.35,NONE,DELAY,PENDING_COMPLETED_CLOSE_COOLDOWN_ACTIVE,2,1,True,0.2583562990503269,0.2583562990503269,True
2022-07-15T00:00:00+0000,34,PENDING_AHR_BUY,AHR_VALUE_BUY,0.35,NONE,DELAY,PENDING_COMPLETED_CLOSE_COOLDOWN_ACTIVE,3,0,True,0.2675987945032246,0.2675987945032246,True
2022-07-16T00:00:00+0000,34,PENDING_AHR_BUY,AHR_VALUE_BUY,0.35,TACTICAL_BUYBACK_AHR999_TO_35,EXECUTE,EXECUTED,4,0,False,0.2722704510538577,0.35,False
2022-07-19T00:00:00+0000,35,TACTICAL_BUYBACK_RIGHT_TO_50,RIGHT_SIDE_TO_50,0.5,TACTICAL_BUYBACK_RIGHT_TO_50,EXECUTE,EXECUTED,7,0,False,0.39097732936168966,0.5,False
2022-07-22T00:00:00+0000,36,TACTICAL_BUYBACK_RIGHT_TO_60,RIGHT_SIDE_TO_60,0.6,TACTICAL_BUYBACK_RIGHT_TO_60,EXECUTE,EXECUTED,10,0,False,0.503234006582817,0.6,False
2022-07-29T00:00:00+0000,37,TACTICAL_SELL_STAGE4,RISK_SELL,0.25,TACTICAL_SELL_STAGE4,EXECUTE,EXECUTED,0,3,False,0.61478970895584,0.25,False
2022-08-27T00:00:00+0000,38,TACTICAL_BUYBACK_AHR999_TO_35,AHR_VALUE_BUY,0.35,TACTICAL_BUYBACK_AHR999_TO_35,EXECUTE,EXECUTED,29,0,False,0.22586720372433608,0.3499999999999999,False
2022-08-29T00:00:00+0000,39,TACTICAL_SELL_STAGE4,RISK_SELL,0.25,TACTICAL_SELL_STAGE4,EXECUTE,EXECUTED,0,3,False,0.3394055894683014,0.25,False
2022-08-30T00:00:00+0000,40,TACTICAL_BUYBACK_AHR999_TO_35,AHR_VALUE_BUY,0.35,NONE,DELAY,THREE_COMPLETED_CLOSE_COOLDOWN,1,2,True,0.2633751878725955,0.2633751878725955,True
2022-08-31T00:00:00+0000,40,PENDING_AHR_BUY,AHR_VALUE_BUY,0.35,NONE,DELAY,PENDING_COMPLETED_CLOSE_COOLDOWN_ACTIVE,2,1,True,0.2596741233115227,0.2596741233115227,True
2022-09-01T00:00:00+0000,40,PENDING_AHR_BUY,AHR_VALUE_BUY,0.35,NONE,DELAY,PENDING_COMPLETED_CLOSE_COOLDOWN_ACTIVE,3,0,True,0.2630121511417356,0.2630121511417356,True
2022-09-02T00:00:00+0000,40,PENDING_AHR_BUY,AHR_VALUE_BUY,0.35,TACTICAL_BUYBACK_AHR999_TO_35,EXECUTE,EXECUTED,4,0,False,0.2661201043351434,0.35000000000000003,False
2022-09-06T00:00:00+0000,41,TACTICAL_SELL_STAGE4,RISK_SELL,0.25,TACTICAL_SELL_STAGE4,EXECUTE,EXECUTED,0,3,False,0.3516331374249912,0.25000000000000006,False
2022-09-07T00:00:00+0000,42,TACTICAL_BUYBACK_AHR999_TO_35,AHR_VALUE_BUY,0.35,NONE,DELAY,THREE_COMPLETED_CLOSE_COOLDOWN,1,2,True,0.24247538422488255,0.24247538422488255,True
2022-09-08T00:00:00+0000,42,PENDING_AHR_BUY,AHR_VALUE_BUY,0.35,NONE,DELAY,PENDING_COMPLETED_CLOSE_COOLDOWN_ACTIVE,2,1,True,0.24995007670682345,0.24995007670682345,True
2022-09-09T00:00:00+0000,42,PENDING_AHR_BUY,AHR_VALUE_BUY,0.35,NONE,DELAY,PENDING_COMPLETED_CLOSE_COOLDOWN_ACTIVE,3,0,True,0.2505348087698266,0.2505348087698266,True
2022-09-10T00:00:00+0000,42,PENDING_AHR_BUY,AHR_VALUE_BUY,0.35,NONE,CANCEL,AHR_VALUE_CONDITION_GONE_AT_COOLDOWN_END,4,0,False,0.2624801565322982,0.2624801565322982,True
2022-09-14T00:00:00+0000,43,TACTICAL_SELL_STAGE4,RISK_SELL,0.25,NO_TRADE_ALREADY_BELOW_TARGET,EXECUTE,NO_TRADE_ALREADY_BELOW_TARGET,0,3,False,0.2475823984750316,0.2475823984750316,False
2022-09-15T00:00:00+0000,44,TACTICAL_BUYBACK_AHR999_TO_35,AHR_VALUE_BUY,0.35,NONE,DELAY,THREE_COMPLETED_CLOSE_COOLDOWN,1,2,True,0.2532878668492521,0.2532878668492521,True
2022-09-16T00:00:00+0000,44,PENDING_AHR_BUY,AHR_VALUE_BUY,0.35,NONE,DELAY,PENDING_COMPLETED_CLOSE_COOLDOWN_ACTIVE,2,1,True,0.23756735299688825,0.23756735299688825,True
2022-09-17T00:00:00+0000,44,PENDING_AHR_BUY,AHR_VALUE_BUY,0.35,NONE,DELAY,PENDING_COMPLETED_CLOSE_COOLDOWN_ACTIVE,3,0,True,0.2343980707015607,0.2343980707015607,True
2022-09-18T00:00:00+0000,44,PENDING_AHR_BUY,AHR_VALUE_BUY,0.35,TACTICAL_BUYBACK_AHR999_TO_35,EXECUTE,EXECUTED,4,0,False,0.23836440231112302,0.3500000000000001,False
2022-09-22T00:00:00+0000,45,TACTICAL_SELL_STAGE4,RISK_SELL,0.25,TACTICAL_SELL_STAGE4,EXECUTE,EXECUTED,0,3,False,0.32054335286653385,0.25000000000000006,False
2022-09-23T00:00:00+0000,46,TACTICAL_BUYBACK_AHR999_TO_35,AHR_VALUE_BUY,0.35,NONE,DELAY,THREE_COMPLETED_CLOSE_COOLDOWN,1,2,True,0.261130782429433,0.261130782429433,True
2022-09-24T00:00:00+0000,46,PENDING_AHR_BUY,AHR_VALUE_BUY,0.35,NONE,DELAY,PENDING_COMPLETED_CLOSE_COOLDOWN_ACTIVE,2,1,True,0.2608723313298813,0.2608723313298813,True
2022-09-25T00:00:00+0000,46,PENDING_AHR_BUY,AHR_VALUE_BUY,0.35,NONE,DELAY,PENDING_COMPLETED_CLOSE_COOLDOWN_ACTIVE,3,0,True,0.25869708941624414,0.25869708941624414,True
2022-09-26T00:00:00+0000,46,PENDING_AHR_BUY,AHR_VALUE_BUY,0.35,TACTICAL_BUYBACK_AHR999_TO_35,EXECUTE,EXECUTED,4,0,False,0.2561959398023521,0.35,False
2022-09-30T00:00:00+0000,47,TACTICAL_SELL_STAGE4,RISK_SELL,0.25,TACTICAL_SELL_STAGE4,EXECUTE,EXECUTED,0,3,False,0.35824934231625766,0.25,False
2022-10-01T00:00:00+0000,48,TACTICAL_BUYBACK_AHR999_TO_35,AHR_VALUE_BUY,0.35,NONE,DELAY,THREE_COMPLETED_CLOSE_COOLDOWN,1,2,True,0.24886455583218278,0.24886455583218278,True
2022-10-02T00:00:00+0000,48,PENDING_AHR_BUY,AHR_VALUE_BUY,0.35,NONE,DELAY,PENDING_COMPLETED_CLOSE_COOLDOWN_ACTIVE,2,1,True,0.24697638097241054,0.24697638097241054,True
2022-10-03T00:00:00+0000,48,PENDING_AHR_BUY,AHR_VALUE_BUY,0.35,NONE,DELAY,PENDING_COMPLETED_CLOSE_COOLDOWN_ACTIVE,3,0,True,0.24288519346110266,0.24288519346110266,True
2022-10-04T00:00:00+0000,48,PENDING_AHR_BUY,AHR_VALUE_BUY,0.35,TACTICAL_BUYBACK_AHR999_TO_35,EXECUTE,EXECUTED,4,0,False,0.24917508881681355,0.35000000000000003,False
2022-10-08T00:00:00+0000,49,TACTICAL_SELL_STAGE4,RISK_SELL,0.25,TACTICAL_SELL_STAGE4,EXECUTE,EXECUTED,0,3,False,0.3505047781009718,0.25,False
2022-10-09T00:00:00+0000,50,TACTICAL_BUYBACK_AHR999_TO_35,AHR_VALUE_BUY,0.35,NONE,DELAY,THREE_COMPLETED_CLOSE_COOLDOWN,1,2,True,0.2482239447886097,0.2482239447886097,True
2022-10-10T00:00:00+0000,50,PENDING_AHR_BUY,AHR_VALUE_BUY,0.35,NONE,DELAY,PENDING_COMPLETED_CLOSE_COOLDOWN_ACTIVE,2,1,True,0.2490751442668637,0.2490751442668637,True
2022-10-11T00:00:00+0000,50,PENDING_AHR_BUY,AHR_VALUE_BUY,0.35,NONE,DELAY,PENDING_COMPLETED_CLOSE_COOLDOWN_ACTIVE,3,0,True,0.2450064786890555,0.2450064786890555,True
2022-10-12T00:00:00+0000,50,PENDING_AHR_BUY,AHR_VALUE_BUY,0.35,TACTICAL_BUYBACK_AHR999_TO_35,EXECUTE,EXECUTED,4,0,False,0.24388574264749335,0.35,False
2022-10-16T00:00:00+0000,51,TACTICAL_SELL_STAGE4,RISK_SELL,0.25,TACTICAL_SELL_STAGE4,EXECUTE,EXECUTED,0,3,False,0.34970976198379333,0.24999999999999994,False
2022-10-17T00:00:00+0000,52,TACTICAL_BUYBACK_AHR999_TO_35,AHR_VALUE_BUY,0.35,NONE,DELAY,THREE_COMPLETED_CLOSE_COOLDOWN,1,2,True,0.25367789920709033,0.25367789920709033,True
2022-10-18T00:00:00+0000,52,PENDING_AHR_BUY,AHR_VALUE_BUY,0.35,NONE,DELAY,PENDING_COMPLETED_CLOSE_COOLDOWN_ACTIVE,2,1,True,0.2571009108261785,0.2571009108261785,True
2022-10-19T00:00:00+0000,52,PENDING_AHR_BUY,AHR_VALUE_BUY,0.35,NONE,DELAY,PENDING_COMPLETED_CLOSE_COOLDOWN_ACTIVE,3,0,True,0.25445873458947954,0.25445873458947954,True
2022-10-20T00:00:00+0000,52,PENDING_AHR_BUY,AHR_VALUE_BUY,0.35,TACTICAL_BUYBACK_AHR999_TO_35,EXECUTE,EXECUTED,4,0,False,0.2513840139907643,0.35,False
2022-10-24T00:00:00+0000,53,TACTICAL_SELL_STAGE4,RISK_SELL,0.25,TACTICAL_SELL_STAGE4,EXECUTE,EXECUTED,0,3,False,0.3603344907229529,0.25,False
2022-11-09T00:00:00+0000,54,TACTICAL_BUYBACK_AHR999_TO_35,AHR_VALUE_BUY,0.35,TACTICAL_BUYBACK_AHR999_TO_35,EXECUTE,EXECUTED,16,0,False,0.24484874027215575,0.3499999999999999,False
2022-11-16T00:00:00+0000,55,TACTICAL_SELL_STAGE4,RISK_SELL,0.25,TACTICAL_SELL_STAGE4,EXECUTE,EXECUTED,0,3,False,0.3334338388038069,0.25,False
2022-11-17T00:00:00+0000,56,TACTICAL_BUYBACK_AHR999_TO_35,AHR_VALUE_BUY,0.35,NONE,DELAY,THREE_COMPLETED_CLOSE_COOLDOWN,1,2,True,0.24545283096583992,0.24545283096583992,True
2022-11-18T00:00:00+0000,56,PENDING_AHR_BUY,AHR_VALUE_BUY,0.35,NONE,DELAY,PENDING_COMPLETED_CLOSE_COOLDOWN_ACTIVE,2,1,True,0.24403841432813209,0.24403841432813209,True
2022-11-19T00:00:00+0000,56,PENDING_AHR_BUY,AHR_VALUE_BUY,0.35,NONE,DELAY,PENDING_COMPLETED_CLOSE_COOLDOWN_ACTIVE,3,0,True,0.24535116691089467,0.24535116691089467,True
2022-11-20T00:00:00+0000,56,PENDING_AHR_BUY,AHR_VALUE_BUY,0.35,TACTICAL_BUYBACK_AHR999_TO_35,EXECUTE,EXECUTED,4,0,False,0.24592745190734333,0.35000000000000003,False
2022-11-24T00:00:00+0000,57,TACTICAL_SELL_STAGE4,RISK_SELL,0.25,TACTICAL_SELL_STAGE4,EXECUTE,EXECUTED,0,3,False,0.3460504803071039,0.24999999999999994,False
2022-11-25T00:00:00+0000,58,TACTICAL_BUYBACK_AHR999_TO_35,AHR_VALUE_BUY,0.35,NONE,DELAY,THREE_COMPLETED_CLOSE_COOLDOWN,1,2,True,0.2519998835466107,0.2519998835466107,True
2022-11-26T00:00:00+0000,58,PENDING_AHR_BUY,AHR_VALUE_BUY,0.35,NONE,DELAY,PENDING_COMPLETED_CLOSE_COOLDOWN_ACTIVE,2,1,True,0.25129547172204936,0.25129547172204936,True
2022-11-27T00:00:00+0000,58,PENDING_AHR_BUY,AHR_VALUE_BUY,0.35,NONE,DELAY,PENDING_COMPLETED_CLOSE_COOLDOWN_ACTIVE,3,0,True,0.2517415186406079,0.2517415186406079,True
2022-11-28T00:00:00+0000,58,PENDING_AHR_BUY,AHR_VALUE_BUY,0.35,TACTICAL_BUYBACK_AHR999_TO_35,EXECUTE,EXECUTED,4,0,False,0.25048926555568896,0.35,False
2022-12-02T00:00:00+0000,59,TACTICAL_SELL_STAGE4,RISK_SELL,0.25,TACTICAL_SELL_STAGE4,EXECUTE,EXECUTED,0,3,False,0.36221305196626485,0.24999999999999994,False
2022-12-03T00:00:00+0000,60,TACTICAL_BUYBACK_AHR999_TO_35,AHR_VALUE_BUY,0.35,NONE,DELAY,THREE_COMPLETED_CLOSE_COOLDOWN,1,2,True,0.25235419954606897,0.25235419954606897,True
2022-12-04T00:00:00+0000,60,PENDING_AHR_BUY,AHR_VALUE_BUY,0.35,NONE,DELAY,PENDING_COMPLETED_CLOSE_COOLDOWN_ACTIVE,2,1,True,0.24622291371733712,0.24622291371733712,True
2022-12-05T00:00:00+0000,60,PENDING_AHR_BUY,AHR_VALUE_BUY,0.35,NONE,DELAY,PENDING_COMPLETED_CLOSE_COOLDOWN_ACTIVE,3,0,True,0.2509358550286006,0.2509358550286006,True
2022-12-06T00:00:00+0000,60,PENDING_AHR_BUY,AHR_VALUE_BUY,0.35,TACTICAL_BUYBACK_AHR999_TO_35,EXECUTE,EXECUTED,4,0,False,0.24851046325329085,0.3500000000000001,False
2022-12-10T00:00:00+0000,61,TACTICAL_SELL_STAGE4,RISK_SELL,0.25,TACTICAL_SELL_STAGE4,EXECUTE,EXECUTED,0,3,False,0.35149528568843325,0.25,False
2022-12-11T00:00:00+0000,62,TACTICAL_BUYBACK_AHR999_TO_35,AHR_VALUE_BUY,0.35,NONE,DELAY,THREE_COMPLETED_CLOSE_COOLDOWN,1,2,True,0.2503719839715662,0.2503719839715662,True
2022-12-12T00:00:00+0000,62,PENDING_AHR_BUY,AHR_VALUE_BUY,0.35,NONE,DELAY,PENDING_COMPLETED_CLOSE_COOLDOWN_ACTIVE,2,1,True,0.2499427362003341,0.2499427362003341,True
2022-12-13T00:00:00+0000,62,PENDING_AHR_BUY,AHR_VALUE_BUY,0.35,NONE,DELAY,PENDING_COMPLETED_CLOSE_COOLDOWN_ACTIVE,3,0,True,0.25167629923152335,0.25167629923152335,True
2022-12-14T00:00:00+0000,62,PENDING_AHR_BUY,AHR_VALUE_BUY,0.35,TACTICAL_BUYBACK_AHR999_TO_35,EXECUTE,EXECUTED,4,0,False,0.2582011472479325,0.35,False
2022-12-18T00:00:00+0000,63,TACTICAL_SELL_STAGE4,RISK_SELL,0.25,TACTICAL_SELL_STAGE4,EXECUTE,EXECUTED,0,3,False,0.3308512611854029,0.25,False
2022-12-19T00:00:00+0000,64,TACTICAL_BUYBACK_AHR999_TO_35,AHR_VALUE_BUY,0.35,NONE,DELAY,THREE_COMPLETED_CLOSE_COOLDOWN,1,2,True,0.24948829056439034,0.24948829056439034,True
2022-12-20T00:00:00+0000,64,PENDING_AHR_BUY,AHR_VALUE_BUY,0.35,NONE,DELAY,PENDING_COMPLETED_CLOSE_COOLDOWN_ACTIVE,2,1,True,0.24678437009575316,0.24678437009575316,True
2022-12-21T00:00:00+0000,64,PENDING_AHR_BUY,AHR_VALUE_BUY,0.35,NONE,DELAY,PENDING_COMPLETED_CLOSE_COOLDOWN_ACTIVE,3,0,True,0.25365000142153277,0.25365000142153277,True
2022-12-22T00:00:00+0000,64,PENDING_AHR_BUY,AHR_VALUE_BUY,0.35,TACTICAL_BUYBACK_AHR999_TO_35,EXECUTE,EXECUTED,4,0,False,0.2531049621750818,0.35000000000000003,False
2022-12-26T00:00:00+0000,65,TACTICAL_SELL_STAGE4,RISK_SELL,0.25,TACTICAL_SELL_STAGE4,EXECUTE,EXECUTED,0,3,False,0.3507503948603876,0.25,False
2022-12-27T00:00:00+0000,66,TACTICAL_BUYBACK_AHR999_TO_35,AHR_VALUE_BUY,0.35,NONE,DELAY,THREE_COMPLETED_CLOSE_COOLDOWN,1,2,True,0.2513558238646525,0.2513558238646525,True
2022-12-28T00:00:00+0000,66,PENDING_AHR_BUY,AHR_VALUE_BUY,0.35,NONE,DELAY,PENDING_COMPLETED_CLOSE_COOLDOWN_ACTIVE,2,1,True,0.24892494473766227,0.24892494473766227,True
2022-12-29T00:00:00+0000,66,PENDING_AHR_BUY,AHR_VALUE_BUY,0.35,NONE,DELAY,PENDING_COMPLETED_CLOSE_COOLDOWN_ACTIVE,3,0,True,0.24620635459358714,0.24620635459358714,True
2022-12-30T00:00:00+0000,66,PENDING_AHR_BUY,AHR_VALUE_BUY,0.35,TACTICAL_BUYBACK_AHR999_TO_35,EXECUTE,EXECUTED,4,0,False,0.2476456419567585,0.3499999999999999,False
2023-01-03T00:00:00+0000,67,TACTICAL_SELL_STAGE4,RISK_SELL,0.25,TACTICAL_SELL_STAGE4,EXECUTE,EXECUTED,0,3,False,0.3518836003884581,0.25,False
2023-01-04T00:00:00+0000,68,TACTICAL_BUYBACK_AHR999_TO_35,AHR_VALUE_BUY,0.35,NONE,DELAY,THREE_COMPLETED_CLOSE_COOLDOWN,1,2,True,0.25012648414279165,0.25012648414279165,True
2023-01-05T00:00:00+0000,68,PENDING_AHR_BUY,AHR_VALUE_BUY,0.35,NONE,DELAY,PENDING_COMPLETED_CLOSE_COOLDOWN_ACTIVE,2,1,True,0.25508419667488896,0.25508419667488896,True
2023-01-06T00:00:00+0000,68,PENDING_AHR_BUY,AHR_VALUE_BUY,0.35,NONE,DELAY,PENDING_COMPLETED_CLOSE_COOLDOWN_ACTIVE,3,0,True,0.25450927924013245,0.25450927924013245,True
2023-01-07T00:00:00+0000,68,PENDING_AHR_BUY,AHR_VALUE_BUY,0.35,TACTICAL_BUYBACK_AHR999_TO_35,EXECUTE,EXECUTED,4,0,False,0.2567936012813512,0.35000000000000003,False
2023-01-28T00:00:00+0000,69,TACTICAL_BUYBACK_NEW_BULL_REDEPLOY,NEW_BULL_REDEPLOY,0.95,TACTICAL_BUYBACK_NEW_BULL_REDEPLOY,EXECUTE,EXECUTED,0,0,False,0.41308429748933434,0.46825715760867404,False
2023-01-29T00:00:00+0000,70,TACTICAL_BUYBACK_NEW_BULL_REDEPLOY,NEW_BULL_REDEPLOY,0.95,TACTICAL_BUYBACK_NEW_BULL_REDEPLOY,EXECUTE,EXECUTED,0,0,False,0.46588509847819815,0.5213130743027228,False
2023-01-30T00:00:00+0000,71,TACTICAL_BUYBACK_NEW_BULL_REDEPLOY,NEW_BULL_REDEPLOY,0.95,TACTICAL_BUYBACK_NEW_BULL_REDEPLOY,EXECUTE,EXECUTED,0,0,False,0.5308900108387913,0.5852187764261688,False
2023-01-31T00:00:00+0000,72,TACTICAL_BUYBACK_NEW_BULL_REDEPLOY,NEW_BULL_REDEPLOY,0.95,TACTICAL_BUYBACK_NEW_BULL_REDEPLOY,EXECUTE,EXECUTED,0,0,False,0.5744846408302465,0.6302276831496917,False
2023-02-01T00:00:00+0000,73,TACTICAL_BUYBACK_NEW_BULL_REDEPLOY,NEW_BULL_REDEPLOY,0.95,TACTICAL_BUYBACK_NEW_BULL_REDEPLOY,EXECUTE,EXECUTED,0,0,False,0.6331729632430363,0.6884814565365733,False
2023-02-02T00:00:00+0000,74,TACTICAL_BUYBACK_NEW_BULL_REDEPLOY,NEW_BULL_REDEPLOY,0.95,TACTICAL_BUYBACK_NEW_BULL_REDEPLOY,EXECUTE,EXECUTED,0,0,False,0.6949555114728018,0.7491239839579953,False
2023-02-03T00:00:00+0000,75,TACTICAL_BUYBACK_NEW_BULL_REDEPLOY,NEW_BULL_REDEPLOY,0.95,TACTICAL_BUYBACK_NEW_BULL_REDEPLOY,EXECUTE,EXECUTED,0,0,False,0.7482147326551178,0.8025882991596497,False
2023-02-04T00:00:00+0000,76,TACTICAL_BUYBACK_NEW_BULL_REDEPLOY,NEW_BULL_REDEPLOY,0.95,TACTICAL_BUYBACK_NEW_BULL_REDEPLOY,EXECUTE,EXECUTED,0,0,False,0.803325197685878,0.8575046719562146,False
2023-02-05T00:00:00+0000,77,TACTICAL_BUYBACK_NEW_BULL_REDEPLOY,NEW_BULL_REDEPLOY,0.95,TACTICAL_BUYBACK_NEW_BULL_REDEPLOY,EXECUTE,EXECUTED,0,0,False,0.8573252362442001,0.9115817367653981,False
2023-03-08T00:00:00+0000,78,TACTICAL_SELL_STAGE1,RISK_SELL,0.85,TACTICAL_SELL_STAGE1,EXECUTE,EXECUTED,0,3,False,0.9071086426974555,0.8499999999999999,False
2023-03-09T00:00:00+0000,79,TACTICAL_SELL_STAGE2,RISK_SELL,0.7,TACTICAL_SELL_STAGE2,EXECUTE,EXECUTED,0,3,False,0.8473235145619081,0.7,False
2023-03-12T00:00:00+0000,80,TACTICAL_SELL_STAGE3,RISK_SELL,0.55,TACTICAL_SELL_STAGE3,EXECUTE,EXECUTED,0,3,False,0.6894779746110858,0.55,False
2023-11-02T00:00:00+0000,81,TACTICAL_SELL_DRIFT,RISK_SELL,0.55,TACTICAL_SELL_DRIFT,EXECUTE,EXECUTED,0,3,False,0.650635950408245,0.5500000000000002,False
2024-02-19T00:00:00+0000,82,TACTICAL_SELL_DRIFT,RISK_SELL,0.55,TACTICAL_SELL_DRIFT,EXECUTE,EXECUTED,0,3,False,0.6508583836177261,0.55,False
2024-11-22T00:00:00+0000,83,TACTICAL_SELL_DRIFT,RISK_SELL,0.55,TACTICAL_SELL_DRIFT,EXECUTE,EXECUTED,0,3,False,0.659795927494461,0.55,False
2025-11-21T00:00:00+0000,84,TACTICAL_SELL_STAGE4,RISK_SELL,0.25,TACTICAL_SELL_STAGE4,EXECUTE,EXECUTED,0,3,False,0.5216701149959343,0.24999999999999994,False
2026-02-06T00:00:00+0000,85,TACTICAL_BUYBACK_AHR999_TO_35,AHR_VALUE_BUY,0.35,TACTICAL_BUYBACK_AHR999_TO_35,EXECUTE,EXECUTED,77,0,False,0.19163506821005633,0.35,False
2026-02-13T00:00:00+0000,86,TACTICAL_SELL_STAGE4,RISK_SELL,0.25,TACTICAL_SELL_STAGE4,EXECUTE,EXECUTED,0,3,False,0.3629618246728282,0.25000000000000006,False
2026-02-14T00:00:00+0000,87,TACTICAL_BUYBACK_AHR999_TO_35,AHR_VALUE_BUY,0.35,NONE,DELAY,THREE_COMPLETED_CLOSE_COOLDOWN,1,2,True,0.2579424688011834,0.2579424688011834,True
2026-02-15T00:00:00+0000,87,PENDING_AHR_BUY,AHR_VALUE_BUY,0.35,NONE,DELAY,PENDING_COMPLETED_CLOSE_COOLDOWN_ACTIVE,2,1,True,0.26087248626686566,0.26087248626686566,True
2026-02-16T00:00:00+0000,87,PENDING_AHR_BUY,AHR_VALUE_BUY,0.35,NONE,DELAY,PENDING_COMPLETED_CLOSE_COOLDOWN_ACTIVE,3,0,True,0.25573926964730287,0.25573926964730287,True
2026-02-17T00:00:00+0000,87,PENDING_AHR_BUY,AHR_VALUE_BUY,0.35,TACTICAL_BUYBACK_AHR999_TO_35,EXECUTE,EXECUTED,4,0,False,0.2567355665747028,0.35000000000000003,False
2026-02-21T00:00:00+0000,88,TACTICAL_SELL_STAGE4,RISK_SELL,0.25,TACTICAL_SELL_STAGE4,EXECUTE,EXECUTED,0,3,False,0.34707070285784275,0.25,False
2026-02-22T00:00:00+0000,89,TACTICAL_BUYBACK_AHR999_TO_35,AHR_VALUE_BUY,0.35,NONE,DELAY,THREE_COMPLETED_CLOSE_COOLDOWN,1,2,True,0.2500534929684031,0.2500534929684031,True
2026-02-23T00:00:00+0000,89,PENDING_AHR_BUY,AHR_VALUE_BUY,0.35,NONE,DELAY,PENDING_COMPLETED_CLOSE_COOLDOWN_ACTIVE,2,1,True,0.2490015959095137,0.2490015959095137,True
2026-02-24T00:00:00+0000,89,PENDING_AHR_BUY,AHR_VALUE_BUY,0.35,NONE,DELAY,PENDING_COMPLETED_CLOSE_COOLDOWN_ACTIVE,3,0,True,0.24028016561702067,0.24028016561702067,True
2026-02-25T00:00:00+0000,89,PENDING_AHR_BUY,AHR_VALUE_BUY,0.35,TACTICAL_BUYBACK_AHR999_TO_35,EXECUTE,EXECUTED,4,0,False,0.23896376010427836,0.35,False
2026-03-01T00:00:00+0000,90,TACTICAL_SELL_STAGE4,RISK_SELL,0.25,TACTICAL_SELL_STAGE4,EXECUTE,EXECUTED,0,3,False,0.36132185175085946,0.25,False
2026-03-02T00:00:00+0000,91,TACTICAL_BUYBACK_AHR999_TO_35,AHR_VALUE_BUY,0.35,NONE,DELAY,THREE_COMPLETED_CLOSE_COOLDOWN,1,2,True,0.2469555830645887,0.2469555830645887,True
2026-03-03T00:00:00+0000,91,PENDING_AHR_BUY,AHR_VALUE_BUY,0.35,NONE,DELAY,PENDING_COMPLETED_CLOSE_COOLDOWN_ACTIVE,2,1,True,0.25544996056499164,0.25544996056499164,True
2026-03-04T00:00:00+0000,91,PENDING_AHR_BUY,AHR_VALUE_BUY,0.35,NONE,DELAY,PENDING_COMPLETED_CLOSE_COOLDOWN_ACTIVE,3,0,True,0.2533184450238522,0.2533184450238522,True
2026-03-05T00:00:00+0000,91,PENDING_AHR_BUY,AHR_VALUE_BUY,0.35,NONE,CANCEL,AHR_VALUE_CONDITION_GONE_AT_COOLDOWN_END,4,0,False,0.26562569920717966,0.26562569920717966,True
2026-03-06T00:00:00+0000,92,TACTICAL_BUYBACK_RIGHT_TO_50,RIGHT_SIDE_TO_50,0.5,TACTICAL_BUYBACK_RIGHT_TO_50,EXECUTE,EXECUTED,5,0,False,0.2608010578967009,0.5,False
2026-03-13T00:00:00+0000,93,TACTICAL_SELL_STAGE4,RISK_SELL,0.25,TACTICAL_SELL_STAGE4,EXECUTE,EXECUTED,0,3,False,0.49932336682717166,0.25,False
2026-03-22T00:00:00+0000,94,TACTICAL_BUYBACK_AHR999_TO_35,AHR_VALUE_BUY,0.35,TACTICAL_BUYBACK_AHR999_TO_35,EXECUTE,EXECUTED,9,0,False,0.2474270585471259,0.35,False
2026-03-29T00:00:00+0000,95,TACTICAL_SELL_STAGE4,RISK_SELL,0.25,TACTICAL_SELL_STAGE4,EXECUTE,EXECUTED,0,3,False,0.34119879730391894,0.25,False
2026-03-30T00:00:00+0000,96,TACTICAL_BUYBACK_AHR999_TO_35,AHR_VALUE_BUY,0.35,NONE,DELAY,THREE_COMPLETED_CLOSE_COOLDOWN,1,2,True,0.2490285088947989,0.2490285088947989,True
2026-03-31T00:00:00+0000,96,PENDING_AHR_BUY,AHR_VALUE_BUY,0.35,NONE,DELAY,PENDING_COMPLETED_CLOSE_COOLDOWN_ACTIVE,2,1,True,0.2517661033295502,0.2517661033295502,True
2026-04-01T00:00:00+0000,96,PENDING_AHR_BUY,AHR_VALUE_BUY,0.35,NONE,DELAY,PENDING_COMPLETED_CLOSE_COOLDOWN_ACTIVE,3,0,True,0.2568820007857773,0.2568820007857773,True
2026-04-02T00:00:00+0000,96,PENDING_AHR_BUY,AHR_VALUE_BUY,0.35,TACTICAL_BUYBACK_AHR999_TO_35,EXECUTE,EXECUTED,4,0,False,0.2575018784069026,0.35,False
2026-04-06T00:00:00+0000,97,TACTICAL_SELL_STAGE4,RISK_SELL,0.25,TACTICAL_SELL_STAGE4,EXECUTE,EXECUTED,0,3,False,0.3511621254537946,0.25,False
2026-06-04T00:00:00+0000,98,TACTICAL_BUYBACK_AHR999_TO_35,AHR_VALUE_BUY,0.35,TACTICAL_BUYBACK_AHR999_TO_35,EXECUTE,EXECUTED,59,0,False,0.23401458609293457,0.3499999999999999,False
2026-06-05T00:00:00+0000,99,TACTICAL_SELL_STAGE4,RISK_SELL,0.25,TACTICAL_SELL_STAGE4,EXECUTE,EXECUTED,0,3,False,0.3477639924374875,0.25,False
2026-06-06T00:00:00+0000,100,TACTICAL_BUYBACK_AHR999_TO_35,AHR_VALUE_BUY,0.35,NONE,DELAY,THREE_COMPLETED_CLOSE_COOLDOWN,1,2,True,0.23836715969436997,0.23836715969436997,True
2026-06-07T00:00:00+0000,100,PENDING_AHR_BUY,AHR_VALUE_BUY,0.35,NONE,DELAY,PENDING_COMPLETED_CLOSE_COOLDOWN_ACTIVE,2,1,True,0.23760690559376688,0.23760690559376688,True
2026-06-08T00:00:00+0000,100,PENDING_AHR_BUY,AHR_VALUE_BUY,0.35,NONE,DELAY,PENDING_COMPLETED_CLOSE_COOLDOWN_ACTIVE,3,0,True,0.24655637344108872,0.24655637344108872,True
2026-06-09T00:00:00+0000,100,PENDING_AHR_BUY,AHR_VALUE_BUY,0.35,TACTICAL_BUYBACK_AHR999_TO_35,EXECUTE,EXECUTED,4,0,False,0.24605720075238313,0.35000000000000003,False
2026-06-13T00:00:00+0000,101,TACTICAL_SELL_STAGE4,RISK_SELL,0.25,TACTICAL_SELL_STAGE4,EXECUTE,EXECUTED,0,3,False,0.350374875278092,0.25,False
2026-06-14T00:00:00+0000,102,TACTICAL_BUYBACK_AHR999_TO_35,AHR_VALUE_BUY,0.35,NONE,DELAY,THREE_COMPLETED_CLOSE_COOLDOWN,1,2,True,0.2523658038693485,0.2523658038693485,True
2026-06-15T00:00:00+0000,102,PENDING_AHR_BUY,AHR_VALUE_BUY,0.35,NONE,DELAY,PENDING_COMPLETED_CLOSE_COOLDOWN_ACTIVE,2,1,True,0.2564657843144148,0.2564657843144148,True
2026-06-16T00:00:00+0000,102,PENDING_AHR_BUY,AHR_VALUE_BUY,0.35,NONE,DELAY,PENDING_COMPLETED_CLOSE_COOLDOWN_ACTIVE,3,0,True,0.2597879674913824,0.2597879674913824,True
2026-06-17T00:00:00+0000,102,PENDING_AHR_BUY,AHR_VALUE_BUY,0.35,TACTICAL_BUYBACK_AHR999_TO_35,EXECUTE,EXECUTED,4,0,False,0.2583421167351657,0.35,False
2026-06-21T00:00:00+0000,103,TACTICAL_SELL_STAGE4,RISK_SELL,0.25,TACTICAL_SELL_STAGE4,EXECUTE,EXECUTED,0,3,False,0.34474428956210496,0.25000000000000006,False
2026-06-22T00:00:00+0000,104,TACTICAL_BUYBACK_AHR999_TO_35,AHR_VALUE_BUY,0.35,NONE,DELAY,THREE_COMPLETED_CLOSE_COOLDOWN,1,2,True,0.24692508832473672,0.24692508832473672,True
2026-06-23T00:00:00+0000,104,PENDING_AHR_BUY,AHR_VALUE_BUY,0.35,NONE,DELAY,PENDING_COMPLETED_CLOSE_COOLDOWN_ACTIVE,2,1,True,0.24909105377428634,0.24909105377428634,True
2026-06-24T00:00:00+0000,104,PENDING_AHR_BUY,AHR_VALUE_BUY,0.35,NONE,DELAY,PENDING_COMPLETED_CLOSE_COOLDOWN_ACTIVE,3,0,True,0.2445695673212472,0.2445695673212472,True
2026-06-25T00:00:00+0000,104,PENDING_AHR_BUY,AHR_VALUE_BUY,0.35,TACTICAL_BUYBACK_AHR999_TO_35,EXECUTE,EXECUTED,4,0,False,0.23966128978454457,0.35000000000000003,False
2026-06-29T00:00:00+0000,105,TACTICAL_SELL_STAGE4,RISK_SELL,0.25,TACTICAL_SELL_STAGE4,EXECUTE,EXECUTED,0,3,False,0.3440207953023083,0.25,False
2026-06-30T00:00:00+0000,106,TACTICAL_BUYBACK_AHR999_TO_35,AHR_VALUE_BUY,0.35,NONE,DELAY,THREE_COMPLETED_CLOSE_COOLDOWN,1,2,True,0.25291542750628915,0.25291542750628915,True
2026-07-01T00:00:00+0000,106,PENDING_AHR_BUY,AHR_VALUE_BUY,0.35,NONE,DELAY,PENDING_COMPLETED_CLOSE_COOLDOWN_ACTIVE,2,1,True,0.24787008540100078,0.24787008540100078,True
2026-07-02T00:00:00+0000,106,PENDING_AHR_BUY,AHR_VALUE_BUY,0.35,NONE,DELAY,PENDING_COMPLETED_CLOSE_COOLDOWN_ACTIVE,3,0,True,0.25232585399612495,0.25232585399612495,True
2026-07-03T00:00:00+0000,106,PENDING_AHR_BUY,AHR_VALUE_BUY,0.35,TACTICAL_BUYBACK_AHR999_TO_35,EXECUTE,EXECUTED,4,0,False,0.2587455576446961,0.35,False
