strategy,signal_date,execution_4h_open,from_state,to_state,reason,cycle_id,ai_intervention
MODEL B - V3.1 FSM-only Frozen Champion,2020-02-20T00:00:00+0000,2020-02-21T00:00:00+0000,BULL,DISTRIBUTION,DISTRIBUTION_CONFIRMED,1,NONE
MODEL B - V3.1 FSM-only Frozen Champion,2020-02-27T00:00:00+0000,2020-02-28T00:00:00+0000,DISTRIBUTION,EARLY_BEAR,EARLY_BEAR_CONFIRMED,1,NONE
MODEL B - V3.1 FSM-only Frozen Champion,2020-02-29T00:00:00+0000,2020-03-01T00:00:00+0000,EARLY_BEAR,BEAR,BEAR_STAGE3_CONFIRMED,1,NONE
MODEL B - V3.1 FSM-only Frozen Champion,2020-03-12T00:00:00+0000,2020-03-13T00:00:00+0000,BEAR,DEEP_BEAR,FSM_BEAR_ACCELERATION,1,NONE
MODEL B - V3.1 FSM-only Frozen Champion,2020-03-13T00:00:00+0000,2020-03-14T00:00:00+0000,DEEP_BEAR,ACCUMULATION,AHR999_VALUE_ACCUMULATION,1,NONE
MODEL B - V3.1 FSM-only Frozen Champion,2020-03-27T00:00:00+0000,2020-03-28T00:00:00+0000,ACCUMULATION,DEEP_BEAR,ACCUMULATION_BEARISH_REBREAK,1,NONE
MODEL B - V3.1 FSM-only Frozen Champion,2020-03-29T00:00:00+0000,2020-03-30T00:00:00+0000,DEEP_BEAR,ACCUMULATION,AHR999_VALUE_ACCUMULATION,1,NONE
MODEL B - V3.1 FSM-only Frozen Champion,2020-05-08T00:00:00+0000,2020-05-09T00:00:00+0000,ACCUMULATION,NEW_BULL,NEW_BULL_ALL_SEVEN_GATES,1,NONE
MODEL B - V3.1 FSM-only Frozen Champion,2020-05-17T00:00:00+0000,2020-05-18T00:00:00+0000,NEW_BULL,BULL,NEW_BULL_REDEPLOY_COMPLETE,1,NONE
MODEL B - V3.1 FSM-only Frozen Champion,2020-06-16T00:00:00+0000,2020-06-17T00:00:00+0000,BULL,DISTRIBUTION,DISTRIBUTION_CONFIRMED,2,NONE
MODEL B - V3.1 FSM-only Frozen Champion,2020-06-20T00:00:00+0000,2020-06-21T00:00:00+0000,DISTRIBUTION,EARLY_BEAR,EARLY_BEAR_CONFIRMED,2,NONE
MODEL B - V3.1 FSM-only Frozen Champion,2020-07-14T00:00:00+0000,2020-07-15T00:00:00+0000,EARLY_BEAR,DISTRIBUTION,EARLY_BEAR_REPAIR,2,NONE
MODEL B - V3.1 FSM-only Frozen Champion,2020-09-04T00:00:00+0000,2020-09-05T00:00:00+0000,DISTRIBUTION,EARLY_BEAR,EARLY_BEAR_CONFIRMED,2,NONE
MODEL B - V3.1 FSM-only Frozen Champion,2020-09-17T00:00:00+0000,2020-09-18T00:00:00+0000,EARLY_BEAR,DISTRIBUTION,EARLY_BEAR_REPAIR,2,NONE
MODEL B - V3.1 FSM-only Frozen Champion,2021-04-20T00:00:00+0000,2021-04-21T00:00:00+0000,DISTRIBUTION,EARLY_BEAR,EARLY_BEAR_CONFIRMED,2,NONE
MODEL B - V3.1 FSM-only Frozen Champion,2021-05-03T00:00:00+0000,2021-05-04T00:00:00+0000,EARLY_BEAR,DISTRIBUTION,EARLY_BEAR_REPAIR,2,NONE
MODEL B - V3.1 FSM-only Frozen Champion,2021-05-14T00:00:00+0000,2021-05-15T00:00:00+0000,DISTRIBUTION,EARLY_BEAR,EARLY_BEAR_CONFIRMED,2,NONE
MODEL B - V3.1 FSM-only Frozen Champion,2021-05-22T00:00:00+0000,2021-05-23T00:00:00+0000,EARLY_BEAR,BEAR,BEAR_STAGE3_CONFIRMED,2,NONE
MODEL B - V3.1 FSM-only Frozen Champion,2021-05-24T00:00:00+0000,2021-05-25T00:00:00+0000,BEAR,DEEP_BEAR,FSM_BEAR_ACCELERATION,2,NONE
MODEL B - V3.1 FSM-only Frozen Champion,2021-05-25T00:00:00+0000,2021-05-26T00:00:00+0000,DEEP_BEAR,BEAR,DEEP_BEAR_STRUCTURAL_EXIT,2,NONE
MODEL B - V3.1 FSM-only Frozen Champion,2021-05-26T00:00:00+0000,2021-05-27T00:00:00+0000,BEAR,DEEP_BEAR,FSM_BEAR_ACCELERATION,2,NONE
MODEL B - V3.1 FSM-only Frozen Champion,2021-05-27T00:00:00+0000,2021-05-28T00:00:00+0000,DEEP_BEAR,BEAR,DEEP_BEAR_STRUCTURAL_EXIT,2,NONE
MODEL B - V3.1 FSM-only Frozen Champion,2021-05-28T00:00:00+0000,2021-05-29T00:00:00+0000,BEAR,DEEP_BEAR,FSM_BEAR_ACCELERATION,2,NONE
MODEL B - V3.1 FSM-only Frozen Champion,2021-05-29T00:00:00+0000,2021-05-30T00:00:00+0000,DEEP_BEAR,BEAR,DEEP_BEAR_STRUCTURAL_EXIT,2,NONE
MODEL B - V3.1 FSM-only Frozen Champion,2021-05-30T00:00:00+0000,2021-05-31T00:00:00+0000,BEAR,DEEP_BEAR,FSM_BEAR_ACCELERATION,2,NONE
MODEL B - V3.1 FSM-only Frozen Champion,2021-05-31T00:00:00+0000,2021-06-01T00:00:00+0000,DEEP_BEAR,BEAR,DEEP_BEAR_STRUCTURAL_EXIT,2,NONE
MODEL B - V3.1 FSM-only Frozen Champion,2021-06-01T00:00:00+0000,2021-06-02T00:00:00+0000,BEAR,DEEP_BEAR,FSM_BEAR_ACCELERATION,2,NONE
MODEL B - V3.1 FSM-only Frozen Champion,2021-06-02T00:00:00+0000,2021-06-03T00:00:00+0000,DEEP_BEAR,BEAR,DEEP_BEAR_STRUCTURAL_EXIT,2,NONE
MODEL B - V3.1 FSM-only Frozen Champion,2021-06-03T00:00:00+0000,2021-06-04T00:00:00+0000,BEAR,DEEP_BEAR,FSM_BEAR_ACCELERATION,2,NONE
MODEL B - V3.1 FSM-only Frozen Champion,2021-06-04T00:00:00+0000,2021-06-05T00:00:00+0000,DEEP_BEAR,BEAR,DEEP_BEAR_STRUCTURAL_EXIT,2,NONE
MODEL B - V3.1 FSM-only Frozen Champion,2021-06-05T00:00:00+0000,2021-06-06T00:00:00+0000,BEAR,DEEP_BEAR,FSM_BEAR_ACCELERATION,2,NONE
MODEL B - V3.1 FSM-only Frozen Champion,2021-06-06T00:00:00+0000,2021-06-07T00:00:00+0000,DEEP_BEAR,BEAR,DEEP_BEAR_STRUCTURAL_EXIT,2,NONE
MODEL B - V3.1 FSM-only Frozen Champion,2021-06-07T00:00:00+0000,2021-06-08T00:00:00+0000,BEAR,DEEP_BEAR,FSM_BEAR_ACCELERATION,2,NONE
MODEL B - V3.1 FSM-only Frozen Champion,2021-06-08T00:00:00+0000,2021-06-09T00:00:00+0000,DEEP_BEAR,BEAR,DEEP_BEAR_STRUCTURAL_EXIT,2,NONE
MODEL B - V3.1 FSM-only Frozen Champion,2021-06-09T00:00:00+0000,2021-06-10T00:00:00+0000,BEAR,DEEP_BEAR,FSM_BEAR_ACCELERATION,2,NONE
MODEL B - V3.1 FSM-only Frozen Champion,2021-06-10T00:00:00+0000,2021-06-11T00:00:00+0000,DEEP_BEAR,BEAR,DEEP_BEAR_STRUCTURAL_EXIT,2,NONE
MODEL B - V3.1 FSM-only Frozen Champion,2021-06-11T00:00:00+0000,2021-06-12T00:00:00+0000,BEAR,DEEP_BEAR,FSM_BEAR_ACCELERATION,2,NONE
MODEL B - V3.1 FSM-only Frozen Champion,2021-06-12T00:00:00+0000,2021-06-13T00:00:00+0000,DEEP_BEAR,BEAR,DEEP_BEAR_STRUCTURAL_EXIT,2,NONE
MODEL B - V3.1 FSM-only Frozen Champion,2021-06-13T00:00:00+0000,2021-06-14T00:00:00+0000,BEAR,DEEP_BEAR,FSM_BEAR_ACCELERATION,2,NONE
MODEL B - V3.1 FSM-only Frozen Champion,2021-06-14T00:00:00+0000,2021-06-15T00:00:00+0000,DEEP_BEAR,BEAR,DEEP_BEAR_STRUCTURAL_EXIT,2,NONE
MODEL B - V3.1 FSM-only Frozen Champion,2021-06-15T00:00:00+0000,2021-06-16T00:00:00+0000,BEAR,DEEP_BEAR,FSM_BEAR_ACCELERATION,2,NONE
MODEL B - V3.1 FSM-only Frozen Champion,2021-06-16T00:00:00+0000,2021-06-17T00:00:00+0000,DEEP_BEAR,BEAR,DEEP_BEAR_STRUCTURAL_EXIT,2,NONE
MODEL B - V3.1 FSM-only Frozen Champion,2021-06-17T00:00:00+0000,2021-06-18T00:00:00+0000,BEAR,DEEP_BEAR,FSM_BEAR_ACCELERATION,2,NONE
MODEL B - V3.1 FSM-only Frozen Champion,2021-06-18T00:00:00+0000,2021-06-19T00:00:00+0000,DEEP_BEAR,BEAR,DEEP_BEAR_STRUCTURAL_EXIT,2,NONE
MODEL B - V3.1 FSM-only Frozen Champion,2021-06-19T00:00:00+0000,2021-06-20T00:00:00+0000,BEAR,DEEP_BEAR,FSM_BEAR_ACCELERATION,2,NONE
MODEL B - V3.1 FSM-only Frozen Champion,2021-06-20T00:00:00+0000,2021-06-21T00:00:00+0000,DEEP_BEAR,BEAR,DEEP_BEAR_STRUCTURAL_EXIT,2,NONE
MODEL B - V3.1 FSM-only Frozen Champion,2021-06-21T00:00:00+0000,2021-06-22T00:00:00+0000,BEAR,DEEP_BEAR,FSM_BEAR_ACCELERATION,2,NONE
MODEL B - V3.1 FSM-only Frozen Champion,2021-06-22T00:00:00+0000,2021-06-23T00:00:00+0000,DEEP_BEAR,BEAR,DEEP_BEAR_STRUCTURAL_EXIT,2,NONE
MODEL B - V3.1 FSM-only Frozen Champion,2021-06-23T00:00:00+0000,2021-06-24T00:00:00+0000,BEAR,DEEP_BEAR,FSM_BEAR_ACCELERATION,2,NONE
MODEL B - V3.1 FSM-only Frozen Champion,2021-06-24T00:00:00+0000,2021-06-25T00:00:00+0000,DEEP_BEAR,BEAR,DEEP_BEAR_STRUCTURAL_EXIT,2,NONE
MODEL B - V3.1 FSM-only Frozen Champion,2021-06-25T00:00:00+0000,2021-06-26T00:00:00+0000,BEAR,DEEP_BEAR,FSM_BEAR_ACCELERATION,2,NONE
MODEL B - V3.1 FSM-only Frozen Champion,2021-06-26T00:00:00+0000,2021-06-27T00:00:00+0000,DEEP_BEAR,BEAR,DEEP_BEAR_STRUCTURAL_EXIT,2,NONE
MODEL B - V3.1 FSM-only Frozen Champion,2021-06-27T00:00:00+0000,2021-06-28T00:00:00+0000,BEAR,DEEP_BEAR,FSM_BEAR_ACCELERATION,2,NONE
MODEL B - V3.1 FSM-only Frozen Champion,2021-06-28T00:00:00+0000,2021-06-29T00:00:00+0000,DEEP_BEAR,BEAR,DEEP_BEAR_STRUCTURAL_EXIT,2,NONE
MODEL B - V3.1 FSM-only Frozen Champion,2021-06-29T00:00:00+0000,2021-06-30T00:00:00+0000,BEAR,DEEP_BEAR,FSM_BEAR_ACCELERATION,2,NONE
MODEL B - V3.1 FSM-only Frozen Champion,2021-06-30T00:00:00+0000,2021-07-01T00:00:00+0000,DEEP_BEAR,BEAR,DEEP_BEAR_STRUCTURAL_EXIT,2,NONE
MODEL B - V3.1 FSM-only Frozen Champion,2021-07-01T00:00:00+0000,2021-07-02T00:00:00+0000,BEAR,DEEP_BEAR,FSM_BEAR_ACCELERATION,2,NONE
MODEL B - V3.1 FSM-only Frozen Champion,2021-07-02T00:00:00+0000,2021-07-03T00:00:00+0000,DEEP_BEAR,BEAR,DEEP_BEAR_STRUCTURAL_EXIT,2,NONE
MODEL B - V3.1 FSM-only Frozen Champion,2021-07-03T00:00:00+0000,2021-07-04T00:00:00+0000,BEAR,DEEP_BEAR,FSM_BEAR_ACCELERATION,2,NONE
MODEL B - V3.1 FSM-only Frozen Champion,2021-07-04T00:00:00+0000,2021-07-05T00:00:00+0000,DEEP_BEAR,BEAR,DEEP_BEAR_STRUCTURAL_EXIT,2,NONE
MODEL B - V3.1 FSM-only Frozen Champion,2021-07-05T00:00:00+0000,2021-07-06T00:00:00+0000,BEAR,DEEP_BEAR,FSM_BEAR_ACCELERATION,2,NONE
MODEL B - V3.1 FSM-only Frozen Champion,2021-07-06T00:00:00+0000,2021-07-07T00:00:00+0000,DEEP_BEAR,BEAR,DEEP_BEAR_STRUCTURAL_EXIT,2,NONE
MODEL B - V3.1 FSM-only Frozen Champion,2021-07-07T00:00:00+0000,2021-07-08T00:00:00+0000,BEAR,DEEP_BEAR,FSM_BEAR_ACCELERATION,2,NONE
MODEL B - V3.1 FSM-only Frozen Champion,2021-07-08T00:00:00+0000,2021-07-09T00:00:00+0000,DEEP_BEAR,BEAR,DEEP_BEAR_STRUCTURAL_EXIT,2,NONE
MODEL B - V3.1 FSM-only Frozen Champion,2021-07-09T00:00:00+0000,2021-07-10T00:00:00+0000,BEAR,DEEP_BEAR,FSM_BEAR_ACCELERATION,2,NONE
MODEL B - V3.1 FSM-only Frozen Champion,2021-07-10T00:00:00+0000,2021-07-11T00:00:00+0000,DEEP_BEAR,BEAR,DEEP_BEAR_STRUCTURAL_EXIT,2,NONE
MODEL B - V3.1 FSM-only Frozen Champion,2021-07-11T00:00:00+0000,2021-07-12T00:00:00+0000,BEAR,DEEP_BEAR,FSM_BEAR_ACCELERATION,2,NONE
MODEL B - V3.1 FSM-only Frozen Champion,2021-07-12T00:00:00+0000,2021-07-13T00:00:00+0000,DEEP_BEAR,BEAR,DEEP_BEAR_STRUCTURAL_EXIT,2,NONE
MODEL B - V3.1 FSM-only Frozen Champion,2021-07-13T00:00:00+0000,2021-07-14T00:00:00+0000,BEAR,DEEP_BEAR,FSM_BEAR_ACCELERATION,2,NONE
MODEL B - V3.1 FSM-only Frozen Champion,2021-07-14T00:00:00+0000,2021-07-15T00:00:00+0000,DEEP_BEAR,BEAR,DEEP_BEAR_STRUCTURAL_EXIT,2,NONE
MODEL B - V3.1 FSM-only Frozen Champion,2021-07-15T00:00:00+0000,2021-07-16T00:00:00+0000,BEAR,DEEP_BEAR,FSM_BEAR_ACCELERATION,2,NONE
MODEL B - V3.1 FSM-only Frozen Champion,2021-07-16T00:00:00+0000,2021-07-17T00:00:00+0000,DEEP_BEAR,BEAR,DEEP_BEAR_STRUCTURAL_EXIT,2,NONE
MODEL B - V3.1 FSM-only Frozen Champion,2021-07-17T00:00:00+0000,2021-07-18T00:00:00+0000,BEAR,DEEP_BEAR,FSM_BEAR_ACCELERATION,2,NONE
MODEL B - V3.1 FSM-only Frozen Champion,2021-07-18T00:00:00+0000,2021-07-19T00:00:00+0000,DEEP_BEAR,BEAR,DEEP_BEAR_STRUCTURAL_EXIT,2,NONE
MODEL B - V3.1 FSM-only Frozen Champion,2021-07-19T00:00:00+0000,2021-07-20T00:00:00+0000,BEAR,DEEP_BEAR,FSM_BEAR_ACCELERATION,2,NONE
MODEL B - V3.1 FSM-only Frozen Champion,2021-07-20T00:00:00+0000,2021-07-21T00:00:00+0000,DEEP_BEAR,BEAR,DEEP_BEAR_STRUCTURAL_EXIT,2,NONE
MODEL B - V3.1 FSM-only Frozen Champion,2021-07-21T00:00:00+0000,2021-07-22T00:00:00+0000,BEAR,DEEP_BEAR,FSM_BEAR_ACCELERATION,2,NONE
MODEL B - V3.1 FSM-only Frozen Champion,2021-07-22T00:00:00+0000,2021-07-23T00:00:00+0000,DEEP_BEAR,BEAR,DEEP_BEAR_STRUCTURAL_EXIT,2,NONE
MODEL B - V3.1 FSM-only Frozen Champion,2021-07-23T00:00:00+0000,2021-07-24T00:00:00+0000,BEAR,DEEP_BEAR,FSM_BEAR_ACCELERATION,2,NONE
MODEL B - V3.1 FSM-only Frozen Champion,2021-07-24T00:00:00+0000,2021-07-25T00:00:00+0000,DEEP_BEAR,BEAR,DEEP_BEAR_STRUCTURAL_EXIT,2,NONE
MODEL B - V3.1 FSM-only Frozen Champion,2021-07-25T00:00:00+0000,2021-07-26T00:00:00+0000,BEAR,DEEP_BEAR,FSM_BEAR_ACCELERATION,2,NONE
MODEL B - V3.1 FSM-only Frozen Champion,2021-07-26T00:00:00+0000,2021-07-27T00:00:00+0000,DEEP_BEAR,BEAR,DEEP_BEAR_STRUCTURAL_EXIT,2,NONE
MODEL B - V3.1 FSM-only Frozen Champion,2021-07-27T00:00:00+0000,2021-07-28T00:00:00+0000,BEAR,DEEP_BEAR,FSM_BEAR_ACCELERATION,2,NONE
MODEL B - V3.1 FSM-only Frozen Champion,2021-07-28T00:00:00+0000,2021-07-29T00:00:00+0000,DEEP_BEAR,BEAR,DEEP_BEAR_STRUCTURAL_EXIT,2,NONE
MODEL B - V3.1 FSM-only Frozen Champion,2021-07-29T00:00:00+0000,2021-07-30T00:00:00+0000,BEAR,DEEP_BEAR,FSM_BEAR_ACCELERATION,2,NONE
MODEL B - V3.1 FSM-only Frozen Champion,2021-07-30T00:00:00+0000,2021-07-31T00:00:00+0000,DEEP_BEAR,BEAR,DEEP_BEAR_STRUCTURAL_EXIT,2,NONE
MODEL B - V3.1 FSM-only Frozen Champion,2021-07-31T00:00:00+0000,2021-08-01T00:00:00+0000,BEAR,DEEP_BEAR,FSM_BEAR_ACCELERATION,2,NONE
MODEL B - V3.1 FSM-only Frozen Champion,2021-08-01T00:00:00+0000,2021-08-02T00:00:00+0000,DEEP_BEAR,BEAR,DEEP_BEAR_STRUCTURAL_EXIT,2,NONE
MODEL B - V3.1 FSM-only Frozen Champion,2021-08-02T00:00:00+0000,2021-08-03T00:00:00+0000,BEAR,DEEP_BEAR,FSM_BEAR_ACCELERATION,2,NONE
MODEL B - V3.1 FSM-only Frozen Champion,2021-08-03T00:00:00+0000,2021-08-04T00:00:00+0000,DEEP_BEAR,BEAR,DEEP_BEAR_STRUCTURAL_EXIT,2,NONE
MODEL B - V3.1 FSM-only Frozen Champion,2021-08-04T00:00:00+0000,2021-08-05T00:00:00+0000,BEAR,DEEP_BEAR,FSM_BEAR_ACCELERATION,2,NONE
MODEL B - V3.1 FSM-only Frozen Champion,2021-08-05T00:00:00+0000,2021-08-06T00:00:00+0000,DEEP_BEAR,BEAR,DEEP_BEAR_STRUCTURAL_EXIT,2,NONE
MODEL B - V3.1 FSM-only Frozen Champion,2021-08-06T00:00:00+0000,2021-08-07T00:00:00+0000,BEAR,DEEP_BEAR,FSM_BEAR_ACCELERATION,2,NONE
MODEL B - V3.1 FSM-only Frozen Champion,2021-08-07T00:00:00+0000,2021-08-08T00:00:00+0000,DEEP_BEAR,BEAR,DEEP_BEAR_STRUCTURAL_EXIT,2,NONE
MODEL B - V3.1 FSM-only Frozen Champion,2021-08-08T00:00:00+0000,2021-08-09T00:00:00+0000,BEAR,DEEP_BEAR,FSM_BEAR_ACCELERATION,2,NONE
MODEL B - V3.1 FSM-only Frozen Champion,2021-08-09T00:00:00+0000,2021-08-10T00:00:00+0000,DEEP_BEAR,BEAR,DEEP_BEAR_STRUCTURAL_EXIT,2,NONE
MODEL B - V3.1 FSM-only Frozen Champion,2021-09-24T00:00:00+0000,2021-09-25T00:00:00+0000,BEAR,DEEP_BEAR,FSM_BEAR_ACCELERATION,2,NONE
MODEL B - V3.1 FSM-only Frozen Champion,2021-09-25T00:00:00+0000,2021-09-26T00:00:00+0000,DEEP_BEAR,BEAR,DEEP_BEAR_STRUCTURAL_EXIT,2,NONE
MODEL B - V3.1 FSM-only Frozen Champion,2021-09-26T00:00:00+0000,2021-09-27T00:00:00+0000,BEAR,DEEP_BEAR,FSM_BEAR_ACCELERATION,2,NONE
MODEL B - V3.1 FSM-only Frozen Champion,2021-09-27T00:00:00+0000,2021-09-28T00:00:00+0000,DEEP_BEAR,BEAR,DEEP_BEAR_STRUCTURAL_EXIT,2,NONE
MODEL B - V3.1 FSM-only Frozen Champion,2021-09-28T00:00:00+0000,2021-09-29T00:00:00+0000,BEAR,DEEP_BEAR,FSM_BEAR_ACCELERATION,2,NONE
MODEL B - V3.1 FSM-only Frozen Champion,2021-09-29T00:00:00+0000,2021-09-30T00:00:00+0000,DEEP_BEAR,BEAR,DEEP_BEAR_STRUCTURAL_EXIT,2,NONE
MODEL B - V3.1 FSM-only Frozen Champion,2021-09-30T00:00:00+0000,2021-10-01T00:00:00+0000,BEAR,DEEP_BEAR,FSM_BEAR_ACCELERATION,2,NONE
MODEL B - V3.1 FSM-only Frozen Champion,2021-10-01T00:00:00+0000,2021-10-02T00:00:00+0000,DEEP_BEAR,BEAR,DEEP_BEAR_STRUCTURAL_EXIT,2,NONE
MODEL B - V3.1 FSM-only Frozen Champion,2022-01-03T00:00:00+0000,2022-01-04T00:00:00+0000,BEAR,DEEP_BEAR,FSM_BEAR_ACCELERATION,2,NONE
MODEL B - V3.1 FSM-only Frozen Champion,2022-01-04T00:00:00+0000,2022-01-05T00:00:00+0000,DEEP_BEAR,BEAR,DEEP_BEAR_STRUCTURAL_EXIT,2,NONE
MODEL B - V3.1 FSM-only Frozen Champion,2022-01-05T00:00:00+0000,2022-01-06T00:00:00+0000,BEAR,DEEP_BEAR,FSM_BEAR_ACCELERATION,2,NONE
MODEL B - V3.1 FSM-only Frozen Champion,2022-01-06T00:00:00+0000,2022-01-07T00:00:00+0000,DEEP_BEAR,BEAR,DEEP_BEAR_STRUCTURAL_EXIT,2,NONE
MODEL B - V3.1 FSM-only Frozen Champion,2022-01-07T00:00:00+0000,2022-01-08T00:00:00+0000,BEAR,DEEP_BEAR,FSM_BEAR_ACCELERATION,2,NONE
MODEL B - V3.1 FSM-only Frozen Champion,2022-01-08T00:00:00+0000,2022-01-09T00:00:00+0000,DEEP_BEAR,BEAR,DEEP_BEAR_STRUCTURAL_EXIT,2,NONE
MODEL B - V3.1 FSM-only Frozen Champion,2022-01-09T00:00:00+0000,2022-01-10T00:00:00+0000,BEAR,DEEP_BEAR,FSM_BEAR_ACCELERATION,2,NONE
MODEL B - V3.1 FSM-only Frozen Champion,2022-01-10T00:00:00+0000,2022-01-11T00:00:00+0000,DEEP_BEAR,BEAR,DEEP_BEAR_STRUCTURAL_EXIT,2,NONE
MODEL B - V3.1 FSM-only Frozen Champion,2022-01-11T00:00:00+0000,2022-01-12T00:00:00+0000,BEAR,DEEP_BEAR,FSM_BEAR_ACCELERATION,2,NONE
MODEL B - V3.1 FSM-only Frozen Champion,2022-01-12T00:00:00+0000,2022-01-13T00:00:00+0000,DEEP_BEAR,BEAR,DEEP_BEAR_STRUCTURAL_EXIT,2,NONE
MODEL B - V3.1 FSM-only Frozen Champion,2022-01-13T00:00:00+0000,2022-01-14T00:00:00+0000,BEAR,DEEP_BEAR,FSM_BEAR_ACCELERATION,2,NONE
MODEL B - V3.1 FSM-only Frozen Champion,2022-01-14T00:00:00+0000,2022-01-15T00:00:00+0000,DEEP_BEAR,BEAR,DEEP_BEAR_STRUCTURAL_EXIT,2,NONE
MODEL B - V3.1 FSM-only Frozen Champion,2022-01-15T00:00:00+0000,2022-01-16T00:00:00+0000,BEAR,DEEP_BEAR,FSM_BEAR_ACCELERATION,2,NONE
MODEL B - V3.1 FSM-only Frozen Champion,2022-01-16T00:00:00+0000,2022-01-17T00:00:00+0000,DEEP_BEAR,BEAR,DEEP_BEAR_STRUCTURAL_EXIT,2,NONE
MODEL B - V3.1 FSM-only Frozen Champion,2022-01-17T00:00:00+0000,2022-01-18T00:00:00+0000,BEAR,DEEP_BEAR,FSM_BEAR_ACCELERATION,2,NONE
MODEL B - V3.1 FSM-only Frozen Champion,2022-01-18T00:00:00+0000,2022-01-19T00:00:00+0000,DEEP_BEAR,BEAR,DEEP_BEAR_STRUCTURAL_EXIT,2,NONE
MODEL B - V3.1 FSM-only Frozen Champion,2022-01-19T00:00:00+0000,2022-01-20T00:00:00+0000,BEAR,DEEP_BEAR,FSM_BEAR_ACCELERATION,2,NONE
MODEL B - V3.1 FSM-only Frozen Champion,2022-01-20T00:00:00+0000,2022-01-21T00:00:00+0000,DEEP_BEAR,BEAR,DEEP_BEAR_STRUCTURAL_EXIT,2,NONE
MODEL B - V3.1 FSM-only Frozen Champion,2022-01-21T00:00:00+0000,2022-01-22T00:00:00+0000,BEAR,DEEP_BEAR,FSM_BEAR_ACCELERATION,2,NONE
MODEL B - V3.1 FSM-only Frozen Champion,2022-01-22T00:00:00+0000,2022-01-23T00:00:00+0000,DEEP_BEAR,BEAR,DEEP_BEAR_STRUCTURAL_EXIT,2,NONE
MODEL B - V3.1 FSM-only Frozen Champion,2022-01-23T00:00:00+0000,2022-01-24T00:00:00+0000,BEAR,DEEP_BEAR,FSM_BEAR_ACCELERATION,2,NONE
MODEL B - V3.1 FSM-only Frozen Champion,2022-01-24T00:00:00+0000,2022-01-25T00:00:00+0000,DEEP_BEAR,BEAR,DEEP_BEAR_STRUCTURAL_EXIT,2,NONE
MODEL B - V3.1 FSM-only Frozen Champion,2022-01-25T00:00:00+0000,2022-01-26T00:00:00+0000,BEAR,DEEP_BEAR,FSM_BEAR_ACCELERATION,2,NONE
MODEL B - V3.1 FSM-only Frozen Champion,2022-01-26T00:00:00+0000,2022-01-27T00:00:00+0000,DEEP_BEAR,BEAR,DEEP_BEAR_STRUCTURAL_EXIT,2,NONE
MODEL B - V3.1 FSM-only Frozen Champion,2022-01-27T00:00:00+0000,2022-01-28T00:00:00+0000,BEAR,DEEP_BEAR,FSM_BEAR_ACCELERATION,2,NONE
MODEL B - V3.1 FSM-only Frozen Champion,2022-01-28T00:00:00+0000,2022-01-29T00:00:00+0000,DEEP_BEAR,BEAR,DEEP_BEAR_STRUCTURAL_EXIT,2,NONE
MODEL B - V3.1 FSM-only Frozen Champion,2022-01-29T00:00:00+0000,2022-01-30T00:00:00+0000,BEAR,DEEP_BEAR,FSM_BEAR_ACCELERATION,2,NONE
MODEL B - V3.1 FSM-only Frozen Champion,2022-01-30T00:00:00+0000,2022-01-31T00:00:00+0000,DEEP_BEAR,BEAR,DEEP_BEAR_STRUCTURAL_EXIT,2,NONE
MODEL B - V3.1 FSM-only Frozen Champion,2022-01-31T00:00:00+0000,2022-02-01T00:00:00+0000,BEAR,DEEP_BEAR,FSM_BEAR_ACCELERATION,2,NONE
MODEL B - V3.1 FSM-only Frozen Champion,2022-02-01T00:00:00+0000,2022-02-02T00:00:00+0000,DEEP_BEAR,BEAR,DEEP_BEAR_STRUCTURAL_EXIT,2,NONE
MODEL B - V3.1 FSM-only Frozen Champion,2022-02-02T00:00:00+0000,2022-02-03T00:00:00+0000,BEAR,DEEP_BEAR,FSM_BEAR_ACCELERATION,2,NONE
MODEL B - V3.1 FSM-only Frozen Champion,2022-02-03T00:00:00+0000,2022-02-04T00:00:00+0000,DEEP_BEAR,BEAR,DEEP_BEAR_STRUCTURAL_EXIT,2,NONE
MODEL B - V3.1 FSM-only Frozen Champion,2022-02-04T00:00:00+0000,2022-02-05T00:00:00+0000,BEAR,DEEP_BEAR,FSM_BEAR_ACCELERATION,2,NONE
MODEL B - V3.1 FSM-only Frozen Champion,2022-02-05T00:00:00+0000,2022-02-06T00:00:00+0000,DEEP_BEAR,BEAR,DEEP_BEAR_STRUCTURAL_EXIT,2,NONE
MODEL B - V3.1 FSM-only Frozen Champion,2022-02-06T00:00:00+0000,2022-02-07T00:00:00+0000,BEAR,DEEP_BEAR,FSM_BEAR_ACCELERATION,2,NONE
MODEL B - V3.1 FSM-only Frozen Champion,2022-02-07T00:00:00+0000,2022-02-08T00:00:00+0000,DEEP_BEAR,BEAR,DEEP_BEAR_STRUCTURAL_EXIT,2,NONE
MODEL B - V3.1 FSM-only Frozen Champion,2022-02-08T00:00:00+0000,2022-02-09T00:00:00+0000,BEAR,DEEP_BEAR,FSM_BEAR_ACCELERATION,2,NONE
MODEL B - V3.1 FSM-only Frozen Champion,2022-02-09T00:00:00+0000,2022-02-10T00:00:00+0000,DEEP_BEAR,BEAR,DEEP_BEAR_STRUCTURAL_EXIT,2,NONE
MODEL B - V3.1 FSM-only Frozen Champion,2022-02-10T00:00:00+0000,2022-02-11T00:00:00+0000,BEAR,DEEP_BEAR,FSM_BEAR_ACCELERATION,2,NONE
MODEL B - V3.1 FSM-only Frozen Champion,2022-02-11T00:00:00+0000,2022-02-12T00:00:00+0000,DEEP_BEAR,BEAR,DEEP_BEAR_STRUCTURAL_EXIT,2,NONE
MODEL B - V3.1 FSM-only Frozen Champion,2022-02-12T00:00:00+0000,2022-02-13T00:00:00+0000,BEAR,DEEP_BEAR,FSM_BEAR_ACCELERATION,2,NONE
MODEL B - V3.1 FSM-only Frozen Champion,2022-02-13T00:00:00+0000,2022-02-14T00:00:00+0000,DEEP_BEAR,BEAR,DEEP_BEAR_STRUCTURAL_EXIT,2,NONE
MODEL B - V3.1 FSM-only Frozen Champion,2022-02-14T00:00:00+0000,2022-02-15T00:00:00+0000,BEAR,DEEP_BEAR,FSM_BEAR_ACCELERATION,2,NONE
MODEL B - V3.1 FSM-only Frozen Champion,2022-02-15T00:00:00+0000,2022-02-16T00:00:00+0000,DEEP_BEAR,BEAR,DEEP_BEAR_STRUCTURAL_EXIT,2,NONE
MODEL B - V3.1 FSM-only Frozen Champion,2022-02-16T00:00:00+0000,2022-02-17T00:00:00+0000,BEAR,DEEP_BEAR,FSM_BEAR_ACCELERATION,2,NONE
MODEL B - V3.1 FSM-only Frozen Champion,2022-02-17T00:00:00+0000,2022-02-18T00:00:00+0000,DEEP_BEAR,BEAR,DEEP_BEAR_STRUCTURAL_EXIT,2,NONE
MODEL B - V3.1 FSM-only Frozen Champion,2022-02-18T00:00:00+0000,2022-02-19T00:00:00+0000,BEAR,DEEP_BEAR,FSM_BEAR_ACCELERATION,2,NONE
MODEL B - V3.1 FSM-only Frozen Champion,2022-02-19T00:00:00+0000,2022-02-20T00:00:00+0000,DEEP_BEAR,BEAR,DEEP_BEAR_STRUCTURAL_EXIT,2,NONE
MODEL B - V3.1 FSM-only Frozen Champion,2022-02-20T00:00:00+0000,2022-02-21T00:00:00+0000,BEAR,DEEP_BEAR,FSM_BEAR_ACCELERATION,2,NONE
MODEL B - V3.1 FSM-only Frozen Champion,2022-02-21T00:00:00+0000,2022-02-22T00:00:00+0000,DEEP_BEAR,BEAR,DEEP_BEAR_STRUCTURAL_EXIT,2,NONE
MODEL B - V3.1 FSM-only Frozen Champion,2022-02-22T00:00:00+0000,2022-02-23T00:00:00+0000,BEAR,DEEP_BEAR,FSM_BEAR_ACCELERATION,2,NONE
MODEL B - V3.1 FSM-only Frozen Champion,2022-02-23T00:00:00+0000,2022-02-24T00:00:00+0000,DEEP_BEAR,BEAR,DEEP_BEAR_STRUCTURAL_EXIT,2,NONE
MODEL B - V3.1 FSM-only Frozen Champion,2022-02-24T00:00:00+0000,2022-02-25T00:00:00+0000,BEAR,DEEP_BEAR,FSM_BEAR_ACCELERATION,2,NONE
MODEL B - V3.1 FSM-only Frozen Champion,2022-02-25T00:00:00+0000,2022-02-26T00:00:00+0000,DEEP_BEAR,BEAR,DEEP_BEAR_STRUCTURAL_EXIT,2,NONE
MODEL B - V3.1 FSM-only Frozen Champion,2022-02-26T00:00:00+0000,2022-02-27T00:00:00+0000,BEAR,DEEP_BEAR,FSM_BEAR_ACCELERATION,2,NONE
MODEL B - V3.1 FSM-only Frozen Champion,2022-02-27T00:00:00+0000,2022-02-28T00:00:00+0000,DEEP_BEAR,BEAR,DEEP_BEAR_STRUCTURAL_EXIT,2,NONE
MODEL B - V3.1 FSM-only Frozen Champion,2022-02-28T00:00:00+0000,2022-03-01T00:00:00+0000,BEAR,DEEP_BEAR,FSM_BEAR_ACCELERATION,2,NONE
MODEL B - V3.1 FSM-only Frozen Champion,2022-03-01T00:00:00+0000,2022-03-02T00:00:00+0000,DEEP_BEAR,BEAR,DEEP_BEAR_STRUCTURAL_EXIT,2,NONE
MODEL B - V3.1 FSM-only Frozen Champion,2022-03-02T00:00:00+0000,2022-03-03T00:00:00+0000,BEAR,DEEP_BEAR,FSM_BEAR_ACCELERATION,2,NONE
MODEL B - V3.1 FSM-only Frozen Champion,2022-03-03T00:00:00+0000,2022-03-04T00:00:00+0000,DEEP_BEAR,BEAR,DEEP_BEAR_STRUCTURAL_EXIT,2,NONE
MODEL B - V3.1 FSM-only Frozen Champion,2022-03-04T00:00:00+0000,2022-03-05T00:00:00+0000,BEAR,DEEP_BEAR,FSM_BEAR_ACCELERATION,2,NONE
MODEL B - V3.1 FSM-only Frozen Champion,2022-03-20T00:00:00+0000,2022-03-21T00:00:00+0000,DEEP_BEAR,BEAR,DEEP_BEAR_STRUCTURAL_EXIT,2,NONE
MODEL B - V3.1 FSM-only Frozen Champion,2022-03-21T00:00:00+0000,2022-03-22T00:00:00+0000,BEAR,DEEP_BEAR,FSM_BEAR_ACCELERATION,2,NONE
MODEL B - V3.1 FSM-only Frozen Champion,2022-03-24T00:00:00+0000,2022-03-25T00:00:00+0000,DEEP_BEAR,BEAR,DEEP_BEAR_STRUCTURAL_EXIT,2,NONE
MODEL B - V3.1 FSM-only Frozen Champion,2022-03-25T00:00:00+0000,2022-03-26T00:00:00+0000,BEAR,DEEP_BEAR,FSM_BEAR_ACCELERATION,2,NONE
MODEL B - V3.1 FSM-only Frozen Champion,2022-03-26T00:00:00+0000,2022-03-27T00:00:00+0000,DEEP_BEAR,BEAR,DEEP_BEAR_STRUCTURAL_EXIT,2,NONE
MODEL B - V3.1 FSM-only Frozen Champion,2022-03-27T00:00:00+0000,2022-03-28T00:00:00+0000,BEAR,DEEP_BEAR,FSM_BEAR_ACCELERATION,2,NONE
MODEL B - V3.1 FSM-only Frozen Champion,2022-03-28T00:00:00+0000,2022-03-29T00:00:00+0000,DEEP_BEAR,BEAR,DEEP_BEAR_STRUCTURAL_EXIT,2,NONE
MODEL B - V3.1 FSM-only Frozen Champion,2022-03-30T00:00:00+0000,2022-03-31T00:00:00+0000,BEAR,DEEP_BEAR,FSM_BEAR_ACCELERATION,2,NONE
MODEL B - V3.1 FSM-only Frozen Champion,2022-03-31T00:00:00+0000,2022-04-01T00:00:00+0000,DEEP_BEAR,BEAR,DEEP_BEAR_STRUCTURAL_EXIT,2,NONE
MODEL B - V3.1 FSM-only Frozen Champion,2022-04-01T00:00:00+0000,2022-04-02T00:00:00+0000,BEAR,DEEP_BEAR,FSM_BEAR_ACCELERATION,2,NONE
MODEL B - V3.1 FSM-only Frozen Champion,2022-04-02T00:00:00+0000,2022-04-03T00:00:00+0000,DEEP_BEAR,BEAR,DEEP_BEAR_STRUCTURAL_EXIT,2,NONE
MODEL B - V3.1 FSM-only Frozen Champion,2022-04-03T00:00:00+0000,2022-04-04T00:00:00+0000,BEAR,DEEP_BEAR,FSM_BEAR_ACCELERATION,2,NONE
MODEL B - V3.1 FSM-only Frozen Champion,2022-04-04T00:00:00+0000,2022-04-05T00:00:00+0000,DEEP_BEAR,BEAR,DEEP_BEAR_STRUCTURAL_EXIT,2,NONE
MODEL B - V3.1 FSM-only Frozen Champion,2022-04-05T00:00:00+0000,2022-04-06T00:00:00+0000,BEAR,DEEP_BEAR,FSM_BEAR_ACCELERATION,2,NONE
MODEL B - V3.1 FSM-only Frozen Champion,2022-04-06T00:00:00+0000,2022-04-07T00:00:00+0000,DEEP_BEAR,BEAR,DEEP_BEAR_STRUCTURAL_EXIT,2,NONE
MODEL B - V3.1 FSM-only Frozen Champion,2022-04-07T00:00:00+0000,2022-04-08T00:00:00+0000,BEAR,DEEP_BEAR,FSM_BEAR_ACCELERATION,2,NONE
MODEL B - V3.1 FSM-only Frozen Champion,2022-04-08T00:00:00+0000,2022-04-09T00:00:00+0000,DEEP_BEAR,BEAR,DEEP_BEAR_STRUCTURAL_EXIT,2,NONE
MODEL B - V3.1 FSM-only Frozen Champion,2022-04-09T00:00:00+0000,2022-04-10T00:00:00+0000,BEAR,DEEP_BEAR,FSM_BEAR_ACCELERATION,2,NONE
MODEL B - V3.1 FSM-only Frozen Champion,2022-04-10T00:00:00+0000,2022-04-11T00:00:00+0000,DEEP_BEAR,BEAR,DEEP_BEAR_STRUCTURAL_EXIT,2,NONE
MODEL B - V3.1 FSM-only Frozen Champion,2022-04-11T00:00:00+0000,2022-04-12T00:00:00+0000,BEAR,DEEP_BEAR,FSM_BEAR_ACCELERATION,2,NONE
MODEL B - V3.1 FSM-only Frozen Champion,2022-06-14T00:00:00+0000,2022-06-15T00:00:00+0000,DEEP_BEAR,ACCUMULATION,AHR999_VALUE_ACCUMULATION,2,NONE
MODEL B - V3.1 FSM-only Frozen Champion,2022-06-17T00:00:00+0000,2022-06-18T00:00:00+0000,ACCUMULATION,DEEP_BEAR,ACCUMULATION_BEARISH_REBREAK,2,NONE
MODEL B - V3.1 FSM-only Frozen Champion,2022-06-18T00:00:00+0000,2022-06-19T00:00:00+0000,DEEP_BEAR,ACCUMULATION,AHR999_VALUE_ACCUMULATION,2,NONE
MODEL B - V3.1 FSM-only Frozen Champion,2022-06-25T00:00:00+0000,2022-06-26T00:00:00+0000,ACCUMULATION,DEEP_BEAR,ACCUMULATION_BEARISH_REBREAK,2,NONE
MODEL B - V3.1 FSM-only Frozen Champion,2022-06-26T00:00:00+0000,2022-06-27T00:00:00+0000,DEEP_BEAR,ACCUMULATION,AHR999_VALUE_ACCUMULATION,2,NONE
MODEL B - V3.1 FSM-only Frozen Champion,2022-07-03T00:00:00+0000,2022-07-04T00:00:00+0000,ACCUMULATION,DEEP_BEAR,ACCUMULATION_BEARISH_REBREAK,2,NONE
MODEL B - V3.1 FSM-only Frozen Champion,2022-07-04T00:00:00+0000,2022-07-05T00:00:00+0000,DEEP_BEAR,ACCUMULATION,AHR999_VALUE_ACCUMULATION,2,NONE
MODEL B - V3.1 FSM-only Frozen Champion,2022-07-11T00:00:00+0000,2022-07-12T00:00:00+0000,ACCUMULATION,DEEP_BEAR,ACCUMULATION_BEARISH_REBREAK,2,NONE
MODEL B - V3.1 FSM-only Frozen Champion,2022-07-12T00:00:00+0000,2022-07-13T00:00:00+0000,DEEP_BEAR,ACCUMULATION,AHR999_VALUE_ACCUMULATION,2,NONE
MODEL B - V3.1 FSM-only Frozen Champion,2022-07-28T00:00:00+0000,2022-07-29T00:00:00+0000,ACCUMULATION,DEEP_BEAR,ACCUMULATION_BEARISH_REBREAK,2,NONE
MODEL B - V3.1 FSM-only Frozen Champion,2022-08-26T00:00:00+0000,2022-08-27T00:00:00+0000,DEEP_BEAR,ACCUMULATION,AHR999_VALUE_ACCUMULATION,2,NONE
MODEL B - V3.1 FSM-only Frozen Champion,2022-08-28T00:00:00+0000,2022-08-29T00:00:00+0000,ACCUMULATION,DEEP_BEAR,ACCUMULATION_BEARISH_REBREAK,2,NONE
MODEL B - V3.1 FSM-only Frozen Champion,2022-08-29T00:00:00+0000,2022-08-30T00:00:00+0000,DEEP_BEAR,ACCUMULATION,AHR999_VALUE_ACCUMULATION,2,NONE
MODEL B - V3.1 FSM-only Frozen Champion,2022-09-05T00:00:00+0000,2022-09-06T00:00:00+0000,ACCUMULATION,DEEP_BEAR,ACCUMULATION_BEARISH_REBREAK,2,NONE
MODEL B - V3.1 FSM-only Frozen Champion,2022-09-06T00:00:00+0000,2022-09-07T00:00:00+0000,DEEP_BEAR,ACCUMULATION,AHR999_VALUE_ACCUMULATION,2,NONE
MODEL B - V3.1 FSM-only Frozen Champion,2022-09-13T00:00:00+0000,2022-09-14T00:00:00+0000,ACCUMULATION,DEEP_BEAR,ACCUMULATION_BEARISH_REBREAK,2,NONE
MODEL B - V3.1 FSM-only Frozen Champion,2022-09-14T00:00:00+0000,2022-09-15T00:00:00+0000,DEEP_BEAR,ACCUMULATION,AHR999_VALUE_ACCUMULATION,2,NONE
MODEL B - V3.1 FSM-only Frozen Champion,2022-09-21T00:00:00+0000,2022-09-22T00:00:00+0000,ACCUMULATION,DEEP_BEAR,ACCUMULATION_BEARISH_REBREAK,2,NONE
MODEL B - V3.1 FSM-only Frozen Champion,2022-09-22T00:00:00+0000,2022-09-23T00:00:00+0000,DEEP_BEAR,ACCUMULATION,AHR999_VALUE_ACCUMULATION,2,NONE
MODEL B - V3.1 FSM-only Frozen Champion,2022-09-29T00:00:00+0000,2022-09-30T00:00:00+0000,ACCUMULATION,DEEP_BEAR,ACCUMULATION_BEARISH_REBREAK,2,NONE
MODEL B - V3.1 FSM-only Frozen Champion,2022-09-30T00:00:00+0000,2022-10-01T00:00:00+0000,DEEP_BEAR,ACCUMULATION,AHR999_VALUE_ACCUMULATION,2,NONE
MODEL B - V3.1 FSM-only Frozen Champion,2022-10-07T00:00:00+0000,2022-10-08T00:00:00+0000,ACCUMULATION,DEEP_BEAR,ACCUMULATION_BEARISH_REBREAK,2,NONE
MODEL B - V3.1 FSM-only Frozen Champion,2022-10-08T00:00:00+0000,2022-10-09T00:00:00+0000,DEEP_BEAR,ACCUMULATION,AHR999_VALUE_ACCUMULATION,2,NONE
MODEL B - V3.1 FSM-only Frozen Champion,2022-10-15T00:00:00+0000,2022-10-16T00:00:00+0000,ACCUMULATION,DEEP_BEAR,ACCUMULATION_BEARISH_REBREAK,2,NONE
MODEL B - V3.1 FSM-only Frozen Champion,2022-10-16T00:00:00+0000,2022-10-17T00:00:00+0000,DEEP_BEAR,ACCUMULATION,AHR999_VALUE_ACCUMULATION,2,NONE
MODEL B - V3.1 FSM-only Frozen Champion,2022-10-23T00:00:00+0000,2022-10-24T00:00:00+0000,ACCUMULATION,DEEP_BEAR,ACCUMULATION_BEARISH_REBREAK,2,NONE
MODEL B - V3.1 FSM-only Frozen Champion,2022-11-06T00:00:00+0000,2022-11-07T00:00:00+0000,DEEP_BEAR,BEAR,DEEP_BEAR_STRUCTURAL_EXIT,2,NONE
MODEL B - V3.1 FSM-only Frozen Champion,2022-11-07T00:00:00+0000,2022-11-08T00:00:00+0000,BEAR,DEEP_BEAR,FSM_BEAR_ACCELERATION,2,NONE
MODEL B - V3.1 FSM-only Frozen Champion,2022-11-08T00:00:00+0000,2022-11-09T00:00:00+0000,DEEP_BEAR,ACCUMULATION,AHR999_VALUE_ACCUMULATION,2,NONE
MODEL B - V3.1 FSM-only Frozen Champion,2022-11-15T00:00:00+0000,2022-11-16T00:00:00+0000,ACCUMULATION,DEEP_BEAR,ACCUMULATION_BEARISH_REBREAK,2,NONE
MODEL B - V3.1 FSM-only Frozen Champion,2022-11-16T00:00:00+0000,2022-11-17T00:00:00+0000,DEEP_BEAR,ACCUMULATION,AHR999_VALUE_ACCUMULATION,2,NONE
MODEL B - V3.1 FSM-only Frozen Champion,2022-11-23T00:00:00+0000,2022-11-24T00:00:00+0000,ACCUMULATION,DEEP_BEAR,ACCUMULATION_BEARISH_REBREAK,2,NONE
MODEL B - V3.1 FSM-only Frozen Champion,2022-11-24T00:00:00+0000,2022-11-25T00:00:00+0000,DEEP_BEAR,ACCUMULATION,AHR999_VALUE_ACCUMULATION,2,NONE
MODEL B - V3.1 FSM-only Frozen Champion,2022-12-01T00:00:00+0000,2022-12-02T00:00:00+0000,ACCUMULATION,DEEP_BEAR,ACCUMULATION_BEARISH_REBREAK,2,NONE
MODEL B - V3.1 FSM-only Frozen Champion,2022-12-02T00:00:00+0000,2022-12-03T00:00:00+0000,DEEP_BEAR,ACCUMULATION,AHR999_VALUE_ACCUMULATION,2,NONE
MODEL B - V3.1 FSM-only Frozen Champion,2022-12-09T00:00:00+0000,2022-12-10T00:00:00+0000,ACCUMULATION,DEEP_BEAR,ACCUMULATION_BEARISH_REBREAK,2,NONE
MODEL B - V3.1 FSM-only Frozen Champion,2022-12-10T00:00:00+0000,2022-12-11T00:00:00+0000,DEEP_BEAR,ACCUMULATION,AHR999_VALUE_ACCUMULATION,2,NONE
MODEL B - V3.1 FSM-only Frozen Champion,2022-12-17T00:00:00+0000,2022-12-18T00:00:00+0000,ACCUMULATION,DEEP_BEAR,ACCUMULATION_BEARISH_REBREAK,2,NONE
MODEL B - V3.1 FSM-only Frozen Champion,2022-12-18T00:00:00+0000,2022-12-19T00:00:00+0000,DEEP_BEAR,ACCUMULATION,AHR999_VALUE_ACCUMULATION,2,NONE
MODEL B - V3.1 FSM-only Frozen Champion,2022-12-25T00:00:00+0000,2022-12-26T00:00:00+0000,ACCUMULATION,DEEP_BEAR,ACCUMULATION_BEARISH_REBREAK,2,NONE
MODEL B - V3.1 FSM-only Frozen Champion,2022-12-26T00:00:00+0000,2022-12-27T00:00:00+0000,DEEP_BEAR,ACCUMULATION,AHR999_VALUE_ACCUMULATION,2,NONE
MODEL B - V3.1 FSM-only Frozen Champion,2023-01-02T00:00:00+0000,2023-01-03T00:00:00+0000,ACCUMULATION,DEEP_BEAR,ACCUMULATION_BEARISH_REBREAK,2,NONE
MODEL B - V3.1 FSM-only Frozen Champion,2023-01-03T00:00:00+0000,2023-01-04T00:00:00+0000,DEEP_BEAR,ACCUMULATION,AHR999_VALUE_ACCUMULATION,2,NONE
MODEL B - V3.1 FSM-only Frozen Champion,2023-01-27T00:00:00+0000,2023-01-28T00:00:00+0000,ACCUMULATION,NEW_BULL,NEW_BULL_ALL_SEVEN_GATES,2,NONE
MODEL B - V3.1 FSM-only Frozen Champion,2023-02-05T00:00:00+0000,2023-02-06T00:00:00+0000,NEW_BULL,BULL,NEW_BULL_REDEPLOY_COMPLETE,2,NONE
MODEL B - V3.1 FSM-only Frozen Champion,2023-03-07T00:00:00+0000,2023-03-08T00:00:00+0000,BULL,DISTRIBUTION,DISTRIBUTION_CONFIRMED,3,NONE
MODEL B - V3.1 FSM-only Frozen Champion,2023-03-08T00:00:00+0000,2023-03-09T00:00:00+0000,DISTRIBUTION,EARLY_BEAR,EARLY_BEAR_CONFIRMED,3,NONE
MODEL B - V3.1 FSM-only Frozen Champion,2023-03-11T00:00:00+0000,2023-03-12T00:00:00+0000,EARLY_BEAR,BEAR,BEAR_STAGE3_CONFIRMED,3,NONE
MODEL B - V3.1 FSM-only Frozen Champion,2025-11-20T00:00:00+0000,2025-11-21T00:00:00+0000,BEAR,DEEP_BEAR,FSM_BEAR_ACCELERATION,3,NONE
MODEL B - V3.1 FSM-only Frozen Champion,2025-11-21T00:00:00+0000,2025-11-22T00:00:00+0000,DEEP_BEAR,BEAR,DEEP_BEAR_STRUCTURAL_EXIT,3,NONE
MODEL B - V3.1 FSM-only Frozen Champion,2025-11-22T00:00:00+0000,2025-11-23T00:00:00+0000,BEAR,DEEP_BEAR,FSM_BEAR_ACCELERATION,3,NONE
MODEL B - V3.1 FSM-only Frozen Champion,2025-11-23T00:00:00+0000,2025-11-24T00:00:00+0000,DEEP_BEAR,BEAR,DEEP_BEAR_STRUCTURAL_EXIT,3,NONE
MODEL B - V3.1 FSM-only Frozen Champion,2025-11-28T00:00:00+0000,2025-11-29T00:00:00+0000,BEAR,DEEP_BEAR,FSM_STRUCTURAL_STAGE4,3,NONE
MODEL B - V3.1 FSM-only Frozen Champion,2026-01-06T00:00:00+0000,2026-01-07T00:00:00+0000,DEEP_BEAR,BEAR,DEEP_BEAR_STRUCTURAL_EXIT,3,NONE
MODEL B - V3.1 FSM-only Frozen Champion,2026-01-22T00:00:00+0000,2026-01-23T00:00:00+0000,BEAR,DEEP_BEAR,FSM_STRUCTURAL_STAGE4,3,NONE
MODEL B - V3.1 FSM-only Frozen Champion,2026-02-05T00:00:00+0000,2026-02-06T00:00:00+0000,DEEP_BEAR,ACCUMULATION,AHR999_VALUE_ACCUMULATION,3,NONE
MODEL B - V3.1 FSM-only Frozen Champion,2026-02-12T00:00:00+0000,2026-02-13T00:00:00+0000,ACCUMULATION,DEEP_BEAR,ACCUMULATION_BEARISH_REBREAK,3,NONE
MODEL B - V3.1 FSM-only Frozen Champion,2026-02-13T00:00:00+0000,2026-02-14T00:00:00+0000,DEEP_BEAR,ACCUMULATION,AHR999_VALUE_ACCUMULATION,3,NONE
MODEL B - V3.1 FSM-only Frozen Champion,2026-02-20T00:00:00+0000,2026-02-21T00:00:00+0000,ACCUMULATION,DEEP_BEAR,ACCUMULATION_BEARISH_REBREAK,3,NONE
MODEL B - V3.1 FSM-only Frozen Champion,2026-02-21T00:00:00+0000,2026-02-22T00:00:00+0000,DEEP_BEAR,ACCUMULATION,AHR999_VALUE_ACCUMULATION,3,NONE
MODEL B - V3.1 FSM-only Frozen Champion,2026-02-28T00:00:00+0000,2026-03-01T00:00:00+0000,ACCUMULATION,DEEP_BEAR,ACCUMULATION_BEARISH_REBREAK,3,NONE
MODEL B - V3.1 FSM-only Frozen Champion,2026-03-01T00:00:00+0000,2026-03-02T00:00:00+0000,DEEP_BEAR,ACCUMULATION,AHR999_VALUE_ACCUMULATION,3,NONE
MODEL B - V3.1 FSM-only Frozen Champion,2026-03-12T00:00:00+0000,2026-03-13T00:00:00+0000,ACCUMULATION,DEEP_BEAR,ACCUMULATION_BEARISH_REBREAK,3,NONE
MODEL B - V3.1 FSM-only Frozen Champion,2026-03-21T00:00:00+0000,2026-03-22T00:00:00+0000,DEEP_BEAR,ACCUMULATION,AHR999_VALUE_ACCUMULATION,3,NONE
MODEL B - V3.1 FSM-only Frozen Champion,2026-03-28T00:00:00+0000,2026-03-29T00:00:00+0000,ACCUMULATION,DEEP_BEAR,ACCUMULATION_BEARISH_REBREAK,3,NONE
MODEL B - V3.1 FSM-only Frozen Champion,2026-03-29T00:00:00+0000,2026-03-30T00:00:00+0000,DEEP_BEAR,ACCUMULATION,AHR999_VALUE_ACCUMULATION,3,NONE
MODEL B - V3.1 FSM-only Frozen Champion,2026-04-05T00:00:00+0000,2026-04-06T00:00:00+0000,ACCUMULATION,DEEP_BEAR,ACCUMULATION_BEARISH_REBREAK,3,NONE
MODEL B - V3.1 FSM-only Frozen Champion,2026-04-17T00:00:00+0000,2026-04-18T00:00:00+0000,DEEP_BEAR,BEAR,DEEP_BEAR_STRUCTURAL_EXIT,3,NONE
MODEL B - V3.1 FSM-only Frozen Champion,2026-04-18T00:00:00+0000,2026-04-19T00:00:00+0000,BEAR,DEEP_BEAR,FSM_BEAR_ACCELERATION,3,NONE
MODEL B - V3.1 FSM-only Frozen Champion,2026-04-19T00:00:00+0000,2026-04-20T00:00:00+0000,DEEP_BEAR,BEAR,DEEP_BEAR_STRUCTURAL_EXIT,3,NONE
MODEL B - V3.1 FSM-only Frozen Champion,2026-04-20T00:00:00+0000,2026-04-21T00:00:00+0000,BEAR,DEEP_BEAR,FSM_BEAR_ACCELERATION,3,NONE
MODEL B - V3.1 FSM-only Frozen Champion,2026-04-21T00:00:00+0000,2026-04-22T00:00:00+0000,DEEP_BEAR,BEAR,DEEP_BEAR_STRUCTURAL_EXIT,3,NONE
MODEL B - V3.1 FSM-only Frozen Champion,2026-04-22T00:00:00+0000,2026-04-23T00:00:00+0000,BEAR,DEEP_BEAR,FSM_BEAR_ACCELERATION,3,NONE
MODEL B - V3.1 FSM-only Frozen Champion,2026-04-23T00:00:00+0000,2026-04-24T00:00:00+0000,DEEP_BEAR,BEAR,DEEP_BEAR_STRUCTURAL_EXIT,3,NONE
MODEL B - V3.1 FSM-only Frozen Champion,2026-04-24T00:00:00+0000,2026-04-25T00:00:00+0000,BEAR,DEEP_BEAR,FSM_BEAR_ACCELERATION,3,NONE
MODEL B - V3.1 FSM-only Frozen Champion,2026-04-25T00:00:00+0000,2026-04-26T00:00:00+0000,DEEP_BEAR,BEAR,DEEP_BEAR_STRUCTURAL_EXIT,3,NONE
MODEL B - V3.1 FSM-only Frozen Champion,2026-04-26T00:00:00+0000,2026-04-27T00:00:00+0000,BEAR,DEEP_BEAR,FSM_BEAR_ACCELERATION,3,NONE
MODEL B - V3.1 FSM-only Frozen Champion,2026-04-27T00:00:00+0000,2026-04-28T00:00:00+0000,DEEP_BEAR,BEAR,DEEP_BEAR_STRUCTURAL_EXIT,3,NONE
MODEL B - V3.1 FSM-only Frozen Champion,2026-04-28T00:00:00+0000,2026-04-29T00:00:00+0000,BEAR,DEEP_BEAR,FSM_BEAR_ACCELERATION,3,NONE
MODEL B - V3.1 FSM-only Frozen Champion,2026-04-29T00:00:00+0000,2026-04-30T00:00:00+0000,DEEP_BEAR,BEAR,DEEP_BEAR_STRUCTURAL_EXIT,3,NONE
MODEL B - V3.1 FSM-only Frozen Champion,2026-04-30T00:00:00+0000,2026-05-01T00:00:00+0000,BEAR,DEEP_BEAR,FSM_BEAR_ACCELERATION,3,NONE
MODEL B - V3.1 FSM-only Frozen Champion,2026-05-01T00:00:00+0000,2026-05-02T00:00:00+0000,DEEP_BEAR,BEAR,DEEP_BEAR_STRUCTURAL_EXIT,3,NONE
MODEL B - V3.1 FSM-only Frozen Champion,2026-05-02T00:00:00+0000,2026-05-03T00:00:00+0000,BEAR,DEEP_BEAR,FSM_BEAR_ACCELERATION,3,NONE
MODEL B - V3.1 FSM-only Frozen Champion,2026-05-03T00:00:00+0000,2026-05-04T00:00:00+0000,DEEP_BEAR,BEAR,DEEP_BEAR_STRUCTURAL_EXIT,3,NONE
MODEL B - V3.1 FSM-only Frozen Champion,2026-05-04T00:00:00+0000,2026-05-05T00:00:00+0000,BEAR,DEEP_BEAR,FSM_BEAR_ACCELERATION,3,NONE
MODEL B - V3.1 FSM-only Frozen Champion,2026-05-05T00:00:00+0000,2026-05-06T00:00:00+0000,DEEP_BEAR,BEAR,DEEP_BEAR_STRUCTURAL_EXIT,3,NONE
MODEL B - V3.1 FSM-only Frozen Champion,2026-05-06T00:00:00+0000,2026-05-07T00:00:00+0000,BEAR,DEEP_BEAR,FSM_BEAR_ACCELERATION,3,NONE
MODEL B - V3.1 FSM-only Frozen Champion,2026-05-07T00:00:00+0000,2026-05-08T00:00:00+0000,DEEP_BEAR,BEAR,DEEP_BEAR_STRUCTURAL_EXIT,3,NONE
MODEL B - V3.1 FSM-only Frozen Champion,2026-05-08T00:00:00+0000,2026-05-09T00:00:00+0000,BEAR,DEEP_BEAR,FSM_BEAR_ACCELERATION,3,NONE
MODEL B - V3.1 FSM-only Frozen Champion,2026-05-09T00:00:00+0000,2026-05-10T00:00:00+0000,DEEP_BEAR,BEAR,DEEP_BEAR_STRUCTURAL_EXIT,3,NONE
MODEL B - V3.1 FSM-only Frozen Champion,2026-05-10T00:00:00+0000,2026-05-11T00:00:00+0000,BEAR,DEEP_BEAR,FSM_BEAR_ACCELERATION,3,NONE
MODEL B - V3.1 FSM-only Frozen Champion,2026-05-11T00:00:00+0000,2026-05-12T00:00:00+0000,DEEP_BEAR,BEAR,DEEP_BEAR_STRUCTURAL_EXIT,3,NONE
MODEL B - V3.1 FSM-only Frozen Champion,2026-05-12T00:00:00+0000,2026-05-13T00:00:00+0000,BEAR,DEEP_BEAR,FSM_BEAR_ACCELERATION,3,NONE
MODEL B - V3.1 FSM-only Frozen Champion,2026-05-13T00:00:00+0000,2026-05-14T00:00:00+0000,DEEP_BEAR,BEAR,DEEP_BEAR_STRUCTURAL_EXIT,3,NONE
MODEL B - V3.1 FSM-only Frozen Champion,2026-05-14T00:00:00+0000,2026-05-15T00:00:00+0000,BEAR,DEEP_BEAR,FSM_BEAR_ACCELERATION,3,NONE
MODEL B - V3.1 FSM-only Frozen Champion,2026-05-15T00:00:00+0000,2026-05-16T00:00:00+0000,DEEP_BEAR,BEAR,DEEP_BEAR_STRUCTURAL_EXIT,3,NONE
MODEL B - V3.1 FSM-only Frozen Champion,2026-05-16T00:00:00+0000,2026-05-17T00:00:00+0000,BEAR,DEEP_BEAR,FSM_BEAR_ACCELERATION,3,NONE
MODEL B - V3.1 FSM-only Frozen Champion,2026-05-17T00:00:00+0000,2026-05-18T00:00:00+0000,DEEP_BEAR,BEAR,DEEP_BEAR_STRUCTURAL_EXIT,3,NONE
MODEL B - V3.1 FSM-only Frozen Champion,2026-05-18T00:00:00+0000,2026-05-19T00:00:00+0000,BEAR,DEEP_BEAR,FSM_BEAR_ACCELERATION,3,NONE
MODEL B - V3.1 FSM-only Frozen Champion,2026-05-19T00:00:00+0000,2026-05-20T00:00:00+0000,DEEP_BEAR,BEAR,DEEP_BEAR_STRUCTURAL_EXIT,3,NONE
MODEL B - V3.1 FSM-only Frozen Champion,2026-05-20T00:00:00+0000,2026-05-21T00:00:00+0000,BEAR,DEEP_BEAR,FSM_BEAR_ACCELERATION,3,NONE
MODEL B - V3.1 FSM-only Frozen Champion,2026-05-21T00:00:00+0000,2026-05-22T00:00:00+0000,DEEP_BEAR,BEAR,DEEP_BEAR_STRUCTURAL_EXIT,3,NONE
MODEL B - V3.1 FSM-only Frozen Champion,2026-05-22T00:00:00+0000,2026-05-23T00:00:00+0000,BEAR,DEEP_BEAR,FSM_BEAR_ACCELERATION,3,NONE
MODEL B - V3.1 FSM-only Frozen Champion,2026-05-23T00:00:00+0000,2026-05-24T00:00:00+0000,DEEP_BEAR,BEAR,DEEP_BEAR_STRUCTURAL_EXIT,3,NONE
MODEL B - V3.1 FSM-only Frozen Champion,2026-05-24T00:00:00+0000,2026-05-25T00:00:00+0000,BEAR,DEEP_BEAR,FSM_BEAR_ACCELERATION,3,NONE
MODEL B - V3.1 FSM-only Frozen Champion,2026-05-25T00:00:00+0000,2026-05-26T00:00:00+0000,DEEP_BEAR,BEAR,DEEP_BEAR_STRUCTURAL_EXIT,3,NONE
MODEL B - V3.1 FSM-only Frozen Champion,2026-05-26T00:00:00+0000,2026-05-27T00:00:00+0000,BEAR,DEEP_BEAR,FSM_BEAR_ACCELERATION,3,NONE
MODEL B - V3.1 FSM-only Frozen Champion,2026-05-27T00:00:00+0000,2026-05-28T00:00:00+0000,DEEP_BEAR,BEAR,DEEP_BEAR_STRUCTURAL_EXIT,3,NONE
MODEL B - V3.1 FSM-only Frozen Champion,2026-05-28T00:00:00+0000,2026-05-29T00:00:00+0000,BEAR,DEEP_BEAR,FSM_BEAR_ACCELERATION,3,NONE
MODEL B - V3.1 FSM-only Frozen Champion,2026-05-29T00:00:00+0000,2026-05-30T00:00:00+0000,DEEP_BEAR,BEAR,DEEP_BEAR_STRUCTURAL_EXIT,3,NONE
MODEL B - V3.1 FSM-only Frozen Champion,2026-05-30T00:00:00+0000,2026-05-31T00:00:00+0000,BEAR,DEEP_BEAR,FSM_BEAR_ACCELERATION,3,NONE
MODEL B - V3.1 FSM-only Frozen Champion,2026-05-31T00:00:00+0000,2026-06-01T00:00:00+0000,DEEP_BEAR,BEAR,DEEP_BEAR_STRUCTURAL_EXIT,3,NONE
MODEL B - V3.1 FSM-only Frozen Champion,2026-06-01T00:00:00+0000,2026-06-02T00:00:00+0000,BEAR,DEEP_BEAR,FSM_BEAR_ACCELERATION,3,NONE
MODEL B - V3.1 FSM-only Frozen Champion,2026-06-03T00:00:00+0000,2026-06-04T00:00:00+0000,DEEP_BEAR,ACCUMULATION,AHR999_VALUE_ACCUMULATION,3,NONE
MODEL B - V3.1 FSM-only Frozen Champion,2026-06-04T00:00:00+0000,2026-06-05T00:00:00+0000,ACCUMULATION,DEEP_BEAR,ACCUMULATION_BEARISH_REBREAK,3,NONE
MODEL B - V3.1 FSM-only Frozen Champion,2026-06-05T00:00:00+0000,2026-06-06T00:00:00+0000,DEEP_BEAR,ACCUMULATION,AHR999_VALUE_ACCUMULATION,3,NONE
MODEL B - V3.1 FSM-only Frozen Champion,2026-06-12T00:00:00+0000,2026-06-13T00:00:00+0000,ACCUMULATION,DEEP_BEAR,ACCUMULATION_BEARISH_REBREAK,3,NONE
MODEL B - V3.1 FSM-only Frozen Champion,2026-06-13T00:00:00+0000,2026-06-14T00:00:00+0000,DEEP_BEAR,ACCUMULATION,AHR999_VALUE_ACCUMULATION,3,NONE
MODEL B - V3.1 FSM-only Frozen Champion,2026-06-20T00:00:00+0000,2026-06-21T00:00:00+0000,ACCUMULATION,DEEP_BEAR,ACCUMULATION_BEARISH_REBREAK,3,NONE
MODEL B - V3.1 FSM-only Frozen Champion,2026-06-21T00:00:00+0000,2026-06-22T00:00:00+0000,DEEP_BEAR,ACCUMULATION,AHR999_VALUE_ACCUMULATION,3,NONE
MODEL B - V3.1 FSM-only Frozen Champion,2026-06-28T00:00:00+0000,2026-06-29T00:00:00+0000,ACCUMULATION,DEEP_BEAR,ACCUMULATION_BEARISH_REBREAK,3,NONE
MODEL B - V3.1 FSM-only Frozen Champion,2026-06-29T00:00:00+0000,2026-06-30T00:00:00+0000,DEEP_BEAR,ACCUMULATION,AHR999_VALUE_ACCUMULATION,3,NONE
