model,sell_event_id,ahr_event_id,sell_timestamp,ahr_timestamp,completed_daily_closes_between
B,3,4,2020-03-13T00:00:00+0000,2020-03-14T00:00:00+0000,1
B,5,6,2020-03-28T00:00:00+0000,2020-03-30T00:00:00+0000,2
B,27,28,2022-06-18T00:00:00+0000,2022-06-19T00:00:00+0000,1
B,29,30,2022-06-26T00:00:00+0000,2022-06-27T00:00:00+0000,1
B,31,32,2022-07-04T00:00:00+0000,2022-07-05T00:00:00+0000,1
B,33,34,2022-07-12T00:00:00+0000,2022-07-13T00:00:00+0000,1
B,39,40,2022-08-29T00:00:00+0000,2022-08-30T00:00:00+0000,1
B,41,42,2022-09-06T00:00:00+0000,2022-09-07T00:00:00+0000,1
B,43,44,2022-09-14T00:00:00+0000,2022-09-15T00:00:00+0000,1
B,45,46,2022-09-22T00:00:00+0000,2022-09-23T00:00:00+0000,1
B,47,48,2022-09-30T00:00:00+0000,2022-10-01T00:00:00+0000,1
B,49,50,2022-10-08T00:00:00+0000,2022-10-09T00:00:00+0000,1
B,51,52,2022-10-16T00:00:00+0000,2022-10-17T00:00:00+0000,1
B,55,56,2022-11-16T00:00:00+0000,2022-11-17T00:00:00+0000,1
B,57,58,2022-11-24T00:00:00+0000,2022-11-25T00:00:00+0000,1
B,59,60,2022-12-02T00:00:00+0000,2022-12-03T00:00:00+0000,1
B,61,62,2022-12-10T00:00:00+0000,2022-12-11T00:00:00+0000,1
B,63,64,2022-12-18T00:00:00+0000,2022-12-19T00:00:00+0000,1
B,65,66,2022-12-26T00:00:00+0000,2022-12-27T00:00:00+0000,1
B,67,68,2023-01-03T00:00:00+0000,2023-01-04T00:00:00+0000,1
B,86,87,2026-02-13T00:00:00+0000,2026-02-14T00:00:00+0000,1
B,88,89,2026-02-21T00:00:00+0000,2026-02-22T00:00:00+0000,1
B,90,91,2026-03-01T00:00:00+0000,2026-03-02T00:00:00+0000,1
B,95,96,2026-03-29T00:00:00+0000,2026-03-30T00:00:00+0000,1
B,99,100,2026-06-05T00:00:00+0000,2026-06-06T00:00:00+0000,1
B,101,102,2026-06-13T00:00:00+0000,2026-06-14T00:00:00+0000,1
B,103,104,2026-06-21T00:00:00+0000,2026-06-22T00:00:00+0000,1
B,105,106,2026-06-29T00:00:00+0000,2026-06-30T00:00:00+0000,1
