signal_date,signal_available_at,execution_4h_open,btc_close,btc_low,sma10,sma20,sma50,sma200,bb_lower,ahr999,bull_condition,late_bull_condition,distribution_confirmed,stage2_confirmed,stage3_condition_count,stage3_confirmed,deep_bear_confirmed,crash_rule_a,crash_rule_b,crash_rule_c,crash_override_raw,crash_override_event,right_recovery_confirmed,new_bull_gate_1_above_sma200,new_bull_gate_2_sma200_flat,new_bull_gate_3_sma50_up,new_bull_gate_4_alignment,new_bull_gate_5_close_above_sma50,new_bull_gate_6_crash_free,new_bull_gate_7_days_since_bear_low,new_bull_confirmed,regime_before,regime_after,sell_stage_before,sell_stage_after,active_target_before,active_target_after,cycle_id_before,cycle_id_after,crypto_exposure_before,actions,decision_reason,cycle_confirmed,days_in_current_regime,target_crypto_exposure,crypto_exposure_after,tactical_cash_after,ordinary_risk_off_lock_days,redeploy_days_remaining,strategy,hard_floor,btc_7d_mae,btc_7d_mfe,btc_30d_mae,btc_30d_mfe,btc_90d_mae,btc_90d_mfe
2020-03-12T00:00:00+0000,2020-03-13T00:00:00+0000,2020-03-13T00:00:00+0000,4800.0,4410.0,8117.642,8600.3875,9164.8306,8620.3676,6527.1465545730025,0.2223178086478048,False,False,True,True,5,True,False,True,True,True,True,True,False,False,False,False,True,False,False,False,False,BEAR,ACCUMULATION,3,3,0.55,0.55,1,1,0.3986331318063722,FSM_BEAR_TO_ACCUMULATION|CRASH_OVERRIDE_EVENT|TACTICAL_SELL_CRASH_OVERRIDE:notional_below_guard,ACCUMULATION_VALUE_PATH,True,0,0.55,0.3986331318063722,5729.146770024326,0,0,V3-E20 - Fixed DCA + Macro Cycle Hedge,0.2,0.04770208333333348,0.2838270833333334,0.04770208333333348,0.5335999999999999,0.04770208333333348,1.1251604166666667
2021-05-17T00:00:00+0000,2021-05-18T00:00:00+0000,2021-05-18T00:00:00+0000,43538.04,42001.0,51546.532,53872.66650000001,55968.047,39516.81225,44919.26793529133,2.2214232633623103,True,False,True,True,3,True,False,True,False,True,True,True,False,True,True,False,True,False,False,False,False,ACCUMULATION,BEAR,3,3,0.55,0.55,8,8,0.5404090994861113,FSM_ACCUMULATION_TO_BEAR|CRASH_OVERRIDE_EVENT|TACTICAL_SELL_CRASH_OVERRIDE:exposure_gap_below_guard,ACCUMULATION_FAILURE_BEAR,True,0,0.55,0.5404090994861113,122183.9925727142,0,0,V3-E20 - Fixed DCA + Macro Cycle Hedge,0.2,-0.2040236537979202,-0.015808244927883797,-0.23329552731358605,-0.015808244927883797,-0.31576272151892926,0.09789048840967585
2021-06-21T00:00:00+0000,2021-06-22T00:00:00+0000,2021-06-22T00:00:00+0000,31608.93,31251.23,37018.164,36673.2485,41892.34880000001,43082.52175,32235.95598525031,1.0266379491287458,False,False,True,True,3,True,False,True,False,False,True,True,False,False,True,False,False,False,False,False,False,ACCUMULATION,BEAR,3,3,0.6,0.55,8,8,0.5341566026893863,FSM_ACCUMULATION_TO_BEAR|CRASH_OVERRIDE_EVENT|TACTICAL_SELL_CRASH_OVERRIDE:exposure_gap_below_guard,ACCUMULATION_FAILURE_BEAR,True,0,0.55,0.5341566026893863,94992.68437000386,0,0,V3-E20 - Fixed DCA + Macro Cycle Hedge,0.2,-0.0007744646845052605,0.09780179208850148,-0.05753374125603117,0.13612608841868434,-0.05753374125603117,0.6661082801600686
2021-09-21T00:00:00+0000,2021-09-22T00:00:00+0000,2021-09-22T00:00:00+0000,40734.38,39600.0,46052.119,47171.7585,46581.5304,45778.48745,41697.03502296035,1.4276122607382942,False,False,False,True,2,True,False,False,True,False,True,True,False,False,False,True,True,False,False,True,False,EARLY_BEAR,BEAR,2,3,0.7,0.55,9,9,0.6721783469195937,FSM_EARLY_BEAR_TO_BEAR|CRASH_OVERRIDE_EVENT|TACTICAL_SELL_CRASH_OVERRIDE:executed,MACRO_BEAR_2D_CONFIRMED,True,0,0.55,0.55,105815.07195299637,0,0,V3-E20 - Fixed DCA + Macro Cycle Hedge,0.2,0.007172319794728654,0.1014101601644608,0.007172319794728654,0.6202875801718353,0.007172319794728654,0.6577110048072417
2022-01-22T00:00:00+0000,2022-01-23T00:00:00+0000,2022-01-23T00:00:00+0000,35071.42,34008.0,41018.741,42128.212,45964.361,48679.835300000006,37097.62065823315,0.8542911614625104,False,False,True,True,5,True,False,False,True,True,True,True,False,False,True,False,False,False,False,False,False,BEAR,BEAR,3,3,0.55,0.55,10,10,0.49390399084457115,CRASH_OVERRIDE_EVENT|TACTICAL_SELL_CRASH_OVERRIDE:notional_below_guard,STATE_PERSISTENCE,True,17,0.55,0.49390399084457115,115790.5893224359,0,0,V3-E20 - Fixed DCA + Macro Cycle Hedge,0.2,0.033449743409305954,0.0882604696359599,0.033449743409305954,0.2701185181552388,0.033449743409305954,0.3525200861556219
2022-05-09T00:00:00+0000,2022-05-10T00:00:00+0000,2022-05-10T00:00:00+0000,30076.31,30033.33,36419.71,38037.442,41234.6992,46208.45055000001,32942.62256070472,0.5814016149551229,False,False,True,True,5,True,True,True,True,True,True,True,False,False,False,False,False,False,False,False,False,DEEP_BEAR,DEEP_BEAR,4,4,0.25,0.25,10,10,0.19958737414590969,CRASH_OVERRIDE_EVENT|TACTICAL_SELL_CRASH_OVERRIDE:notional_below_guard,STATE_PERSISTENCE,True,23,0.25,0.19958737414590969,191803.94642277146,0,0,V3-E20 - Fixed DCA + Macro Cycle Hedge,0.2,-0.034796821817570045,0.04164673126457319,-0.04809466320835243,0.057345133096446954,-0.3692447644009521,0.057345133096446954
2022-06-13T00:00:00+0000,2022-06-14T00:00:00+0000,2022-06-14T00:00:00+0000,22487.41,21925.77,28917.49,29427.0775,31915.2396,40635.3958,25460.341793982312,0.3544664001265778,False,False,True,True,5,True,True,True,True,True,True,True,False,False,False,False,False,False,False,False,False,DEEP_BEAR,DEEP_BEAR,4,4,0.25,0.25,10,10,0.15828040555786252,CRASH_OVERRIDE_EVENT|TACTICAL_SELL_CRASH_OVERRIDE:notional_below_guard,STATE_PERSISTENCE,True,2,0.25,0.15828040555786252,191803.94642277146,0,0,V3-E20 - Fixed DCA + Macro Cycle Hedge,0.2,-0.15638172648606485,0.004282840931881582,-0.15638172648606485,0.004282840931881582,-0.16439420991568165,0.08689173186240651
2022-11-09T00:00:00+0000,2022-11-10T00:00:00+0000,2022-11-10T00:00:00+0000,15922.81,15588.0,19974.866,20009.663,19598.472,23650.4775,17664.2985576992,0.2564266591583254,False,False,True,False,3,True,False,True,True,True,True,True,False,False,False,False,True,False,False,False,False,ACCUMULATION,BEAR,4,3,0.25,0.25,10,10,0.2056377457177091,FSM_ACCUMULATION_TO_BEAR|CRASH_OVERRIDE_EVENT|TACTICAL_SELL_CRASH_OVERRIDE:exposure_gap_below_guard,ACCUMULATION_FAILURE_BEAR,True,0,0.55,0.2056377457177091,184805.15561785968,0,0,V3-E20 - Fixed DCA + Macro Cycle Hedge,0.2,0.02556332707606268,0.10540476209915228,-0.00888787845863881,0.10540476209915228,-0.00888787845863881,0.4910873143622263
2024-08-05T00:00:00+0000,2024-08-06T00:00:00+0000,2024-08-06T00:00:00+0000,54018.81,49000.0,63347.722,64803.5195,62571.3516,61537.07865,57635.502755952,0.5685394916550232,False,False,True,True,2,True,False,False,False,True,True,True,False,False,True,False,True,False,False,False,False,BEAR,BEAR,3,3,0.55,0.55,15,15,0.5083643112984066,CRASH_OVERRIDE_EVENT|TACTICAL_SELL_CRASH_OVERRIDE:exposure_gap_below_guard,STATE_PERSISTENCE,True,1,0.55,0.5083643112984066,198233.76792361372,0,0,V3-E20 - Fixed DCA + Macro Cycle Hedge,0.2,0.020647437438921834,0.14193537399287393,0.020647437438921834,0.18884514486713067,-0.001033713997031671,0.3465017093119971
2026-02-04T00:00:00+0000,2026-02-05T00:00:00+0000,2026-02-05T00:00:00+0000,73165.83,71888.0,81919.167,86456.62700000001,88522.21299999999,103311.75845,73681.18387662401,0.3632305993769247,False,False,True,True,4,True,True,False,False,True,True,True,False,False,False,False,False,False,False,False,False,DEEP_BEAR,DEEP_BEAR,4,4,0.25,0.25,18,18,0.20522968608130146,CRASH_OVERRIDE_EVENT|TACTICAL_SELL_CRASH_OVERRIDE:exposure_gap_below_guard,STATE_PERSISTENCE,True,13,0.25,0.20523852220594158,533024.833911642,0,0,V3-E20 - Fixed DCA + Macro Cycle Hedge,0.2,-0.14017431361060217,-0.03533849065882266,-0.14017431361060217,-0.0068209436016785085,-0.14017431361060217,0.10578284972643659
2026-06-05T00:00:00+0000,2026-06-06T00:00:00+0000,2026-06-06T00:00:00+0000,61056.47,59130.91,69634.13,73270.572,76417.0574,78812.91530000001,63220.50879498241,0.2964005389151909,False,False,True,True,5,True,True,False,False,True,True,True,False,False,False,False,False,False,False,False,False,DEEP_BEAR,ACCUMULATION,4,4,0.25,0.25,18,18,0.2408612454087217,FSM_DEEP_BEAR_TO_ACCUMULATION|CRASH_OVERRIDE_EVENT|TACTICAL_SELL_CRASH_OVERRIDE:exposure_gap_below_guard,ACCUMULATION_VALUE_PATH,True,0,0.25,0.2408704281205382,489452.43328994926,0,0,V3-E20 - Fixed DCA + Macro Cycle Hedge,0.2,-0.0028146075264422477,0.04208431964704151,-0.039828047707310965,0.08635071762255508,-0.039828047707310965,0.3143501417622081
