strategy,hard_floor,cycle_id,cycle_start,start_execution,start_trigger,cycle_confirmed,cycle_confirmed_date,cycle_end,reset_date,redeployment_complete_date,redeployment_interrupted_date,status,stage_1_date,stage_1_execution,stage_1_btc_price,stage_1_portfolio_exposure,stage_2_date,stage_2_execution,stage_2_btc_price,stage_2_portfolio_exposure,stage_3_date,stage_3_execution,stage_3_btc_price,stage_3_portfolio_exposure,stage_4_date,stage_4_execution,stage_4_btc_price,stage_4_portfolio_exposure,NEW_BULL_date,NEW_BULL_execution,duration_days,cycle_start_btc_price,tactical_cash_generated,tactical_cash_redeployed,subsequent_btc_30d_mae,subsequent_btc_30d_mfe,subsequent_btc_90d_mae,subsequent_btc_90d_mfe,subsequent_btc_180d_mae,subsequent_btc_180d_mfe,cycle_outcome
V3-E20 - Fixed DCA + Macro Cycle Hedge,0.2,1,2020-02-20T00:00:00+0000,2020-02-21T00:00:00+0000,DISTRIBUTION_CANDIDATE,True,2020-02-27T00:00:00+0000,2020-05-28T00:00:00+0000,2020-05-28T00:00:00+0000,2020-05-17T00:00:00+0000,,CLOSED,2020-02-20T00:00:00+0000,2020-02-21T00:00:00+0000,9596.42,0.7922066352802631,2020-02-27T00:00:00+0000,2020-02-28T00:00:00+0000,8823.21,0.7,2020-02-29T00:00:00+0000,2020-03-01T00:00:00+0000,8523.61,0.5499999999999999,,,,,2020-05-08T00:00:00+0000,2020-05-09T00:00:00+0000,98.0,9596.42,5729.146770024326,5729.146770024325,-0.49981347210730664,0.035427794948532876,-0.49981347210730664,0.04063807128074837,-0.49981347210730664,0.2797616194372483,CLOSED
V3-E20 - Fixed DCA + Macro Cycle Hedge,0.2,2,2020-06-12T00:00:00+0000,2020-06-13T00:00:00+0000,DISTRIBUTION_CANDIDATE,True,2020-06-20T00:00:00+0000,2020-08-17T00:00:00+0000,2020-08-17T00:00:00+0000,2020-08-06T00:00:00+0000,,CLOSED,2020-06-12T00:00:00+0000,2020-06-13T00:00:00+0000,9465.13,0.8117993369674812,2020-06-20T00:00:00+0000,2020-06-21T00:00:00+0000,9358.95,0.7,2020-06-30T00:00:00+0000,2020-07-01T00:00:00+0000,9138.55,0.55,,,,,2020-07-28T00:00:00+0000,2020-07-29T00:00:00+0000,66.0,9465.13,7914.268906187541,7914.268906187539,-0.04787361610458596,0.023302374082553756,-0.04787361610458596,0.2975130822291929,-0.04787361610458596,1.080887425740587,CLOSED
V3-E20 - Fixed DCA + Macro Cycle Hedge,0.2,3,2020-08-25T00:00:00+0000,2020-08-26T00:00:00+0000,DISTRIBUTION_CANDIDATE,True,2020-09-04T00:00:00+0000,2020-11-10T00:00:00+0000,2020-11-10T00:00:00+0000,2020-10-30T00:00:00+0000,,CLOSED,2020-08-25T00:00:00+0000,2020-08-26T00:00:00+0000,11318.42,0.8444267452199977,2020-09-04T00:00:00+0000,2020-09-05T00:00:00+0000,10446.25,0.7000000000000001,2020-09-12T00:00:00+0000,2020-09-13T00:00:00+0000,10440.92,0.55,,,,,2020-10-21T00:00:00+0000,2020-10-22T00:00:00+0000,77.0,11318.42,11155.910710367127,11155.910710367121,-0.10529473195021921,0.0533245806393472,-0.10529473195021921,0.6525098026049572,-0.10529473195021921,4.072136393595573,CLOSED
V3-E20 - Fixed DCA + Macro Cycle Hedge,0.2,4,2020-12-11T00:00:00+0000,2020-12-12T00:00:00+0000,DISTRIBUTION_CANDIDATE,False,,2020-12-17T00:00:00+0000,2020-12-17T00:00:00+0000,,,ABORTED_DISTRIBUTION,2020-12-11T00:00:00+0000,2020-12-12T00:00:00+0000,18036.53,0.884065317682819,,,,,,,,,,,,,,,6.0,18036.53,0.0,-0.0,0.04281089544385752,1.2500342360753427,0.04281089544385752,2.203119447033327,0.04281089544385752,2.5247910767758546,ABORTED_DISTRIBUTION
V3-E20 - Fixed DCA + Macro Cycle Hedge,0.2,5,2021-01-21T00:00:00+0000,2021-01-22T00:00:00+0000,DISTRIBUTION_CANDIDATE,False,,2021-02-04T00:00:00+0000,2021-02-04T00:00:00+0000,,,ABORTED_DISTRIBUTION,2021-01-21T00:00:00+0000,2021-01-22T00:00:00+0000,30850.13,0.85,,,,,,,,,,,,,,,14.0,30850.13,7152.663053362165,-0.0,-0.015688102448838892,0.8121803700665118,-0.015688102448838892,1.060769273905815,-0.03435252947070244,1.060769273905815,ABORTED_DISTRIBUTION
V3-E20 - Fixed DCA + Macro Cycle Hedge,0.2,6,2021-02-27T00:00:00+0000,2021-02-28T00:00:00+0000,DISTRIBUTION_CANDIDATE,False,,2021-03-09T00:00:00+0000,2021-03-09T00:00:00+0000,,,ABORTED_DISTRIBUTION,2021-02-27T00:00:00+0000,2021-02-28T00:00:00+0000,46106.43,0.85,,,,,,,,,,,,,,,10.0,46106.43,11936.558546714796,-0.0,-0.021054980834560366,0.32711185836769396,-0.2483640568137676,0.3788749204828914,-0.3538786238709005,0.3788749204828914,ABORTED_DISTRIBUTION
V3-E20 - Fixed DCA + Macro Cycle Hedge,0.2,7,2021-03-23T00:00:00+0000,2021-03-24T00:00:00+0000,DISTRIBUTION_CANDIDATE,False,,2021-04-02T00:00:00+0000,2021-04-02T00:00:00+0000,,,ABORTED_DISTRIBUTION,2021-03-23T00:00:00+0000,2021-03-24T00:00:00+0000,54340.89,0.8676658803968333,,,,,,,,,,,,,,,10.0,54340.89,0.0,-0.0,-0.056073980385672795,0.1699293110583946,-0.4183214518569718,0.1699293110583946,-0.45178759494001663,0.1699293110583946,ABORTED_DISTRIBUTION
V3-E20 - Fixed DCA + Macro Cycle Hedge,0.2,8,2021-04-20T00:00:00+0000,2021-04-21T00:00:00+0000,DISTRIBUTION_CANDIDATE,True,2021-04-21T00:00:00+0000,2021-09-10T00:00:00+0000,2021-09-10T00:00:00+0000,2021-09-02T00:00:00+0000,2021-09-10T00:00:00+0000,FAILED_NEW_BULL,2021-04-20T00:00:00+0000,2021-04-21T00:00:00+0000,56425.0,0.8499999999999999,2021-04-21T00:00:00+0000,2021-04-22T00:00:00+0000,53787.63,0.6999999999999998,2021-04-29T00:00:00+0000,2021-04-30T00:00:00+0000,53555.0,0.5499999999999999,,,,,2021-08-24T00:00:00+0000,2021-08-25T00:00:00+0000,143.0,56425.0,103094.77097263724,103185.45569871343,-0.3497547186530794,0.04319096145325663,-0.4534399645547186,0.04319096145325663,-0.47203633141338064,0.09299813912272925,FAILED_NEW_BULL
V3-E20 - Fixed DCA + Macro Cycle Hedge,0.2,9,2021-09-10T00:00:00+0000,2021-09-11T00:00:00+0000,FAILED_NEW_BULL,True,2021-09-10T00:00:00+0000,2021-11-10T00:00:00+0000,2021-11-10T00:00:00+0000,2021-10-30T00:00:00+0000,,CLOSED,,,,,2021-09-10T00:00:00+0000,2021-09-11T00:00:00+0000,44850.91,0.6999999999999998,2021-09-21T00:00:00+0000,2021-09-22T00:00:00+0000,40734.38,0.55,,,,,2021-10-21T00:00:00+0000,2021-10-22T00:00:00+0000,61.0,44850.91,86816.53507899558,84652.05756239708,-0.09178253016493998,0.2333083096864701,-0.09178253016493998,0.505562094503768,-0.2180444053420545,0.505562094503768,CLOSED
V3-E20 - Fixed DCA + Macro Cycle Hedge,0.2,10,2021-11-18T00:00:00+0000,2021-11-19T00:00:00+0000,DISTRIBUTION_CANDIDATE,True,2021-11-19T00:00:00+0000,2023-02-16T00:00:00+0000,2023-02-16T00:00:00+0000,2023-02-05T00:00:00+0000,,CLOSED,2021-11-18T00:00:00+0000,2021-11-19T00:00:00+0000,56891.62,0.8499999999999999,2021-11-19T00:00:00+0000,2021-11-20T00:00:00+0000,58052.24,0.7,2021-11-28T00:00:00+0000,2021-11-29T00:00:00+0000,57274.88,0.5499999999999999,2022-04-16T00:00:00+0000,2022-04-17T00:00:00+0000,40378.71,0.25,2023-01-27T00:00:00+0000,2023-01-28T00:00:00+0000,455.0,56891.62,346647.1323314016,349329.6311602149,-0.18913892766632423,0.049495690226434075,-0.3835397902186649,0.049495690226434075,-0.4897359224434108,0.049495690226434075,CLOSED
V3-E20 - Fixed DCA + Macro Cycle Hedge,0.2,11,2023-03-03T00:00:00+0000,2023-03-04T00:00:00+0000,DISTRIBUTION_CANDIDATE,True,2023-03-08T00:00:00+0000,2023-07-16T00:00:00+0000,2023-07-16T00:00:00+0000,2023-07-05T00:00:00+0000,,CLOSED,2023-03-03T00:00:00+0000,2023-03-04T00:00:00+0000,22354.34,0.8500000000000001,2023-03-08T00:00:00+0000,2023-03-09T00:00:00+0000,21705.44,0.7,2023-03-11T00:00:00+0000,2023-03-12T00:00:00+0000,20455.73,0.5500000000000002,,,,,2023-06-26T00:00:00+0000,2023-06-27T00:00:00+0000,135.0,22354.34,83499.33308390409,81583.878916552,-0.09857817318695172,0.2733706295958638,-0.09857817318695172,0.3629089474348157,-0.09857817318695172,0.40707486778853674,CLOSED
V3-E20 - Fixed DCA + Macro Cycle Hedge,0.2,12,2023-07-17T00:00:00+0000,2023-07-18T00:00:00+0000,DISTRIBUTION_CANDIDATE,True,2023-07-31T00:00:00+0000,2023-11-14T00:00:00+0000,2023-11-14T00:00:00+0000,2023-11-03T00:00:00+0000,,CLOSED,2023-07-17T00:00:00+0000,2023-07-18T00:00:00+0000,30138.0,0.85,2023-07-31T00:00:00+0000,2023-08-01T00:00:00+0000,29232.25,0.7,2023-08-04T00:00:00+0000,2023-08-05T00:00:00+0000,29113.99,0.5499999999999999,,,,,2023-10-25T00:00:00+0000,2023-10-26T00:00:00+0000,120.0,30138.0,94013.58837892715,94547.81069777168,-0.0467015064038756,-0.0018000530891233435,-0.16508991970270093,-0.0018000530891233435,-0.16508991970270093,0.5578684716968612,CLOSED
V3-E20 - Fixed DCA + Macro Cycle Hedge,0.2,13,2023-12-31T00:00:00+0000,2024-01-01T00:00:00+0000,DISTRIBUTION_CANDIDATE,False,,2024-01-06T00:00:00+0000,2024-01-06T00:00:00+0000,,,ABORTED_DISTRIBUTION,2023-12-31T00:00:00+0000,2024-01-01T00:00:00+0000,42283.58,0.8499999999999999,,,,,,,,,,,,,,,6.0,42283.58,26993.479442713167,-0.0,-0.06422256582815378,0.11038469306525123,-0.06422256582815378,0.7281509749174502,-0.06422256582815378,0.7281509749174502,ABORTED_DISTRIBUTION
V3-E20 - Fixed DCA + Macro Cycle Hedge,0.2,14,2024-01-14T00:00:00+0000,2024-01-15T00:00:00+0000,DISTRIBUTION_CANDIDATE,True,2024-01-15T00:00:00+0000,2024-06-16T00:00:00+0000,2024-06-16T00:00:00+0000,2024-06-05T00:00:00+0000,,CLOSED,2024-01-14T00:00:00+0000,2024-01-15T00:00:00+0000,41732.35,0.8518721826815595,2024-01-15T00:00:00+0000,2024-01-16T00:00:00+0000,42511.1,0.7,2024-01-25T00:00:00+0000,2024-01-26T00:00:00+0000,39961.09,0.5499999999999999,,,,,2024-05-27T00:00:00+0000,2024-05-28T00:00:00+0000,154.0,41732.35,147123.76021771942,155183.1896565809,-0.05186216448390757,0.1961289023982593,-0.05186216448390757,0.7509775989130736,-0.05186216448390757,0.7509775989130736,CLOSED
V3-E20 - Fixed DCA + Macro Cycle Hedge,0.2,15,2024-06-17T00:00:00+0000,2024-06-18T00:00:00+0000,DISTRIBUTION_CANDIDATE,True,2024-06-19T00:00:00+0000,2024-11-22T00:00:00+0000,2024-11-22T00:00:00+0000,2024-11-11T00:00:00+0000,,CLOSED,2024-06-17T00:00:00+0000,2024-06-18T00:00:00+0000,66504.33,0.85,2024-06-19T00:00:00+0000,2024-06-20T00:00:00+0000,64974.37,0.7,2024-06-26T00:00:00+0000,2024-06-27T00:00:00+0000,60864.99,0.5500000000000002,,,,,2024-11-02T00:00:00+0000,2024-11-03T00:00:00+0000,158.0,66504.33,159437.97050946852,163575.5456644722,-0.1600876213623985,-0.019983811580388866,-0.1885796007568229,0.026247163154639708,-0.1885796007568229,0.5250773896977836,CLOSED
V3-E20 - Fixed DCA + Macro Cycle Hedge,0.2,16,2024-12-22T00:00:00+0000,2024-12-23T00:00:00+0000,DISTRIBUTION_CANDIDATE,True,2024-12-28T00:00:00+0000,2025-05-21T00:00:00+0000,2025-05-21T00:00:00+0000,2025-05-10T00:00:00+0000,,CLOSED,2024-12-22T00:00:00+0000,2024-12-23T00:00:00+0000,95186.27,0.8499999999999999,2024-12-28T00:00:00+0000,2024-12-29T00:00:00+0000,95300.0,0.7,2025-02-07T00:00:00+0000,2025-02-08T00:00:00+0000,96506.8,0.5499999999999999,,,,,2025-05-01T00:00:00+0000,2025-05-02T00:00:00+0000,150.0,95186.27,215887.90260034462,211215.66607803918,-0.027669746907826087,0.11511691759746445,-0.17429414977601287,0.11511691759746445,-0.19817826667648608,0.1734487547416239,CLOSED
V3-E20 - Fixed DCA + Macro Cycle Hedge,0.2,17,2025-05-31T00:00:00+0000,2025-06-01T00:00:00+0000,DISTRIBUTION_CANDIDATE,False,,2025-06-11T00:00:00+0000,2025-06-11T00:00:00+0000,,,ABORTED_DISTRIBUTION,2025-05-31T00:00:00+0000,2025-06-01T00:00:00+0000,104591.88,0.8499999999999998,,,,,,,,,,,,,,,11.0,104591.88,47778.596634407244,-0.0,-0.034687300773253216,0.054330317037995624,-0.034687300773253216,0.17892928208193593,-0.18980574782669557,0.1918567674660785,ABORTED_DISTRIBUTION
V3-E20 - Fixed DCA + Macro Cycle Hedge,0.2,18,2025-06-20T00:00:00+0000,2025-06-21T00:00:00+0000,DISTRIBUTION_CANDIDATE,True,2025-06-21T00:00:00+0000,2026-09-01T00:00:00+0000,,,,OPEN_AT_END,2025-06-20T00:00:00+0000,2025-06-21T00:00:00+0000,103297.99,0.8468013160179784,2025-06-21T00:00:00+0000,2025-06-22T00:00:00+0000,102120.01,0.7,2025-08-26T00:00:00+0000,2025-08-27T00:00:00+0000,111763.22,0.55,2025-11-28T00:00:00+0000,2025-11-29T00:00:00+0000,90890.7,0.25,,,438.0,103297.99,955998.7615395674,561576.2808796255,-0.02259598662084339,0.16015016361886603,-0.02259598662084339,0.19369631490409422,-0.17965741637373578,0.20678572738927437,OPEN_AT_END
V3-E30 - Fixed DCA + Macro Cycle Hedge,0.3,1,2020-02-20T00:00:00+0000,2020-02-21T00:00:00+0000,DISTRIBUTION_CANDIDATE,True,2020-02-27T00:00:00+0000,2020-05-28T00:00:00+0000,2020-05-28T00:00:00+0000,2020-05-17T00:00:00+0000,,CLOSED,2020-02-20T00:00:00+0000,2020-02-21T00:00:00+0000,9596.42,0.7922066352802631,2020-02-27T00:00:00+0000,2020-02-28T00:00:00+0000,8823.21,0.7,2020-02-29T00:00:00+0000,2020-03-01T00:00:00+0000,8523.61,0.5499999999999999,,,,,2020-05-08T00:00:00+0000,2020-05-09T00:00:00+0000,98.0,9596.42,5729.146770024326,5729.146770024325,-0.49981347210730664,0.035427794948532876,-0.49981347210730664,0.04063807128074837,-0.49981347210730664,0.2797616194372483,CLOSED
V3-E30 - Fixed DCA + Macro Cycle Hedge,0.3,2,2020-06-12T00:00:00+0000,2020-06-13T00:00:00+0000,DISTRIBUTION_CANDIDATE,True,2020-06-20T00:00:00+0000,2020-08-17T00:00:00+0000,2020-08-17T00:00:00+0000,2020-08-06T00:00:00+0000,,CLOSED,2020-06-12T00:00:00+0000,2020-06-13T00:00:00+0000,9465.13,0.8117993369674812,2020-06-20T00:00:00+0000,2020-06-21T00:00:00+0000,9358.95,0.7,2020-06-30T00:00:00+0000,2020-07-01T00:00:00+0000,9138.55,0.55,,,,,2020-07-28T00:00:00+0000,2020-07-29T00:00:00+0000,66.0,9465.13,7914.268906187541,7914.268906187539,-0.04787361610458596,0.023302374082553756,-0.04787361610458596,0.2975130822291929,-0.04787361610458596,1.080887425740587,CLOSED
V3-E30 - Fixed DCA + Macro Cycle Hedge,0.3,3,2020-08-25T00:00:00+0000,2020-08-26T00:00:00+0000,DISTRIBUTION_CANDIDATE,True,2020-09-04T00:00:00+0000,2020-11-10T00:00:00+0000,2020-11-10T00:00:00+0000,2020-10-30T00:00:00+0000,,CLOSED,2020-08-25T00:00:00+0000,2020-08-26T00:00:00+0000,11318.42,0.8444267452199977,2020-09-04T00:00:00+0000,2020-09-05T00:00:00+0000,10446.25,0.7000000000000001,2020-09-12T00:00:00+0000,2020-09-13T00:00:00+0000,10440.92,0.55,,,,,2020-10-21T00:00:00+0000,2020-10-22T00:00:00+0000,77.0,11318.42,11155.910710367127,11155.910710367121,-0.10529473195021921,0.0533245806393472,-0.10529473195021921,0.6525098026049572,-0.10529473195021921,4.072136393595573,CLOSED
V3-E30 - Fixed DCA + Macro Cycle Hedge,0.3,4,2020-12-11T00:00:00+0000,2020-12-12T00:00:00+0000,DISTRIBUTION_CANDIDATE,False,,2020-12-17T00:00:00+0000,2020-12-17T00:00:00+0000,,,ABORTED_DISTRIBUTION,2020-12-11T00:00:00+0000,2020-12-12T00:00:00+0000,18036.53,0.884065317682819,,,,,,,,,,,,,,,6.0,18036.53,0.0,-0.0,0.04281089544385752,1.2500342360753427,0.04281089544385752,2.203119447033327,0.04281089544385752,2.5247910767758546,ABORTED_DISTRIBUTION
V3-E30 - Fixed DCA + Macro Cycle Hedge,0.3,5,2021-01-21T00:00:00+0000,2021-01-22T00:00:00+0000,DISTRIBUTION_CANDIDATE,False,,2021-02-04T00:00:00+0000,2021-02-04T00:00:00+0000,,,ABORTED_DISTRIBUTION,2021-01-21T00:00:00+0000,2021-01-22T00:00:00+0000,30850.13,0.85,,,,,,,,,,,,,,,14.0,30850.13,7152.663053362165,-0.0,-0.015688102448838892,0.8121803700665118,-0.015688102448838892,1.060769273905815,-0.03435252947070244,1.060769273905815,ABORTED_DISTRIBUTION
V3-E30 - Fixed DCA + Macro Cycle Hedge,0.3,6,2021-02-27T00:00:00+0000,2021-02-28T00:00:00+0000,DISTRIBUTION_CANDIDATE,False,,2021-03-09T00:00:00+0000,2021-03-09T00:00:00+0000,,,ABORTED_DISTRIBUTION,2021-02-27T00:00:00+0000,2021-02-28T00:00:00+0000,46106.43,0.85,,,,,,,,,,,,,,,10.0,46106.43,11936.558546714796,-0.0,-0.021054980834560366,0.32711185836769396,-0.2483640568137676,0.3788749204828914,-0.3538786238709005,0.3788749204828914,ABORTED_DISTRIBUTION
V3-E30 - Fixed DCA + Macro Cycle Hedge,0.3,7,2021-03-23T00:00:00+0000,2021-03-24T00:00:00+0000,DISTRIBUTION_CANDIDATE,False,,2021-04-02T00:00:00+0000,2021-04-02T00:00:00+0000,,,ABORTED_DISTRIBUTION,2021-03-23T00:00:00+0000,2021-03-24T00:00:00+0000,54340.89,0.8676658803968333,,,,,,,,,,,,,,,10.0,54340.89,0.0,-0.0,-0.056073980385672795,0.1699293110583946,-0.4183214518569718,0.1699293110583946,-0.45178759494001663,0.1699293110583946,ABORTED_DISTRIBUTION
V3-E30 - Fixed DCA + Macro Cycle Hedge,0.3,8,2021-04-20T00:00:00+0000,2021-04-21T00:00:00+0000,DISTRIBUTION_CANDIDATE,True,2021-04-21T00:00:00+0000,2021-09-10T00:00:00+0000,2021-09-10T00:00:00+0000,2021-09-02T00:00:00+0000,2021-09-10T00:00:00+0000,FAILED_NEW_BULL,2021-04-20T00:00:00+0000,2021-04-21T00:00:00+0000,56425.0,0.8499999999999999,2021-04-21T00:00:00+0000,2021-04-22T00:00:00+0000,53787.63,0.6999999999999998,2021-04-29T00:00:00+0000,2021-04-30T00:00:00+0000,53555.0,0.5499999999999999,,,,,2021-08-24T00:00:00+0000,2021-08-25T00:00:00+0000,143.0,56425.0,103094.77097263724,103185.45569871343,-0.3497547186530794,0.04319096145325663,-0.4534399645547186,0.04319096145325663,-0.47203633141338064,0.09299813912272925,FAILED_NEW_BULL
V3-E30 - Fixed DCA + Macro Cycle Hedge,0.3,9,2021-09-10T00:00:00+0000,2021-09-11T00:00:00+0000,FAILED_NEW_BULL,True,2021-09-10T00:00:00+0000,2021-11-10T00:00:00+0000,2021-11-10T00:00:00+0000,2021-10-30T00:00:00+0000,,CLOSED,,,,,2021-09-10T00:00:00+0000,2021-09-11T00:00:00+0000,44850.91,0.6999999999999998,2021-09-21T00:00:00+0000,2021-09-22T00:00:00+0000,40734.38,0.55,,,,,2021-10-21T00:00:00+0000,2021-10-22T00:00:00+0000,61.0,44850.91,86816.53507899558,84652.05756239708,-0.09178253016493998,0.2333083096864701,-0.09178253016493998,0.505562094503768,-0.2180444053420545,0.505562094503768,CLOSED
V3-E30 - Fixed DCA + Macro Cycle Hedge,0.3,10,2021-11-18T00:00:00+0000,2021-11-19T00:00:00+0000,DISTRIBUTION_CANDIDATE,True,2021-11-19T00:00:00+0000,2023-02-16T00:00:00+0000,2023-02-16T00:00:00+0000,2023-02-05T00:00:00+0000,,CLOSED,2021-11-18T00:00:00+0000,2021-11-19T00:00:00+0000,56891.62,0.8499999999999999,2021-11-19T00:00:00+0000,2021-11-20T00:00:00+0000,58052.24,0.7,2021-11-28T00:00:00+0000,2021-11-29T00:00:00+0000,57274.88,0.5499999999999999,2022-04-16T00:00:00+0000,2022-04-17T00:00:00+0000,40378.71,0.35000000000000003,2023-01-27T00:00:00+0000,2023-01-28T00:00:00+0000,455.0,56891.62,267433.98233202647,273489.496914889,-0.18913892766632423,0.049495690226434075,-0.3835397902186649,0.049495690226434075,-0.4897359224434108,0.049495690226434075,CLOSED
V3-E30 - Fixed DCA + Macro Cycle Hedge,0.3,11,2023-03-03T00:00:00+0000,2023-03-04T00:00:00+0000,DISTRIBUTION_CANDIDATE,True,2023-03-08T00:00:00+0000,2023-07-16T00:00:00+0000,2023-07-16T00:00:00+0000,2023-07-05T00:00:00+0000,,CLOSED,2023-03-03T00:00:00+0000,2023-03-04T00:00:00+0000,22354.34,0.8499999999999999,2023-03-08T00:00:00+0000,2023-03-09T00:00:00+0000,21705.44,0.7,2023-03-11T00:00:00+0000,2023-03-12T00:00:00+0000,20455.73,0.55,,,,,2023-06-26T00:00:00+0000,2023-06-27T00:00:00+0000,135.0,22354.34,82751.8300355569,78287.46387463492,-0.09857817318695172,0.2733706295958638,-0.09857817318695172,0.3629089474348157,-0.09857817318695172,0.40707486778853674,CLOSED
V3-E30 - Fixed DCA + Macro Cycle Hedge,0.3,12,2023-07-17T00:00:00+0000,2023-07-18T00:00:00+0000,DISTRIBUTION_CANDIDATE,True,2023-07-31T00:00:00+0000,2023-11-14T00:00:00+0000,2023-11-14T00:00:00+0000,2023-11-03T00:00:00+0000,,CLOSED,2023-07-17T00:00:00+0000,2023-07-18T00:00:00+0000,30138.0,0.85,2023-07-31T00:00:00+0000,2023-08-01T00:00:00+0000,29232.25,0.7,2023-08-04T00:00:00+0000,2023-08-05T00:00:00+0000,29113.99,0.55,,,,,2023-10-25T00:00:00+0000,2023-10-26T00:00:00+0000,120.0,30138.0,90093.00621199486,90630.95453505132,-0.0467015064038756,-0.0018000530891233435,-0.16508991970270093,-0.0018000530891233435,-0.16508991970270093,0.5578684716968612,CLOSED
V3-E30 - Fixed DCA + Macro Cycle Hedge,0.3,13,2023-12-31T00:00:00+0000,2024-01-01T00:00:00+0000,DISTRIBUTION_CANDIDATE,False,,2024-01-06T00:00:00+0000,2024-01-06T00:00:00+0000,,,ABORTED_DISTRIBUTION,2023-12-31T00:00:00+0000,2024-01-01T00:00:00+0000,42283.58,0.8499999999999999,,,,,,,,,,,,,,,6.0,42283.58,25739.48118765586,-0.0,-0.06422256582815378,0.11038469306525123,-0.06422256582815378,0.7281509749174502,-0.06422256582815378,0.7281509749174502,ABORTED_DISTRIBUTION
V3-E30 - Fixed DCA + Macro Cycle Hedge,0.3,14,2024-01-14T00:00:00+0000,2024-01-15T00:00:00+0000,DISTRIBUTION_CANDIDATE,True,2024-01-15T00:00:00+0000,2024-06-16T00:00:00+0000,2024-06-16T00:00:00+0000,2024-06-05T00:00:00+0000,,CLOSED,2024-01-14T00:00:00+0000,2024-01-15T00:00:00+0000,41732.35,0.8518704356428577,2024-01-15T00:00:00+0000,2024-01-16T00:00:00+0000,42511.1,0.7,2024-01-25T00:00:00+0000,2024-01-26T00:00:00+0000,39961.09,0.55,,,,,2024-05-27T00:00:00+0000,2024-05-28T00:00:00+0000,154.0,41732.35,141336.25921569538,148887.72643916277,-0.05186216448390757,0.1961289023982593,-0.05186216448390757,0.7509775989130736,-0.05186216448390757,0.7509775989130736,CLOSED
V3-E30 - Fixed DCA + Macro Cycle Hedge,0.3,15,2024-06-17T00:00:00+0000,2024-06-18T00:00:00+0000,DISTRIBUTION_CANDIDATE,True,2024-06-19T00:00:00+0000,2024-11-22T00:00:00+0000,2024-11-22T00:00:00+0000,2024-11-11T00:00:00+0000,,CLOSED,2024-06-17T00:00:00+0000,2024-06-18T00:00:00+0000,66504.33,0.85,2024-06-19T00:00:00+0000,2024-06-20T00:00:00+0000,64974.37,0.7,2024-06-26T00:00:00+0000,2024-06-27T00:00:00+0000,60864.99,0.55,,,,,2024-11-02T00:00:00+0000,2024-11-03T00:00:00+0000,158.0,66504.33,153031.10538498638,156991.75981485704,-0.1600876213623985,-0.019983811580388866,-0.1885796007568229,0.026247163154639708,-0.1885796007568229,0.5250773896977836,CLOSED
V3-E30 - Fixed DCA + Macro Cycle Hedge,0.3,16,2024-12-22T00:00:00+0000,2024-12-23T00:00:00+0000,DISTRIBUTION_CANDIDATE,True,2024-12-28T00:00:00+0000,2025-05-21T00:00:00+0000,2025-05-21T00:00:00+0000,2025-05-10T00:00:00+0000,,CLOSED,2024-12-22T00:00:00+0000,2024-12-23T00:00:00+0000,95186.27,0.85,2024-12-28T00:00:00+0000,2024-12-29T00:00:00+0000,95300.0,0.6999999999999998,2025-02-07T00:00:00+0000,2025-02-08T00:00:00+0000,96506.8,0.55,,,,,2025-05-01T00:00:00+0000,2025-05-02T00:00:00+0000,150.0,95186.27,207324.68027590506,202825.70607922418,-0.027669746907826087,0.11511691759746445,-0.17429414977601287,0.11511691759746445,-0.19817826667648608,0.1734487547416239,CLOSED
V3-E30 - Fixed DCA + Macro Cycle Hedge,0.3,17,2025-05-31T00:00:00+0000,2025-06-01T00:00:00+0000,DISTRIBUTION_CANDIDATE,False,,2025-06-11T00:00:00+0000,2025-06-11T00:00:00+0000,,,ABORTED_DISTRIBUTION,2025-05-31T00:00:00+0000,2025-06-01T00:00:00+0000,104591.88,0.85,,,,,,,,,,,,,,,11.0,104591.88,45739.37262154649,-0.0,-0.034687300773253216,0.054330317037995624,-0.034687300773253216,0.17892928208193593,-0.18980574782669557,0.1918567674660785,ABORTED_DISTRIBUTION
V3-E30 - Fixed DCA + Macro Cycle Hedge,0.3,18,2025-06-20T00:00:00+0000,2025-06-21T00:00:00+0000,DISTRIBUTION_CANDIDATE,True,2025-06-21T00:00:00+0000,2026-09-01T00:00:00+0000,,,,OPEN_AT_END,2025-06-20T00:00:00+0000,2025-06-21T00:00:00+0000,103297.99,0.8468024275677497,2025-06-21T00:00:00+0000,2025-06-22T00:00:00+0000,102120.01,0.7,2025-08-26T00:00:00+0000,2025-08-27T00:00:00+0000,111763.22,0.55,2025-11-28T00:00:00+0000,2025-11-29T00:00:00+0000,90890.7,0.3499999999999999,,,438.0,103297.99,655093.4787009204,345969.6994391603,-0.02259598662084339,0.16015016361886603,-0.02259598662084339,0.19369631490409422,-0.17965741637373578,0.20678572738927437,OPEN_AT_END
V3-E40 - Fixed DCA + Macro Cycle Hedge,0.4,1,2020-02-20T00:00:00+0000,2020-02-21T00:00:00+0000,DISTRIBUTION_CANDIDATE,True,2020-02-27T00:00:00+0000,2020-05-28T00:00:00+0000,2020-05-28T00:00:00+0000,2020-05-17T00:00:00+0000,,CLOSED,2020-02-20T00:00:00+0000,2020-02-21T00:00:00+0000,9596.42,0.7922066352802631,2020-02-27T00:00:00+0000,2020-02-28T00:00:00+0000,8823.21,0.7,2020-02-29T00:00:00+0000,2020-03-01T00:00:00+0000,8523.61,0.5499999999999999,,,,,2020-05-08T00:00:00+0000,2020-05-09T00:00:00+0000,98.0,9596.42,5729.146770024326,5729.146770024325,-0.49981347210730664,0.035427794948532876,-0.49981347210730664,0.04063807128074837,-0.49981347210730664,0.2797616194372483,CLOSED
V3-E40 - Fixed DCA + Macro Cycle Hedge,0.4,2,2020-06-12T00:00:00+0000,2020-06-13T00:00:00+0000,DISTRIBUTION_CANDIDATE,True,2020-06-20T00:00:00+0000,2020-08-17T00:00:00+0000,2020-08-17T00:00:00+0000,2020-08-06T00:00:00+0000,,CLOSED,2020-06-12T00:00:00+0000,2020-06-13T00:00:00+0000,9465.13,0.8117993369674812,2020-06-20T00:00:00+0000,2020-06-21T00:00:00+0000,9358.95,0.7,2020-06-30T00:00:00+0000,2020-07-01T00:00:00+0000,9138.55,0.55,,,,,2020-07-28T00:00:00+0000,2020-07-29T00:00:00+0000,66.0,9465.13,7914.268906187541,7914.268906187539,-0.04787361610458596,0.023302374082553756,-0.04787361610458596,0.2975130822291929,-0.04787361610458596,1.080887425740587,CLOSED
V3-E40 - Fixed DCA + Macro Cycle Hedge,0.4,3,2020-08-25T00:00:00+0000,2020-08-26T00:00:00+0000,DISTRIBUTION_CANDIDATE,True,2020-09-04T00:00:00+0000,2020-11-10T00:00:00+0000,2020-11-10T00:00:00+0000,2020-10-30T00:00:00+0000,,CLOSED,2020-08-25T00:00:00+0000,2020-08-26T00:00:00+0000,11318.42,0.8444267452199977,2020-09-04T00:00:00+0000,2020-09-05T00:00:00+0000,10446.25,0.7000000000000001,2020-09-12T00:00:00+0000,2020-09-13T00:00:00+0000,10440.92,0.55,,,,,2020-10-21T00:00:00+0000,2020-10-22T00:00:00+0000,77.0,11318.42,11155.910710367127,11155.910710367121,-0.10529473195021921,0.0533245806393472,-0.10529473195021921,0.6525098026049572,-0.10529473195021921,4.072136393595573,CLOSED
V3-E40 - Fixed DCA + Macro Cycle Hedge,0.4,4,2020-12-11T00:00:00+0000,2020-12-12T00:00:00+0000,DISTRIBUTION_CANDIDATE,False,,2020-12-17T00:00:00+0000,2020-12-17T00:00:00+0000,,,ABORTED_DISTRIBUTION,2020-12-11T00:00:00+0000,2020-12-12T00:00:00+0000,18036.53,0.884065317682819,,,,,,,,,,,,,,,6.0,18036.53,0.0,-0.0,0.04281089544385752,1.2500342360753427,0.04281089544385752,2.203119447033327,0.04281089544385752,2.5247910767758546,ABORTED_DISTRIBUTION
V3-E40 - Fixed DCA + Macro Cycle Hedge,0.4,5,2021-01-21T00:00:00+0000,2021-01-22T00:00:00+0000,DISTRIBUTION_CANDIDATE,False,,2021-02-04T00:00:00+0000,2021-02-04T00:00:00+0000,,,ABORTED_DISTRIBUTION,2021-01-21T00:00:00+0000,2021-01-22T00:00:00+0000,30850.13,0.85,,,,,,,,,,,,,,,14.0,30850.13,7152.663053362165,-0.0,-0.015688102448838892,0.8121803700665118,-0.015688102448838892,1.060769273905815,-0.03435252947070244,1.060769273905815,ABORTED_DISTRIBUTION
V3-E40 - Fixed DCA + Macro Cycle Hedge,0.4,6,2021-02-27T00:00:00+0000,2021-02-28T00:00:00+0000,DISTRIBUTION_CANDIDATE,False,,2021-03-09T00:00:00+0000,2021-03-09T00:00:00+0000,,,ABORTED_DISTRIBUTION,2021-02-27T00:00:00+0000,2021-02-28T00:00:00+0000,46106.43,0.85,,,,,,,,,,,,,,,10.0,46106.43,11936.558546714796,-0.0,-0.021054980834560366,0.32711185836769396,-0.2483640568137676,0.3788749204828914,-0.3538786238709005,0.3788749204828914,ABORTED_DISTRIBUTION
V3-E40 - Fixed DCA + Macro Cycle Hedge,0.4,7,2021-03-23T00:00:00+0000,2021-03-24T00:00:00+0000,DISTRIBUTION_CANDIDATE,False,,2021-04-02T00:00:00+0000,2021-04-02T00:00:00+0000,,,ABORTED_DISTRIBUTION,2021-03-23T00:00:00+0000,2021-03-24T00:00:00+0000,54340.89,0.8676658803968333,,,,,,,,,,,,,,,10.0,54340.89,0.0,-0.0,-0.056073980385672795,0.1699293110583946,-0.4183214518569718,0.1699293110583946,-0.45178759494001663,0.1699293110583946,ABORTED_DISTRIBUTION
V3-E40 - Fixed DCA + Macro Cycle Hedge,0.4,8,2021-04-20T00:00:00+0000,2021-04-21T00:00:00+0000,DISTRIBUTION_CANDIDATE,True,2021-04-21T00:00:00+0000,2021-09-10T00:00:00+0000,2021-09-10T00:00:00+0000,2021-09-02T00:00:00+0000,2021-09-10T00:00:00+0000,FAILED_NEW_BULL,2021-04-20T00:00:00+0000,2021-04-21T00:00:00+0000,56425.0,0.8499999999999999,2021-04-21T00:00:00+0000,2021-04-22T00:00:00+0000,53787.63,0.6999999999999998,2021-04-29T00:00:00+0000,2021-04-30T00:00:00+0000,53555.0,0.5499999999999999,,,,,2021-08-24T00:00:00+0000,2021-08-25T00:00:00+0000,143.0,56425.0,103094.77097263724,103185.45569871343,-0.3497547186530794,0.04319096145325663,-0.4534399645547186,0.04319096145325663,-0.47203633141338064,0.09299813912272925,FAILED_NEW_BULL
V3-E40 - Fixed DCA + Macro Cycle Hedge,0.4,9,2021-09-10T00:00:00+0000,2021-09-11T00:00:00+0000,FAILED_NEW_BULL,True,2021-09-10T00:00:00+0000,2021-11-10T00:00:00+0000,2021-11-10T00:00:00+0000,2021-10-30T00:00:00+0000,,CLOSED,,,,,2021-09-10T00:00:00+0000,2021-09-11T00:00:00+0000,44850.91,0.6999999999999998,2021-09-21T00:00:00+0000,2021-09-22T00:00:00+0000,40734.38,0.55,,,,,2021-10-21T00:00:00+0000,2021-10-22T00:00:00+0000,61.0,44850.91,86816.53507899558,84652.05756239708,-0.09178253016493998,0.2333083096864701,-0.09178253016493998,0.505562094503768,-0.2180444053420545,0.505562094503768,CLOSED
V3-E40 - Fixed DCA + Macro Cycle Hedge,0.4,10,2021-11-18T00:00:00+0000,2021-11-19T00:00:00+0000,DISTRIBUTION_CANDIDATE,True,2021-11-19T00:00:00+0000,2023-02-16T00:00:00+0000,2023-02-16T00:00:00+0000,2023-02-05T00:00:00+0000,,CLOSED,2021-11-18T00:00:00+0000,2021-11-19T00:00:00+0000,56891.62,0.8499999999999999,2021-11-19T00:00:00+0000,2021-11-20T00:00:00+0000,58052.24,0.7,2021-11-28T00:00:00+0000,2021-11-29T00:00:00+0000,57274.88,0.5499999999999999,2022-04-16T00:00:00+0000,2022-04-17T00:00:00+0000,40378.71,0.44999999999999996,2023-01-27T00:00:00+0000,2023-01-28T00:00:00+0000,455.0,56891.62,186590.8935219721,195861.61832123555,-0.18913892766632423,0.049495690226434075,-0.3835397902186649,0.049495690226434075,-0.4897359224434108,0.049495690226434075,CLOSED
V3-E40 - Fixed DCA + Macro Cycle Hedge,0.4,11,2023-03-03T00:00:00+0000,2023-03-04T00:00:00+0000,DISTRIBUTION_CANDIDATE,True,2023-03-08T00:00:00+0000,2023-07-16T00:00:00+0000,2023-07-16T00:00:00+0000,2023-07-05T00:00:00+0000,,CLOSED,2023-03-03T00:00:00+0000,2023-03-04T00:00:00+0000,22354.34,0.85,2023-03-08T00:00:00+0000,2023-03-09T00:00:00+0000,21705.44,0.7,2023-03-11T00:00:00+0000,2023-03-12T00:00:00+0000,20455.73,0.55,,,,,2023-06-26T00:00:00+0000,2023-06-27T00:00:00+0000,135.0,22354.34,80588.79926054129,73984.8710815017,-0.09857817318695172,0.2733706295958638,-0.09857817318695172,0.3629089474348157,-0.09857817318695172,0.40707486778853674,CLOSED
V3-E40 - Fixed DCA + Macro Cycle Hedge,0.4,12,2023-07-17T00:00:00+0000,2023-07-18T00:00:00+0000,DISTRIBUTION_CANDIDATE,True,2023-07-31T00:00:00+0000,2023-11-14T00:00:00+0000,2023-11-14T00:00:00+0000,2023-11-03T00:00:00+0000,,CLOSED,2023-07-17T00:00:00+0000,2023-07-18T00:00:00+0000,30138.0,0.8500000000000001,2023-07-31T00:00:00+0000,2023-08-01T00:00:00+0000,29232.25,0.7,2023-08-04T00:00:00+0000,2023-08-05T00:00:00+0000,29113.99,0.55,,,,,2023-10-25T00:00:00+0000,2023-10-26T00:00:00+0000,120.0,30138.0,85065.99800556558,85592.97151620223,-0.0467015064038756,-0.0018000530891233435,-0.16508991970270093,-0.0018000530891233435,-0.16508991970270093,0.5578684716968612,CLOSED
V3-E40 - Fixed DCA + Macro Cycle Hedge,0.4,13,2023-12-31T00:00:00+0000,2024-01-01T00:00:00+0000,DISTRIBUTION_CANDIDATE,False,,2024-01-06T00:00:00+0000,2024-01-06T00:00:00+0000,,,ABORTED_DISTRIBUTION,2023-12-31T00:00:00+0000,2024-01-01T00:00:00+0000,42283.58,0.8500000000000001,,,,,,,,,,,,,,,6.0,42283.58,24126.897504286393,-0.0,-0.06422256582815378,0.11038469306525123,-0.06422256582815378,0.7281509749174502,-0.06422256582815378,0.7281509749174502,ABORTED_DISTRIBUTION
V3-E40 - Fixed DCA + Macro Cycle Hedge,0.4,14,2024-01-14T00:00:00+0000,2024-01-15T00:00:00+0000,DISTRIBUTION_CANDIDATE,True,2024-01-15T00:00:00+0000,2024-06-16T00:00:00+0000,2024-06-16T00:00:00+0000,2024-06-05T00:00:00+0000,,CLOSED,2024-01-14T00:00:00+0000,2024-01-15T00:00:00+0000,41732.35,0.8518679682574485,2024-01-15T00:00:00+0000,2024-01-16T00:00:00+0000,42511.1,0.6999999999999998,2024-01-25T00:00:00+0000,2024-01-26T00:00:00+0000,39961.09,0.55,,,,,2024-05-27T00:00:00+0000,2024-05-28T00:00:00+0000,154.0,41732.35,133893.4637719051,140791.68442874422,-0.05186216448390757,0.1961289023982593,-0.05186216448390757,0.7509775989130736,-0.05186216448390757,0.7509775989130736,CLOSED
V3-E40 - Fixed DCA + Macro Cycle Hedge,0.4,15,2024-06-17T00:00:00+0000,2024-06-18T00:00:00+0000,DISTRIBUTION_CANDIDATE,True,2024-06-19T00:00:00+0000,2024-11-22T00:00:00+0000,2024-11-22T00:00:00+0000,2024-11-11T00:00:00+0000,,CLOSED,2024-06-17T00:00:00+0000,2024-06-18T00:00:00+0000,66504.33,0.85,2024-06-19T00:00:00+0000,2024-06-20T00:00:00+0000,64974.37,0.7,2024-06-26T00:00:00+0000,2024-06-27T00:00:00+0000,60864.99,0.5500000000000002,,,,,2024-11-02T00:00:00+0000,2024-11-03T00:00:00+0000,158.0,66504.33,144793.82850964004,148523.00808849116,-0.1600876213623985,-0.019983811580388866,-0.1885796007568229,0.026247163154639708,-0.1885796007568229,0.5250773896977836,CLOSED
V3-E40 - Fixed DCA + Macro Cycle Hedge,0.4,16,2024-12-22T00:00:00+0000,2024-12-23T00:00:00+0000,DISTRIBUTION_CANDIDATE,True,2024-12-28T00:00:00+0000,2025-05-21T00:00:00+0000,2025-05-21T00:00:00+0000,2025-05-10T00:00:00+0000,,CLOSED,2024-12-22T00:00:00+0000,2024-12-23T00:00:00+0000,95186.27,0.8499999999999999,2024-12-28T00:00:00+0000,2024-12-29T00:00:00+0000,95300.0,0.7000000000000001,2025-02-07T00:00:00+0000,2025-02-08T00:00:00+0000,96506.8,0.5499999999999999,,,,,2025-05-01T00:00:00+0000,2025-05-02T00:00:00+0000,150.0,95186.27,196336.4638298601,192059.82286322286,-0.027669746907826087,0.11511691759746445,-0.17429414977601287,0.11511691759746445,-0.19817826667648608,0.1734487547416239,CLOSED
V3-E40 - Fixed DCA + Macro Cycle Hedge,0.4,17,2025-05-31T00:00:00+0000,2025-06-01T00:00:00+0000,DISTRIBUTION_CANDIDATE,False,,2025-06-11T00:00:00+0000,2025-06-11T00:00:00+0000,,,ABORTED_DISTRIBUTION,2025-05-31T00:00:00+0000,2025-06-01T00:00:00+0000,104591.88,0.85,,,,,,,,,,,,,,,11.0,104591.88,43122.667959899416,-0.0,-0.034687300773253216,0.054330317037995624,-0.034687300773253216,0.17892928208193593,-0.18980574782669557,0.1918567674660785,ABORTED_DISTRIBUTION
V3-E40 - Fixed DCA + Macro Cycle Hedge,0.4,18,2025-06-20T00:00:00+0000,2025-06-21T00:00:00+0000,DISTRIBUTION_CANDIDATE,True,2025-06-21T00:00:00+0000,2026-09-01T00:00:00+0000,,,,OPEN_AT_END,2025-06-20T00:00:00+0000,2025-06-21T00:00:00+0000,103297.99,0.8468039923577637,2025-06-21T00:00:00+0000,2025-06-22T00:00:00+0000,102120.01,0.7,2025-08-26T00:00:00+0000,2025-08-27T00:00:00+0000,111763.22,0.55,2025-11-28T00:00:00+0000,2025-11-29T00:00:00+0000,90890.7,0.4500000000000001,,,438.0,103297.99,433571.1785769854,209868.7405658862,-0.02259598662084339,0.16015016361886603,-0.02259598662084339,0.19369631490409422,-0.17965741637373578,0.20678572738927437,OPEN_AT_END
