date,prediction_available_at,training_cutoff,model_version,btc_close,feature_price_sma50,feature_price_sma200,feature_sma50_slope,feature_sma200_slope,feature_drawdown30,feature_bb_position,feature_bb_width,bear_risk,fsm_state,fsm_stage,ai_intervention,ai_intervention_reason,ai_enabled,feature_complete,training_rows,training_positive_rows,training_negative_rows,scale_pos_weight,bear_label,label_end_date,future_min_return_60d
2020-03-08T00:00:00+0000,2020-03-09T00:00:00+0000,2019-12-31T23:59:59+0000,XGB_V3_1_Y2020_N2187_P568_SEED42,8033.31,-0.13517104780238554,-0.07465326005057349,0.006000610516465388,-0.020931354984450312,-0.22341159820423884,-0.50817674841524,0.23524194518926464,0.7609578371047974,DEEP_BEAR,4,AI_STAGE4_ACCELERATION,risk>=0.70_and_close_below_sma200,True,True,2187,568,1619,2.8503521126760565,1.0,2020-05-07T00:00:00+0000,-0.402487891043667
2020-03-10T00:00:00+0000,2020-03-11T00:00:00+0000,2019-12-31T23:59:59+0000,XGB_V3_1_Y2020_N2187_P568_SEED42,7894.56,-0.14731833682057627,-0.08818585441146642,0.00010579497426554951,-0.02269000323910142,-0.2368247044766424,-0.4488220786911785,0.2577565271482049,0.7813214063644409,DEEP_BEAR,4,AI_STAGE4_ACCELERATION,risk>=0.70_and_close_below_sma200,True,True,2187,568,1619,2.8503521126760565,1.0,2020-05-09T00:00:00+0000,-0.39198638049492307
2021-09-20T00:00:00+0000,2021-09-21T00:00:00+0000,2020-12-31T23:59:59+0000,XGB_V3_1_Y2021_N2553_P635_SEED42,43015.62,-0.07592254447361824,-0.06117506175295828,0.03626018013703414,-0.0052206362554316765,-0.18320481392376942,-0.4909187902369707,0.1952387585880369,0.7151366472244263,DEEP_BEAR,4,AI_STAGE4_ACCELERATION,risk>=0.70_and_close_below_sma200,True,True,2553,635,1918,3.0204724409448818,0.0,2021-11-19T00:00:00+0000,-0.05303282853995839
2021-09-22T00:00:00+0000,2021-09-23T00:00:00+0000,2020-12-31T23:59:59+0000,XGB_V3_1_Y2021_N2553_P635_SEED42,43543.61,-0.06735422335793284,-0.04826443474255393,0.02866829236238866,-0.0069212260112200275,-0.173179160677428,-0.29820140992934996,0.23909885075628745,0.7386852502822876,DEEP_BEAR,4,AI_STAGE4_ACCELERATION,risk>=0.70_and_close_below_sma200,True,True,2553,635,1918,3.0204724409448818,0.0,2021-11-21T00:00:00+0000,-0.057805726259260504
2024-09-30T00:00:00+0000,2024-10-01T00:00:00+0000,2023-12-31T23:59:59+0000,XGB_V3_1_Y2024_N3648_P858_SEED42,63327.59,0.05028535745325624,-0.0061998922733357276,0.018830846953616698,-0.0030640980343469293,-0.038422211424580244,0.1035692354895706,0.16758047656802744,0.7433635592460632,DEEP_BEAR,4,AI_STAGE4_ACCELERATION,risk>=0.70_and_close_below_sma200,True,True,3648,858,2790,3.2517482517482517,0.0,2024-11-29T00:00:00+0000,-0.04739166609687806
2024-10-02T00:00:00+0000,2024-10-03T00:00:00+0000,2023-12-31T23:59:59+0000,XGB_V3_1_Y2024_N3648_P858_SEED42,60649.28,0.005358393436714515,-0.04723293243259974,0.017717668811098708,-0.005055471581020599,-0.07909016368550514,-0.21445473846896568,0.14143881292619187,0.7695431113243103,DEEP_BEAR,4,AI_STAGE4_ACCELERATION,risk>=0.70_and_close_below_sma200,True,True,3648,858,2790,3.2517482517482517,0.0,2024-12-01T00:00:00+0000,-0.0053238884286836985
2024-10-04T00:00:00+0000,2024-10-05T00:00:00+0000,2023-12-31T23:59:59+0000,XGB_V3_1_Y2024_N3648_P858_SEED42,62086.0,0.026922440871350428,-0.023653248672687588,0.014669253748196276,-0.00678111377909596,-0.057274742628078634,-0.06799929627660593,0.13560757351491193,0.7704777121543884,DEEP_BEAR,4,AI_STAGE4_ACCELERATION,risk>=0.70_and_close_below_sma200,True,True,3648,858,2790,3.2517482517482517,0.0,2024-12-03T00:00:00+0000,-0.02834149405663111
2024-10-06T00:00:00+0000,2024-10-07T00:00:00+0000,2023-12-31T23:59:59+0000,XGB_V3_1_Y2024_N3648_P858_SEED42,62819.91,0.03682823456666506,-0.011731228847471353,0.011028070502862475,-0.006681499168400107,-0.04613091803577385,-0.033082089236310494,0.10574060130139966,0.7656118273735046,DEEP_BEAR,4,AI_STAGE4_ACCELERATION,risk>=0.70_and_close_below_sma200,True,True,3648,858,2790,3.2517482517482517,0.0,2024-12-05T00:00:00+0000,-0.039693148239149045
2024-10-08T00:00:00+0000,2024-10-09T00:00:00+0000,2023-12-31T23:59:59+0000,XGB_V3_1_Y2024_N3648_P858_SEED42,62160.49,0.02374179822696365,-0.021726989788686257,0.010134461749572887,-0.006886838851800969,-0.05614367275046317,-0.16124167217251995,0.09775430625337858,0.770832359790802,DEEP_BEAR,4,AI_STAGE4_ACCELERATION,risk>=0.70_and_close_below_sma200,True,True,3648,858,2790,3.2517482517482517,0.0,2024-12-07T00:00:00+0000,-0.029505880664711603
2024-10-10T00:00:00+0000,2024-10-11T00:00:00+0000,2023-12-31T23:59:59+0000,XGB_V3_1_Y2024_N3648_P858_SEED42,60326.39,-0.006723914998443159,-0.049826347303342455,0.007283472937761548,-0.007282647267488951,-0.08399298490692098,-0.36910880655005757,0.11071116178633496,0.7882122993469238,DEEP_BEAR,4,AI_STAGE4_ACCELERATION,risk>=0.70_and_close_below_sma200,True,True,3648,858,2790,3.2517482517482517,0.0,2024-12-09T00:00:00+0000,0.036693891346722296
2024-10-12T00:00:00+0000,2024-10-13T00:00:00+0000,2023-12-31T23:59:59+0000,XGB_V3_1_Y2024_N3648_P858_SEED42,63206.22,0.040235917298599544,-0.003359055084991014,0.0072174284356265606,-0.00816410952148039,-0.040265115855325107,0.05317110636003026,0.11034190772420566,0.7770048379898071,DEEP_BEAR,4,AI_STAGE4_ACCELERATION,risk>=0.70_and_close_below_sma200,True,True,3648,858,2790,3.2517482517482517,0.0,2024-12-11T00:00:00+0000,-0.005319096759781039
2026-01-11T00:00:00+0000,2026-01-12T00:00:00+0000,2025-12-31T23:59:59+0000,XGB_V3_1_Y2026_N4379_P877_SEED42,91013.65,0.01647289255368234,-0.14339631632279393,-0.0006689165316055012,-0.0148976251051538,-0.03032248874410559,0.17011823832476458,0.09216298205769825,0.7084592580795288,DEEP_BEAR,4,AI_STAGE4_ACCELERATION,risk>=0.70_and_close_below_sma200,True,True,4379,877,3502,3.993158494868871,1.0,2026-03-12T00:00:00+0000,-0.30878653916198284
2026-01-13T00:00:00+0000,2026-01-14T00:00:00+0000,2025-12-31T23:59:59+0000,XGB_V3_1_Y2026_N4379_P877_SEED42,95414.0,0.06286831909022883,-0.1008265121767482,0.00498097487767124,-0.014577984287840517,0.0,0.5653803951278121,0.1025218263010961,0.7125141024589539,DEEP_BEAR,4,AI_STAGE4_ACCELERATION,risk>=0.70_and_close_below_sma200,True,True,4379,877,3502,3.993158494868871,1.0,2026-03-14T00:00:00+0000,-0.34066426310604314
2026-01-15T00:00:00+0000,2026-01-16T00:00:00+0000,2025-12-31T23:59:59+0000,XGB_V3_1_Y2026_N4379_P877_SEED42,95604.8,0.061516634852634144,-0.09804680861283255,0.009282623563213743,-0.013754473741774409,-0.013893298297359746,0.41380751756088335,0.11992806427727658,0.7532128095626831,DEEP_BEAR,4,AI_STAGE4_ACCELERATION,risk>=0.70_and_close_below_sma200,True,True,4379,877,3502,3.993158494868871,1.0,2026-03-16T00:00:00+0000,-0.3419801097852828
2026-01-17T00:00:00+0000,2026-01-18T00:00:00+0000,2025-12-31T23:59:59+0000,XGB_V3_1_Y2026_N4379_P877_SEED42,95147.77,0.054457894879594404,-0.10142053844516297,0.011196338820732121,-0.012804999678986517,-0.018607291170930518,0.29864246915116793,0.12105516835866002,0.7347833514213562,DEEP_BEAR,4,AI_STAGE4_ACCELERATION,risk>=0.70_and_close_below_sma200,True,True,4379,877,3502,3.993158494868871,1.0,2026-03-18T00:00:00+0000,-0.33881939639783465
2026-01-19T00:00:00+0000,2026-01-20T00:00:00+0000,2025-12-31T23:59:59+0000,XGB_V3_1_Y2026_N4379_P877_SEED42,92631.0,0.025397664747396353,-0.1238597410761273,0.011544106814801891,-0.012645106583454968,-0.044566278205516174,0.027881447755537466,0.10638207103027983,0.7675837278366089,DEEP_BEAR,4,AI_STAGE4_ACCELERATION,risk>=0.70_and_close_below_sma200,True,True,4379,877,3502,3.993158494868871,1.0,2026-03-20T00:00:00+0000,-0.3208552212542237
