event,model,start,end,event_drawdown,minimum_crypto_exposure,ending_crypto_exposure,d_dominant_state,d_dominant_stage,d_average_crypto_exposure
2020_COVID,H0,2020-02-15T00:00:00+0000,2020-04-30T23:59:59+0000,-0.45645771619155784,0.629731751672798,0.7583661293075417,ACCUMULATION,4,0.5298358526851924
2020_COVID,A,2020-02-15T00:00:00+0000,2020-04-30T23:59:59+0000,-0.4596430911323748,0.6404887356113486,0.7734153124619165,ACCUMULATION,4,0.5298358526851924
2020_COVID,B,2020-02-15T00:00:00+0000,2020-04-30T23:59:59+0000,-0.3733619544227105,0.23854194653680644,0.6350299691738182,ACCUMULATION,4,0.5298358526851924
2020_COVID,D,2020-02-15T00:00:00+0000,2020-04-30T23:59:59+0000,-0.3733619544227105,0.23854194653680644,0.5817656362307921,ACCUMULATION,4,0.5298358526851924
2021_MAY,H0,2021-05-10T00:00:00+0000,2021-05-31T23:59:59+0000,-0.45468139189973644,0.9549432215920475,0.962748786493297,ACCUMULATION,4,0.6815733749168987
2021_MAY,A,2021-05-10T00:00:00+0000,2021-05-31T23:59:59+0000,-0.449439354032077,0.9604184234069457,0.9669565478469828,ACCUMULATION,4,0.6815733749168987
2021_MAY,B,2021-05-10T00:00:00+0000,2021-05-31T23:59:59+0000,-0.33199475484147967,0.22319050856469755,0.2544873024884252,ACCUMULATION,4,0.6815733749168987
2021_MAY,D,2021-05-10T00:00:00+0000,2021-05-31T23:59:59+0000,-0.38004544442325416,0.46645423603245467,0.5229430357945183,ACCUMULATION,4,0.6815733749168987
2021_NOV_TO_2022_JUN,H0,2021-11-01T00:00:00+0000,2022-06-30T23:59:59+0000,-0.7547995402702066,0.9135747685547939,0.918570554522865,ACCUMULATION,4,0.4184419405799602
2021_NOV_TO_2022_JUN,A,2021-11-01T00:00:00+0000,2022-06-30T23:59:59+0000,-0.7513828878461968,0.9263562984295151,0.9306546024584215,ACCUMULATION,4,0.4184419405799602
2021_NOV_TO_2022_JUN,B,2021-11-01T00:00:00+0000,2022-06-30T23:59:59+0000,-0.2824518654215672,0.10343867939427827,0.33114039734481815,ACCUMULATION,4,0.4184419405799602
2021_NOV_TO_2022_JUN,D,2021-11-01T00:00:00+0000,2022-06-30T23:59:59+0000,-0.4029268844106305,0.10817539819373283,0.33093893201066443,ACCUMULATION,4,0.4184419405799602
2022_FTX,H0,2022-11-01T00:00:00+0000,2022-11-30T23:59:59+0000,-0.28795735206484774,0.9143960495958053,0.924412815997669,ACCUMULATION,4,0.31610575040626665
2022_FTX,A,2022-11-01T00:00:00+0000,2022-11-30T23:59:59+0000,-0.2844708012069883,0.9267348756949226,0.9351392672596635,ACCUMULATION,4,0.31610575040626665
2022_FTX,B,2022-11-01T00:00:00+0000,2022-11-30T23:59:59+0000,-0.1012713483189156,0.2448121176543158,0.3631306256988625,ACCUMULATION,4,0.31610575040626665
2022_FTX,D,2022-11-01T00:00:00+0000,2022-11-30T23:59:59+0000,-0.10153055549764278,0.24497365723247663,0.36322444520747016,ACCUMULATION,4,0.31610575040626665
2023_BULL_RECOVERY,H0,2023-01-01T00:00:00+0000,2023-12-31T23:59:59+0000,-0.22711207560134306,0.9198872880977769,0.9599882752307672,ACCUMULATION,4,0.4652810013586971
2023_BULL_RECOVERY,A,2023-01-01T00:00:00+0000,2023-12-31T23:59:59+0000,-0.21929397103373427,0.9317468489772668,0.968198225207073,ACCUMULATION,4,0.4652810013586971
2023_BULL_RECOVERY,B,2023-01-01T00:00:00+0000,2023-12-31T23:59:59+0000,-0.14828242439103478,0.2501254833264042,0.5983189332591484,ACCUMULATION,4,0.4652810013586971
2023_BULL_RECOVERY,D,2023-01-01T00:00:00+0000,2023-12-31T23:59:59+0000,-0.11081745378585661,0.25013349035119753,0.5526151778620312,ACCUMULATION,4,0.4652810013586971
2024_CORRECTIONS,H0,2024-01-01T00:00:00+0000,2024-12-31T23:59:59+0000,-0.3739228457790802,0.9584975169768639,0.9764792502009549,ACCUMULATION,4,0.6411246231790633
2024_CORRECTIONS,A,2024-01-01T00:00:00+0000,2024-12-31T23:59:59+0000,-0.3514970122006684,0.9669454703584567,0.9825999729302134,ACCUMULATION,4,0.6411246231790633
2024_CORRECTIONS,B,2024-01-01T00:00:00+0000,2024-12-31T23:59:59+0000,-0.21796244866817738,0.5314142270416291,0.5420100523290103,ACCUMULATION,4,0.6411246231790633
2024_CORRECTIONS,D,2024-01-01T00:00:00+0000,2024-12-31T23:59:59+0000,-0.23772722368525845,0.5425845330054798,0.7033074570423857,ACCUMULATION,4,0.6411246231790633
2025_2026_CORRECTION,H0,2025-01-01T00:00:00+0000,2026-09-03T00:00:00+0000,-0.5954240044209924,0.9574431227516325,0.9696443724899809,ACCUMULATION,4,0.500775244031718
2025_2026_CORRECTION,A,2025-01-01T00:00:00+0000,2026-09-03T00:00:00+0000,-0.5800131031185193,0.9701534298746282,0.9784931099957219,ACCUMULATION,4,0.500775244031718
2025_2026_CORRECTION,B,2025-01-01T00:00:00+0000,2026-09-03T00:00:00+0000,-0.2823700239088045,0.19168970151055392,0.42233790826436957,ACCUMULATION,4,0.500775244031718
2025_2026_CORRECTION,D,2025-01-01T00:00:00+0000,2026-09-03T00:00:00+0000,-0.2928366296301339,0.1807163126917219,0.424164349428525,ACCUMULATION,4,0.500775244031718
