capital_test,strategy,variant,cost_case,cash_protection,sell_order,start,end,initial_capital,periodic_external_contributions,external_contributions,final_portfolio_value,net_profit,xirr,time_weighted_cagr,maximum_drawdown,annualized_volatility,sharpe,sortino,calmar,ulcer_index,turnover,total_trading_costs,average_cash_ratio,minimum_cash_ratio,average_total_cash_ratio,average_tactical_cash,average_tactical_cash_ratio,time_in_tactical_cash,cash_drag,cash_drag_usd_approx,sell_stage_1_count,sell_stage_2_count,sell_stage_3_count,sell_stage_4_count,ahr_030_035_buy_count,ahr_below_030_buy_count,ahr_extreme_buy_count,right_confirmation_count,dca_cash_protection_slowdowns,dca_cash_shortfall_count,ever_normal_cash_zero,first_normal_cash_depletion
test1,Benchmark A - Fixed DCA,primary,primary,True,overweight,2017-11-06T00:00:00+00:00,2026-09-02T08:00:00+00:00,10000.0,38670.0,48670.0,1230848.9067892474,1182178.9067892474,0.6030810641890056,0.6379329237871234,-0.8345523383848906,0.7717256415021501,1.027429630541455,1.0024344719752323,0.7644013376341563,0.43975296342690673,0.08285006526946002,72.912727053054,0.0,0.0,6.709578882940504e-05,0.0,0.0,0.0,0.0006509158838612361,381.76785396895207,0,0,0,0,0,0,0,0,0,0,True,
test1,Benchmark B - Annual Rebalance,primary,primary,True,overweight,2017-11-06T00:00:00+00:00,2026-09-02T08:00:00+00:00,10000.0,38670.0,48670.0,817678.130856076,769008.130856076,0.5212570035399067,0.5408353993831112,-0.8399178024506709,0.7248435109964826,0.9614803888445413,0.9275166571492649,0.6439146757040847,0.4520191368615133,2.1476634612165375,1314.8193979202722,0.0,0.0,7.712362444779816e-05,0.0,0.0,0.0,0.0005436241895577787,221.87050328156607,0,0,0,0,0,0,0,0,0,0,True,
test1,Benchmark C - Dynamic DCA,primary,primary,True,overweight,2017-11-06T00:00:00+00:00,2026-09-02T08:00:00+00:00,10000.0,38670.0,48670.0,1126140.478465899,1077470.478465899,0.585055491814171,0.6204601351881345,-0.8118202339719574,0.751396349823642,1.0196840533620948,1.000044639357075,0.7642826690244419,0.43612354316348495,0.054974397234048206,43.93923268135982,0.04292731529370558,9.857045302612101e-05,0.042998598920254455,0.0,0.0,0.0,0.17233260068359946,91795.93177753685,1,1,1,1,0,0,0,0,42,0,False,
test1,Strategy D - Full,primary,primary,True,overweight,2017-11-06T00:00:00+00:00,2026-09-02T08:00:00+00:00,10000.0,38670.0,48670.0,624271.7980995172,575601.7980995172,0.46870637264495674,0.5089146210531807,-0.5927902735437729,0.46712772629713545,1.11580834927259,1.0855935816617102,0.8585070365794412,0.31215622117734304,4.04441026636951,1907.562774467684,0.0456882292843418,9.857045302612101e-05,0.3766665429692517,97424.23340046889,0.3308895872164704,0.856359024794244,-0.1454106916318555,-45722.03680331126,5,5,5,5,8,7,4,6,2958,0,False,
test2,Benchmark A - Fixed DCA,primary,primary,True,overweight,2017-11-06T00:00:00+00:00,2026-09-02T08:00:00+00:00,20000.0,38670.0,58670.0,1632554.7098179006,1573884.7098179006,0.5763153270522654,0.5921231010638259,-0.7805137492692207,0.7269274616539273,1.0050647153815306,0.9801928387286247,0.7586325053443567,0.42878699229578754,0.06763538792091375,78.90273804156544,0.04634591098877999,0.0019505643338798408,0.04638027229619207,0.0,0.0,0.0,0.2324778650144479,180743.92025428364,0,0,0,0,0,0,0,0,0,0,False,
test2,Benchmark B - Annual Rebalance,primary,primary,True,overweight,2017-11-06T00:00:00+00:00,2026-09-02T08:00:00+00:00,20000.0,38670.0,58670.0,1002018.2642137163,943348.2642137163,0.48417316209750416,0.4924734049145736,-0.7745456966953956,0.6682043239827756,0.935526108208736,0.9009653612282081,0.6358222723536063,0.43256431262522144,2.127502963500987,1612.4843421859696,0.059071417381248804,0.0033863554656874384,0.05912373914901987,0.0,0.0,0.0,0.29126918899922183,147170.83200366894,0,0,0,0,0,0,0,0,0,0,False,
test2,Benchmark C - Dynamic DCA,primary,primary,True,overweight,2017-11-06T00:00:00+00:00,2026-09-02T08:00:00+00:00,20000.0,38670.0,58670.0,1528191.0399240989,1469521.0399240989,0.5636065327876127,0.5795048582511519,-0.7646556122502849,0.715611353725307,0.9979879101923816,0.9796550000448546,0.7578638657287067,0.4268918858189526,0.046021523779409074,49.982581436552344,0.07643860660811329,0.008077736868591817,0.07646890700294706,0.0,0.0,0.0,0.40474075190836345,292953.45380444307,1,1,1,1,0,0,0,0,0,0,False,
test2,Strategy D - Full,primary,primary,True,overweight,2017-11-06T00:00:00+00:00,2026-09-02T08:00:00+00:00,20000.0,38670.0,58670.0,815548.6240130758,756878.6240130758,0.446463299989481,0.46683300877344225,-0.5882734915151471,0.4392102229413198,1.0932809897786702,1.0625428412711144,0.7935645843416728,0.29869222461381933,4.0192906789064695,2504.3280943276895,0.08150150596405453,0.017306391203902895,0.3989606005849774,128200.09735507262,0.3174150212917904,0.8600859257725555,0.07765941283762667,32258.33362971981,5,5,5,5,9,7,4,6,2472,0,False,
test2,Strategy D - Full,cash_protection_off,primary,False,overweight,2017-11-06T00:00:00+00:00,2026-09-02T08:00:00+00:00,20000.0,38670.0,58670.0,818000.7874534323,759330.7874534323,0.447008498143722,0.46734136975601004,-0.5882892747761924,0.4394976159632128,1.093641975874788,1.0629503091991837,0.794407428103809,0.29863767928094914,4.027100779503867,2513.493525462602,0.08034170268220839,0.017254776666450342,0.3981057369108337,128598.05338250041,0.31772057939728654,0.8600859257725555,0.0744860797397573,30993.18078303124,5,5,5,5,9,7,4,6,0,0,False,
test2,Strategy D - Full,overweight_plus_technical_weakness,primary,True,overweight_weakness,2017-11-06T00:00:00+00:00,2026-09-02T08:00:00+00:00,20000.0,38670.0,58670.0,828900.6631377153,770230.6631377153,0.44941389237218576,0.4800878494542191,-0.5790165985710267,0.4521999690522098,1.0942123311656704,1.0788685062328276,0.8291435006164642,0.29959566367852436,4.055543807699069,2607.445316139513,0.06785037570374973,0.018073165190365902,0.3928730675393189,133788.0326761662,0.3249695117095759,0.8600859257725555,0.009098370909038866,3899.7421082429373,5,5,5,5,9,7,4,6,2591,0,False,
test2,Benchmark A - Fixed DCA,low_cost,low,True,overweight,2017-11-06T00:00:00+00:00,2026-09-02T08:00:00+00:00,20000.0,38670.0,58670.0,1634181.1560176753,1575511.1560176753,0.5765074844449509,0.5923496703827311,-0.7805447417300726,0.7269709516658353,1.0052442765111629,0.9803715913523725,0.758892653699507,0.42878746655449057,0.06763590984413975,26.321728940425686,0.04630568413387129,0.001948619639800456,0.04634001563110609,0.0,0.0,0.0,0.2322558155675638,180750.4492797883,0,0,0,0,0,0,0,0,0,0,False,
test2,Strategy D - Full,low_cost,low,True,overweight,2017-11-06T00:00:00+00:00,2026-09-02T08:00:00+00:00,20000.0,38670.0,58670.0,821969.5606043739,763299.5606043739,0.44788771811083183,0.4682811317605293,-0.5880497930546864,0.43941462450130203,1.0952247424557444,1.0644322501719832,0.7963290477971157,0.29823782740082655,4.016081015453166,839.7756022717856,0.0812337282996299,0.01722724308573236,0.3987008011452293,129047.51132862477,0.31742719484562715,0.8600859257725555,0.07643469206427378,31965.406721141728,5,5,5,5,9,7,4,6,2474,0,False,
test2,Benchmark A - Fixed DCA,high_cost,high,True,overweight,2017-11-06T00:00:00+00:00,2026-09-02T08:00:00+00:00,20000.0,38670.0,58670.0,1630930.4967713768,1572260.4967713768,0.5761232600768695,0.5918966144328226,-0.7804827453775164,0.7268840396343252,1.004885151451072,0.9800141918429097,0.7583724533801507,0.42878651814536567,0.06763486567969096,131.41155203935077,0.046386152895707855,0.0019525102352699012,0.046420544024513705,0.0,0.0,0.0,0.23270003742062495,180737.39061602662,0,0,0,0,0,0,0,0,0,0,False,
test2,Strategy D - Full,high_cost,high,True,overweight,2017-11-06T00:00:00+00:00,2026-09-02T08:00:00+00:00,20000.0,38670.0,58670.0,808998.177065386,750328.177065386,0.44499950122814247,0.46534451122479625,-0.5884880311627008,0.4389951705929161,1.0912862519643485,1.0605468861224263,0.7907459227427198,0.29914531162461067,4.0225146189772865,4148.173379260657,0.08178098715748394,0.01739131992456579,0.3992289835483652,127330.17604539532,0.3174000411961477,0.8600859257725555,0.0791987365047,32668.759450688074,5,5,5,5,9,7,4,6,2472,0,False,
