capital_test,strategy,variant,cash_protection,cash_ratio_lt20_days,cash_ratio_lt15_days,cash_ratio_lt10_days,dca_cash_protection_slowdowns,dca_cash_shortfall_count,ever_normal_cash_zero,first_normal_cash_depletion,final_portfolio_value,time_weighted_cagr,maximum_drawdown,average_tactical_cash,time_in_tactical_cash,cash_drag
test1,Benchmark A - Fixed DCA,primary,True,3223,3223,3223,0,0,True,,1230848.9067892474,0.6379329237871234,-0.8345523383848906,0.0,0.0,0.0006509158838612361
test1,Benchmark B - Annual Rebalance,primary,True,3223,3223,3223,0,0,True,,817678.130856076,0.5408353993831112,-0.8399178024506709,0.0,0.0,0.0005436241895577787
test1,Benchmark C - Dynamic DCA,primary,True,3222,3125,2793,42,0,False,,1126140.478465899,0.6204601351881345,-0.8118202339719574,0.0,0.0,0.17233260068359946
test1,Strategy D - Full,primary,True,3223,3223,2998,2958,0,False,,624271.7980995172,0.5089146210531807,-0.5927902735437729,97424.23340046889,0.856359024794244,-0.1454106916318555
test2,Benchmark A - Fixed DCA,primary,True,3112,2980,2589,0,0,False,,1632554.7098179006,0.5921231010638259,-0.7805137492692207,0.0,0.0,0.2324778650144479
test2,Benchmark B - Annual Rebalance,primary,True,3051,2759,2273,0,0,False,,1002018.2642137163,0.4924734049145736,-0.7745456966953956,0.0,0.0,0.29126918899922183
test2,Benchmark C - Dynamic DCA,primary,True,2924,2519,2103,0,0,False,,1528191.0399240989,0.5795048582511519,-0.7646556122502849,0.0,0.0,0.40474075190836345
test2,Strategy D - Full,primary,True,2817,2592,2184,2472,0,False,,815548.6240130758,0.46683300877344225,-0.5882734915151471,128200.09735507262,0.8600859257725555,0.07765941283762667
test2,Strategy D - Full,cash_protection_off,False,2817,2592,2186,0,0,False,,818000.7874534323,0.46734136975601004,-0.5882892747761924,128598.05338250041,0.8600859257725555,0.0744860797397573
test2,Strategy D - Full,overweight_plus_technical_weakness,True,3142,2857,2398,2591,0,False,,828900.6631377153,0.4800878494542191,-0.5790165985710267,133788.0326761662,0.8600859257725555,0.009098370909038866
test2,Benchmark A - Fixed DCA,low_cost,True,3112,2980,2589,0,0,False,,1634181.1560176753,0.5923496703827311,-0.7805447417300726,0.0,0.0,0.2322558155675638
test2,Strategy D - Full,low_cost,True,2822,2593,2187,2474,0,False,,821969.5606043739,0.4682811317605293,-0.5880497930546864,129047.51132862477,0.8600859257725555,0.07643469206427378
test2,Benchmark A - Fixed DCA,high_cost,True,3111,2979,2588,0,0,False,,1630930.4967713768,0.5918966144328226,-0.7804827453775164,0.0,0.0,0.23270003742062495
test2,Strategy D - Full,high_cost,True,2816,2591,2180,2472,0,False,,808998.177065386,0.46534451122479625,-0.5884880311627008,127330.17604539532,0.8600859257725555,0.0791987365047
