date,state,active_target_exposure,actual_crypto_exposure,upper_band,days_above_upper_band,drift_sell_triggered,post_trade_exposure,cooldown_active,accumulation_lock_active
2020-03-14T00:00:00+0000,ACCUMULATION,0.35,0.3319228102466143,0.44999999999999996,0,False,0.3319228102466143,False,True
2020-03-15T00:00:00+0000,ACCUMULATION,0.35,0.3375978864785066,0.44999999999999996,0,False,0.3375978864785066,False,True
2020-03-16T00:00:00+0000,ACCUMULATION,0.35,0.3193207905879686,0.44999999999999996,0,False,0.3193207905879686,False,True
2020-03-17T00:00:00+0000,ACCUMULATION,0.35,0.33037149218745604,0.44999999999999996,0,False,0.33037149218745604,False,True
2020-03-18T00:00:00+0000,ACCUMULATION,0.35,0.33471310363196527,0.44999999999999996,0,False,0.33471310363196527,False,True
2020-03-19T00:00:00+0000,ACCUMULATION,0.35,0.3664524136606749,0.44999999999999996,0,False,0.3664524136606749,False,True
2020-03-20T00:00:00+0000,ACCUMULATION,0.35,0.36549973119711404,0.44999999999999996,0,False,0.36549973119711404,False,False
2020-03-21T00:00:00+0000,ACCUMULATION,0.35,0.364832534992757,0.44999999999999996,0,False,0.364832534992757,False,False
2020-03-22T00:00:00+0000,ACCUMULATION,0.35,0.34905513050373027,0.44999999999999996,0,False,0.34905513050373027,False,False
2020-03-23T00:00:00+0000,ACCUMULATION,0.35,0.3737909681724487,0.44999999999999996,0,False,0.3737909681724487,False,False
2020-03-24T00:00:00+0000,ACCUMULATION,0.35,0.38136923711081294,0.44999999999999996,0,False,0.38136923711081294,False,False
2020-03-25T00:00:00+0000,ACCUMULATION,0.35,0.37885471991916925,0.44999999999999996,0,False,0.37885471991916925,False,False
2020-03-26T00:00:00+0000,ACCUMULATION,0.35,0.3820220497572818,0.44999999999999996,0,False,0.3820220497572818,False,False
2020-03-27T00:00:00+0000,ACCUMULATION,0.35,0.3695146883691283,0.44999999999999996,0,False,0.25,False,False
2020-03-30T00:00:00+0000,ACCUMULATION,0.35,0.3671884700674676,0.44999999999999996,0,False,0.3671884700674676,False,True
2020-03-31T00:00:00+0000,ACCUMULATION,0.35,0.3683049729887009,0.44999999999999996,0,False,0.3683049729887009,False,True
2020-04-01T00:00:00+0000,ACCUMULATION,0.35,0.3755242147829658,0.44999999999999996,0,False,0.3755242147829658,False,True
2020-04-02T00:00:00+0000,ACCUMULATION,0.35,0.3831523294565044,0.44999999999999996,0,False,0.3831523294565044,False,True
2020-04-03T00:00:00+0000,ACCUMULATION,0.35,0.38233043343433604,0.44999999999999996,0,False,0.5,False,True
2020-04-04T00:00:00+0000,ACCUMULATION,0.5,0.5049568870038119,0.6,0,False,0.5049568870038119,False,True
2020-04-05T00:00:00+0000,ACCUMULATION,0.5,0.5023977786770718,0.6,0,False,0.5023977786770718,False,True
2020-04-06T00:00:00+0000,ACCUMULATION,0.5,0.5336223712244887,0.6,0,False,0.5336223712244887,False,True
2020-04-07T00:00:00+0000,ACCUMULATION,0.5,0.5269262617890391,0.6,0,False,0.5269262617890391,False,True
2020-04-08T00:00:00+0000,ACCUMULATION,0.5,0.5358513396528388,0.6,0,False,0.5358513396528388,False,True
2020-04-09T00:00:00+0000,ACCUMULATION,0.5,0.5323228167694026,0.6,0,False,0.5323228167694026,False,True
2020-04-10T00:00:00+0000,ACCUMULATION,0.5,0.5163017299172242,0.6,0,False,0.5163017299172242,False,False
2020-04-11T00:00:00+0000,ACCUMULATION,0.5,0.5172867998757938,0.6,0,False,0.5172867998757938,False,False
2020-04-12T00:00:00+0000,ACCUMULATION,0.5,0.5182468525285758,0.6,0,False,0.5182468525285758,False,False
2020-04-13T00:00:00+0000,ACCUMULATION,0.5,0.5155815610265811,0.6,0,False,0.5155815610265811,False,False
2020-04-14T00:00:00+0000,ACCUMULATION,0.5,0.5179806509099991,0.6,0,False,0.5179806509099991,False,False
2020-04-15T00:00:00+0000,ACCUMULATION,0.5,0.5090684823154245,0.6,0,False,0.5090684823154245,False,False
2020-04-16T00:00:00+0000,ACCUMULATION,0.5,0.5324126620522034,0.6,0,False,0.5324126620522034,False,False
2020-04-17T00:00:00+0000,ACCUMULATION,0.5,0.5300862328324213,0.6,0,False,0.5300862328324213,False,False
2020-04-18T00:00:00+0000,ACCUMULATION,0.5,0.5452023439197018,0.6,0,False,0.6,False,True
2020-04-19T00:00:00+0000,ACCUMULATION,0.6,0.5934855333231762,0.7,0,False,0.5934855333231762,False,True
2020-04-20T00:00:00+0000,ACCUMULATION,0.6,0.5820023284647496,0.7,0,False,0.5820023284647496,False,True
2020-04-21T00:00:00+0000,ACCUMULATION,0.6,0.5827954058410536,0.7,0,False,0.5827954058410536,False,True
2020-04-22T00:00:00+0000,ACCUMULATION,0.6,0.5958015183569322,0.7,0,False,0.5958015183569322,False,True
2020-04-23T00:00:00+0000,ACCUMULATION,0.6,0.6041733289090457,0.7,0,False,0.6041733289090457,False,True
2020-04-24T00:00:00+0000,ACCUMULATION,0.6,0.6058994758498762,0.7,0,False,0.6058994758498762,False,True
2020-04-25T00:00:00+0000,ACCUMULATION,0.6,0.610402262334158,0.7,0,False,0.610402262334158,False,False
2020-04-26T00:00:00+0000,ACCUMULATION,0.6,0.6149622668146479,0.7,0,False,0.6149622668146479,False,False
2020-04-27T00:00:00+0000,ACCUMULATION,0.6,0.6159259632548693,0.7,0,False,0.6159259632548693,False,False
2020-04-28T00:00:00+0000,ACCUMULATION,0.6,0.6154763258423414,0.7,0,False,0.6154763258423414,False,False
2020-04-29T00:00:00+0000,ACCUMULATION,0.6,0.6416573071852872,0.7,0,False,0.6416573071852872,False,False
2020-04-30T00:00:00+0000,ACCUMULATION,0.6,0.634976557091555,0.7,0,False,0.634976557091555,False,False
2020-05-01T00:00:00+0000,ACCUMULATION,0.6,0.6410714615858748,0.7,0,False,0.6410714615858748,False,False
2020-05-02T00:00:00+0000,ACCUMULATION,0.6,0.6442586807286652,0.7,0,False,0.6442586807286652,False,False
2020-05-03T00:00:00+0000,ACCUMULATION,0.6,0.6413886639292442,0.7,0,False,0.6413886639292442,False,False
2020-05-04T00:00:00+0000,ACCUMULATION,0.6,0.6396186116959867,0.7,0,False,0.6396186116959867,False,False
2020-05-05T00:00:00+0000,ACCUMULATION,0.6,0.6414442471542489,0.7,0,False,0.6414442471542489,False,False
2020-05-06T00:00:00+0000,ACCUMULATION,0.6,0.640400385892877,0.7,0,False,0.640400385892877,False,False
2020-05-07T00:00:00+0000,ACCUMULATION,0.6,0.6581521729450951,0.7,0,False,0.6581521729450951,False,False
2020-05-08T00:00:00+0000,ACCUMULATION,0.6,0.6556195307493861,0.7,0,False,0.6684030168262375,False,False
2022-06-15T00:00:00+0000,ACCUMULATION,0.35,0.35503768295424865,0.44999999999999996,0,False,0.35503768295424865,False,True
2022-06-16T00:00:00+0000,ACCUMULATION,0.35,0.32684163195344307,0.44999999999999996,0,False,0.32684163195344307,False,False
2022-06-17T00:00:00+0000,ACCUMULATION,0.35,0.32923678238090237,0.44999999999999996,0,False,0.24999999999999994,False,False
2022-06-19T00:00:00+0000,ACCUMULATION,0.35,0.37411215629641853,0.44999999999999996,0,False,0.37411215629641853,False,True
2022-06-20T00:00:00+0000,ACCUMULATION,0.35,0.3741311525885524,0.44999999999999996,0,False,0.3741311525885524,False,True
2022-06-21T00:00:00+0000,ACCUMULATION,0.35,0.37473661567627287,0.44999999999999996,0,False,0.37473661567627287,False,True
2022-06-22T00:00:00+0000,ACCUMULATION,0.35,0.3623719086724514,0.44999999999999996,0,False,0.3623719086724514,False,True
2022-06-23T00:00:00+0000,ACCUMULATION,0.35,0.37894926647478067,0.44999999999999996,0,False,0.37894926647478067,False,True
2022-06-24T00:00:00+0000,ACCUMULATION,0.35,0.3881064983021235,0.44999999999999996,0,False,0.3881064983021235,False,True
2022-06-25T00:00:00+0000,ACCUMULATION,0.35,0.39124875981884333,0.44999999999999996,0,False,0.25,False,False
2022-06-27T00:00:00+0000,ACCUMULATION,0.35,0.3480462580739979,0.44999999999999996,0,False,0.3480462580739979,False,True
2022-06-28T00:00:00+0000,ACCUMULATION,0.35,0.3406775981327482,0.44999999999999996,0,False,0.3406775981327482,False,True
2022-06-29T00:00:00+0000,ACCUMULATION,0.35,0.335204291005425,0.44999999999999996,0,False,0.335204291005425,False,True
2022-06-30T00:00:00+0000,ACCUMULATION,0.35,0.3311370674473277,0.44999999999999996,0,False,0.3311370674473277,False,True
2022-07-01T00:00:00+0000,ACCUMULATION,0.35,0.32646916020905115,0.44999999999999996,0,False,0.32646916020905115,False,True
2022-07-02T00:00:00+0000,ACCUMULATION,0.35,0.32719148895212946,0.44999999999999996,0,False,0.32719148895212946,False,True
2022-07-03T00:00:00+0000,ACCUMULATION,0.35,0.3283818554444742,0.44999999999999996,0,False,0.25,False,False
2022-07-05T00:00:00+0000,ACCUMULATION,0.35,0.34775273600259166,0.44999999999999996,0,False,0.34775273600259166,False,True
2022-07-06T00:00:00+0000,ACCUMULATION,0.35,0.35554880580749615,0.44999999999999996,0,False,0.35554880580749615,False,True
2022-07-07T00:00:00+0000,ACCUMULATION,0.35,0.3661607157506054,0.44999999999999996,0,False,0.3661607157506054,False,True
2022-07-08T00:00:00+0000,ACCUMULATION,0.35,0.36366767176366666,0.44999999999999996,0,False,0.36366767176366666,False,True
2022-07-09T00:00:00+0000,ACCUMULATION,0.35,0.3640099620218377,0.44999999999999996,0,False,0.3640099620218377,False,True
2022-07-10T00:00:00+0000,ACCUMULATION,0.35,0.35534259836378407,0.44999999999999996,0,False,0.35534259836378407,False,True
2022-07-11T00:00:00+0000,ACCUMULATION,0.35,0.3430219064196172,0.44999999999999996,0,False,0.25,False,False
2022-07-13T00:00:00+0000,ACCUMULATION,0.35,0.36356863996370253,0.44999999999999996,0,False,0.36356863996370253,False,True
2022-07-14T00:00:00+0000,ACCUMULATION,0.35,0.373916175301442,0.44999999999999996,0,False,0.373916175301442,False,True
2022-07-15T00:00:00+0000,ACCUMULATION,0.35,0.3791778886041162,0.44999999999999996,0,False,0.3791778886041162,False,True
2022-07-16T00:00:00+0000,ACCUMULATION,0.35,0.39369012084886945,0.44999999999999996,0,False,0.39369012084886945,False,True
2022-07-17T00:00:00+0000,ACCUMULATION,0.35,0.39005889757543183,0.44999999999999996,0,False,0.39005889757543183,False,True
2022-07-18T00:00:00+0000,ACCUMULATION,0.35,0.42088600402920434,0.44999999999999996,0,False,0.5,False,True
2022-07-19T00:00:00+0000,ACCUMULATION,0.5,0.5014764939116382,0.6,0,False,0.5014764939116382,False,True
2022-07-20T00:00:00+0000,ACCUMULATION,0.5,0.4988319830317439,0.6,0,False,0.4988319830317439,False,True
2022-07-21T00:00:00+0000,ACCUMULATION,0.5,0.5031934520422486,0.6,0,False,0.5999999999999999,False,True
2022-07-22T00:00:00+0000,ACCUMULATION,0.6,0.594449225739545,0.7,0,False,0.594449225739545,False,True
2022-07-23T00:00:00+0000,ACCUMULATION,0.6,0.594341929863535,0.7,0,False,0.594341929863535,False,True
2022-07-24T00:00:00+0000,ACCUMULATION,0.6,0.5989469299019228,0.7,0,False,0.5989469299019228,False,True
2022-07-25T00:00:00+0000,ACCUMULATION,0.6,0.5792633675727266,0.7,0,False,0.5792633675727266,False,True
2022-07-26T00:00:00+0000,ACCUMULATION,0.6,0.5797070974288131,0.7,0,False,0.5797070974288131,False,True
2022-07-27T00:00:00+0000,ACCUMULATION,0.6,0.6038869166903162,0.7,0,False,0.6038869166903162,False,True
2022-07-28T00:00:00+0000,ACCUMULATION,0.6,0.6148384562533349,0.7,0,False,0.25,False,False
2022-08-27T00:00:00+0000,ACCUMULATION,0.35,0.34757450687819624,0.44999999999999996,0,False,0.34757450687819624,False,True
2022-08-28T00:00:00+0000,ACCUMULATION,0.35,0.3393761406013559,0.44999999999999996,0,False,0.25,False,False
2022-08-30T00:00:00+0000,ACCUMULATION,0.35,0.34553435717302866,0.44999999999999996,0,False,0.34553435717302866,False,True
2022-08-31T00:00:00+0000,ACCUMULATION,0.35,0.34931250571223316,0.44999999999999996,0,False,0.34931250571223316,False,True
2022-09-01T00:00:00+0000,ACCUMULATION,0.35,0.35265728099377275,0.44999999999999996,0,False,0.35265728099377275,False,True
2022-09-02T00:00:00+0000,ACCUMULATION,0.35,0.35095826360933563,0.44999999999999996,0,False,0.35095826360933563,False,True
2022-09-03T00:00:00+0000,ACCUMULATION,0.35,0.3488589342201717,0.44999999999999996,0,False,0.3488589342201717,False,True
2022-09-04T00:00:00+0000,ACCUMULATION,0.35,0.35161833774890205,0.44999999999999996,0,False,0.35161833774890205,False,True
2022-09-05T00:00:00+0000,ACCUMULATION,0.35,0.3543374088607813,0.44999999999999996,0,False,0.25,False,False
2022-09-07T00:00:00+0000,ACCUMULATION,0.35,0.3587500412916027,0.44999999999999996,0,False,0.3587500412916027,False,True
2022-09-08T00:00:00+0000,ACCUMULATION,0.35,0.3594006802273785,0.44999999999999996,0,False,0.3594006802273785,False,True
2022-09-09T00:00:00+0000,ACCUMULATION,0.35,0.3752057931690421,0.44999999999999996,0,False,0.3752057931690421,False,True
2022-09-10T00:00:00+0000,ACCUMULATION,0.35,0.3811686000503737,0.44999999999999996,0,False,0.3811686000503737,False,True
2022-09-11T00:00:00+0000,ACCUMULATION,0.35,0.38124304679488297,0.44999999999999996,0,False,0.38124304679488297,False,True
2022-09-12T00:00:00+0000,ACCUMULATION,0.35,0.3793114262728664,0.44999999999999996,0,False,0.3793114262728664,False,True
2022-09-13T00:00:00+0000,ACCUMULATION,0.35,0.3576794673682381,0.44999999999999996,0,False,0.25,False,False
2022-09-15T00:00:00+0000,ACCUMULATION,0.35,0.33271210557951303,0.44999999999999996,0,False,0.33271210557951303,False,True
2022-09-16T00:00:00+0000,ACCUMULATION,0.35,0.3295234493646516,0.44999999999999996,0,False,0.3295234493646516,False,True
2022-09-17T00:00:00+0000,ACCUMULATION,0.35,0.33417899368394033,0.44999999999999996,0,False,0.33417899368394033,False,True
2022-09-18T00:00:00+0000,ACCUMULATION,0.35,0.3183505566563192,0.44999999999999996,0,False,0.3183505566563192,False,True
2022-09-19T00:00:00+0000,ACCUMULATION,0.35,0.32296806119049465,0.44999999999999996,0,False,0.32296806119049465,False,True
2022-09-20T00:00:00+0000,ACCUMULATION,0.35,0.314888480405222,0.44999999999999996,0,False,0.314888480405222,False,True
2022-09-21T00:00:00+0000,ACCUMULATION,0.35,0.3053098906482515,0.44999999999999996,0,False,0.24999999999999994,False,False
2022-09-23T00:00:00+0000,ACCUMULATION,0.35,0.34956904062305566,0.44999999999999996,0,False,0.34956904062305566,False,True
2022-09-24T00:00:00+0000,ACCUMULATION,0.35,0.3467907516464637,0.44999999999999996,0,False,0.3467907516464637,False,True
2022-09-25T00:00:00+0000,ACCUMULATION,0.35,0.3440021581224336,0.44999999999999996,0,False,0.3440021581224336,False,True
2022-09-26T00:00:00+0000,ACCUMULATION,0.35,0.3502992701453275,0.44999999999999996,0,False,0.3502992701453275,False,True
2022-09-27T00:00:00+0000,ACCUMULATION,0.35,0.34879913049868244,0.44999999999999996,0,False,0.34879913049868244,False,True
2022-09-28T00:00:00+0000,ACCUMULATION,0.35,0.35141236505685947,0.44999999999999996,0,False,0.35141236505685947,False,True
2022-09-29T00:00:00+0000,ACCUMULATION,0.35,0.35218295946039213,0.44999999999999996,0,False,0.2500000000000001,False,False
2022-10-01T00:00:00+0000,ACCUMULATION,0.35,0.34781770921641764,0.44999999999999996,0,False,0.34781770921641764,False,True
2022-10-02T00:00:00+0000,ACCUMULATION,0.35,0.34306433749850984,0.44999999999999996,0,False,0.34306433749850984,False,True
2022-10-03T00:00:00+0000,ACCUMULATION,0.35,0.35060477075473734,0.44999999999999996,0,False,0.35060477075473734,False,True
2022-10-04T00:00:00+0000,ACCUMULATION,0.35,0.3578631654584987,0.44999999999999996,0,False,0.3578631654584987,False,True
2022-10-05T00:00:00+0000,ACCUMULATION,0.35,0.35614003664692956,0.44999999999999996,0,False,0.35614003664692956,False,True
2022-10-06T00:00:00+0000,ACCUMULATION,0.35,0.3552161984010958,0.44999999999999996,0,False,0.3552161984010958,False,True
2022-10-07T00:00:00+0000,ACCUMULATION,0.35,0.35109683852171086,0.44999999999999996,0,False,0.24999999999999994,False,False
2022-10-09T00:00:00+0000,ACCUMULATION,0.35,0.3509254106319423,0.44999999999999996,0,False,0.3509254106319423,False,True
2022-10-10T00:00:00+0000,ACCUMULATION,0.35,0.346122182053418,0.44999999999999996,0,False,0.346122182053418,False,True
2022-10-11T00:00:00+0000,ACCUMULATION,0.35,0.34480624169282353,0.44999999999999996,0,False,0.34480624169282353,False,True
2022-10-12T00:00:00+0000,ACCUMULATION,0.35,0.3467805602987147,0.44999999999999996,0,False,0.3467805602987147,False,True
2022-10-13T00:00:00+0000,ACCUMULATION,0.35,0.34719624341843397,0.44999999999999996,0,False,0.34719624341843397,False,True
2022-10-14T00:00:00+0000,ACCUMULATION,0.35,0.34716949688098236,0.44999999999999996,0,False,0.34716949688098236,False,True
2022-10-15T00:00:00+0000,ACCUMULATION,0.35,0.34451755680406687,0.44999999999999996,0,False,0.24999999999999994,False,False
2022-10-17T00:00:00+0000,ACCUMULATION,0.35,0.35400300720129896,0.44999999999999996,0,False,0.35400300720129896,False,True
2022-10-18T00:00:00+0000,ACCUMULATION,0.35,0.35089386719783916,0.44999999999999996,0,False,0.35089386719783916,False,True
2022-10-19T00:00:00+0000,ACCUMULATION,0.35,0.34734230100031266,0.44999999999999996,0,False,0.34734230100031266,False,True
2022-10-20T00:00:00+0000,ACCUMULATION,0.35,0.346722471384944,0.44999999999999996,0,False,0.346722471384944,False,True
2022-10-21T00:00:00+0000,ACCUMULATION,0.35,0.3491223696397912,0.44999999999999996,0,False,0.3491223696397912,False,True
2022-10-22T00:00:00+0000,ACCUMULATION,0.35,0.35075837687573064,0.44999999999999996,0,False,0.35075837687573064,False,True
2022-10-23T00:00:00+0000,ACCUMULATION,0.35,0.35762218628060355,0.44999999999999996,0,False,0.24999999999999994,False,False
2022-11-09T00:00:00+0000,ACCUMULATION,0.35,0.31140546649785333,0.44999999999999996,0,False,0.31140546649785333,False,True
2022-11-10T00:00:00+0000,ACCUMULATION,0.35,0.3416410798365637,0.44999999999999996,0,False,0.3416410798365637,False,True
2022-11-11T00:00:00+0000,ACCUMULATION,0.35,0.3378594469992856,0.44999999999999996,0,False,0.3378594469992856,False,True
2022-11-12T00:00:00+0000,ACCUMULATION,0.35,0.3332008165724806,0.44999999999999996,0,False,0.3332008165724806,False,True
2022-11-13T00:00:00+0000,ACCUMULATION,0.35,0.3268550031487272,0.44999999999999996,0,False,0.3268550031487272,False,True
2022-11-14T00:00:00+0000,ACCUMULATION,0.35,0.3307788599840421,0.44999999999999996,0,False,0.3307788599840421,False,True
2022-11-15T00:00:00+0000,ACCUMULATION,0.35,0.3334040242469493,0.44999999999999996,0,False,0.25000000000000006,False,False
2022-11-17T00:00:00+0000,ACCUMULATION,0.35,0.3485398658693767,0.44999999999999996,0,False,0.3485398658693767,False,True
2022-11-18T00:00:00+0000,ACCUMULATION,0.35,0.34993598931102765,0.44999999999999996,0,False,0.34993598931102765,False,True
2022-11-19T00:00:00+0000,ACCUMULATION,0.35,0.3505381233435184,0.44999999999999996,0,False,0.3505381233435184,False,True
2022-11-20T00:00:00+0000,ACCUMULATION,0.35,0.3398844786359908,0.44999999999999996,0,False,0.3398844786359908,False,True
2022-11-21T00:00:00+0000,ACCUMULATION,0.35,0.33300744650562913,0.44999999999999996,0,False,0.33300744650562913,False,True
2022-11-22T00:00:00+0000,ACCUMULATION,0.35,0.3393879150615174,0.44999999999999996,0,False,0.3393879150615174,False,True
2022-11-23T00:00:00+0000,ACCUMULATION,0.35,0.3466002447856629,0.44999999999999996,0,False,0.25,False,False
2022-11-25T00:00:00+0000,ACCUMULATION,0.35,0.34911009309129803,0.44999999999999996,0,False,0.34911009309129803,False,True
2022-11-26T00:00:00+0000,ACCUMULATION,0.35,0.3494626355621909,0.44999999999999996,0,False,0.3494626355621909,False,True
2022-11-27T00:00:00+0000,ACCUMULATION,0.35,0.3480751353293193,0.44999999999999996,0,False,0.3480751353293193,False,True
2022-11-28T00:00:00+0000,ACCUMULATION,0.35,0.3439866034118664,0.44999999999999996,0,False,0.3439866034118664,False,True
2022-11-29T00:00:00+0000,ACCUMULATION,0.35,0.35069398290998516,0.44999999999999996,0,False,0.35069398290998516,False,True
2022-11-30T00:00:00+0000,ACCUMULATION,0.35,0.3631368499220999,0.44999999999999996,0,False,0.3631368499220999,False,True
2022-12-01T00:00:00+0000,ACCUMULATION,0.35,0.3602403866553305,0.44999999999999996,0,False,0.25000000000000006,False,False
2022-12-03T00:00:00+0000,ACCUMULATION,0.35,0.3431709654338601,0.44999999999999996,0,False,0.3431709654338601,False,True
2022-12-04T00:00:00+0000,ACCUMULATION,0.35,0.34851032999876763,0.44999999999999996,0,False,0.34851032999876763,False,True
2022-12-05T00:00:00+0000,ACCUMULATION,0.35,0.34570324691566007,0.44999999999999996,0,False,0.34570324691566007,False,True
2022-12-06T00:00:00+0000,ACCUMULATION,0.35,0.3476732456283273,0.44999999999999996,0,False,0.3476732456283273,False,True
2022-12-07T00:00:00+0000,ACCUMULATION,0.35,0.3421139874348335,0.44999999999999996,0,False,0.3421139874348335,False,True
2022-12-08T00:00:00+0000,ACCUMULATION,0.35,0.3494392417015916,0.44999999999999996,0,False,0.3494392417015916,False,True
2022-12-09T00:00:00+0000,ACCUMULATION,0.35,0.34719195990869134,0.44999999999999996,0,False,0.25,False,False
2022-12-11T00:00:00+0000,ACCUMULATION,0.35,0.34946246224552596,0.44999999999999996,0,False,0.34946246224552596,False,True
2022-12-12T00:00:00+0000,ACCUMULATION,0.35,0.35149192499350707,0.44999999999999996,0,False,0.35149192499350707,False,True
2022-12-13T00:00:00+0000,ACCUMULATION,0.35,0.35929253671103367,0.44999999999999996,0,False,0.35929253671103367,False,True
2022-12-14T00:00:00+0000,ACCUMULATION,0.35,0.35815811663841646,0.44999999999999996,0,False,0.35815811663841646,False,True
2022-12-15T00:00:00+0000,ACCUMULATION,0.35,0.35154759193525914,0.44999999999999996,0,False,0.35154759193525914,False,True
2022-12-16T00:00:00+0000,ACCUMULATION,0.35,0.33691664492665246,0.44999999999999996,0,False,0.33691664492665246,False,True
2022-12-17T00:00:00+0000,ACCUMULATION,0.35,0.3400042583313181,0.44999999999999996,0,False,0.25,False,False
2022-12-19T00:00:00+0000,ACCUMULATION,0.35,0.34659489346615974,0.44999999999999996,0,False,0.34659489346615974,False,True
2022-12-20T00:00:00+0000,ACCUMULATION,0.35,0.35465379313359513,0.44999999999999996,0,False,0.35465379313359513,False,True
2022-12-21T00:00:00+0000,ACCUMULATION,0.35,0.35394371755444826,0.44999999999999996,0,False,0.35394371755444826,False,True
2022-12-22T00:00:00+0000,ACCUMULATION,0.35,0.3543950307907661,0.44999999999999996,0,False,0.3543950307907661,False,True
2022-12-23T00:00:00+0000,ACCUMULATION,0.35,0.35442701110698344,0.44999999999999996,0,False,0.35442701110698344,False,True
2022-12-24T00:00:00+0000,ACCUMULATION,0.35,0.35486109817415007,0.44999999999999996,0,False,0.35486109817415007,False,True
2022-12-25T00:00:00+0000,ACCUMULATION,0.35,0.3546872842032073,0.44999999999999996,0,False,0.25,False,False
2022-12-27T00:00:00+0000,ACCUMULATION,0.35,0.34705301176875014,0.44999999999999996,0,False,0.34705301176875014,False,True
2022-12-28T00:00:00+0000,ACCUMULATION,0.35,0.3438832337846085,0.44999999999999996,0,False,0.3438832337846085,False,True
2022-12-29T00:00:00+0000,ACCUMULATION,0.35,0.34554756907060974,0.44999999999999996,0,False,0.34554756907060974,False,True
2022-12-30T00:00:00+0000,ACCUMULATION,0.35,0.3453913090381399,0.44999999999999996,0,False,0.3453913090381399,False,True
2022-12-31T00:00:00+0000,ACCUMULATION,0.35,0.34464165237896155,0.44999999999999996,0,False,0.34464165237896155,False,True
2023-01-01T00:00:00+0000,ACCUMULATION,0.35,0.34558600162213343,0.44999999999999996,0,False,0.34558600162213343,False,True
2023-01-02T00:00:00+0000,ACCUMULATION,0.35,0.3474167971824025,0.44999999999999996,0,False,0.24999999999999994,False,False
2023-01-04T00:00:00+0000,ACCUMULATION,0.35,0.3555318615959671,0.44999999999999996,0,False,0.3555318615959671,False,True
2023-01-05T00:00:00+0000,ACCUMULATION,0.35,0.3548813100781892,0.44999999999999996,0,False,0.3548813100781892,False,True
2023-01-06T00:00:00+0000,ACCUMULATION,0.35,0.3574802981902471,0.44999999999999996,0,False,0.3574802981902471,False,True
2023-01-07T00:00:00+0000,ACCUMULATION,0.35,0.3569646023048299,0.44999999999999996,0,False,0.3569646023048299,False,True
2023-01-08T00:00:00+0000,ACCUMULATION,0.35,0.36076864060133923,0.44999999999999996,0,False,0.36076864060133923,False,True
2023-01-09T00:00:00+0000,ACCUMULATION,0.35,0.36419826993493926,0.44999999999999996,0,False,0.36419826993493926,False,True
2023-01-10T00:00:00+0000,ACCUMULATION,0.35,0.3672616544371847,0.44999999999999996,0,False,0.3672616544371847,False,False
2023-01-11T00:00:00+0000,ACCUMULATION,0.35,0.37543729943393284,0.44999999999999996,0,False,0.37543729943393284,False,False
2023-01-12T00:00:00+0000,ACCUMULATION,0.35,0.38293823960134415,0.44999999999999996,0,False,0.38293823960134415,False,False
2023-01-13T00:00:00+0000,ACCUMULATION,0.35,0.3920206759577169,0.44999999999999996,0,False,0.3920206759577169,False,False
2023-01-14T00:00:00+0000,ACCUMULATION,0.35,0.4062074242934262,0.44999999999999996,0,False,0.4062074242934262,False,False
2023-01-15T00:00:00+0000,ACCUMULATION,0.35,0.40608485403936834,0.44999999999999996,0,False,0.40608485403936834,False,False
2023-01-16T00:00:00+0000,ACCUMULATION,0.35,0.40981842000085517,0.44999999999999996,0,False,0.40981842000085517,False,False
2023-01-17T00:00:00+0000,ACCUMULATION,0.35,0.4085986480966856,0.44999999999999996,0,False,0.4085986480966856,False,False
2023-01-18T00:00:00+0000,ACCUMULATION,0.35,0.4015593396070126,0.44999999999999996,0,False,0.4015593396070126,False,False
2023-01-19T00:00:00+0000,ACCUMULATION,0.35,0.40710600304262595,0.44999999999999996,0,False,0.40710600304262595,False,False
2023-01-20T00:00:00+0000,ACCUMULATION,0.35,0.42403873191229724,0.44999999999999996,0,False,0.42403873191229724,False,False
2023-01-21T00:00:00+0000,ACCUMULATION,0.35,0.42195975479477194,0.44999999999999996,0,False,0.42195975479477194,False,False
2023-01-22T00:00:00+0000,ACCUMULATION,0.35,0.4216999598201506,0.44999999999999996,0,False,0.4216999598201506,False,False
2023-01-23T00:00:00+0000,ACCUMULATION,0.35,0.4226397423121126,0.44999999999999996,0,False,0.4226397423121126,False,False
2023-01-24T00:00:00+0000,ACCUMULATION,0.35,0.41535165180497186,0.44999999999999996,0,False,0.41535165180497186,False,False
2023-01-25T00:00:00+0000,ACCUMULATION,0.35,0.42218769014056806,0.44999999999999996,0,False,0.42218769014056806,False,False
2023-01-26T00:00:00+0000,ACCUMULATION,0.35,0.42107310808869036,0.44999999999999996,0,False,0.42107310808869036,False,False
2023-01-27T00:00:00+0000,ACCUMULATION,0.35,0.4211250920809735,0.44999999999999996,0,False,0.47557262887932106,False,False
2026-02-06T00:00:00+0000,ACCUMULATION,0.35,0.37710643987574416,0.44999999999999996,0,False,0.37710643987574416,False,True
2026-02-07T00:00:00+0000,ACCUMULATION,0.35,0.3749774286600059,0.44999999999999996,0,False,0.3749774286600059,False,True
2026-02-08T00:00:00+0000,ACCUMULATION,0.35,0.37749138132602744,0.44999999999999996,0,False,0.37749138132602744,False,True
2026-02-09T00:00:00+0000,ACCUMULATION,0.35,0.37761840594461854,0.44999999999999996,0,False,0.37761840594461854,False,True
2026-02-10T00:00:00+0000,ACCUMULATION,0.35,0.37171244601287684,0.44999999999999996,0,False,0.37171244601287684,False,True
2026-02-11T00:00:00+0000,ACCUMULATION,0.35,0.36463498682206363,0.44999999999999996,0,False,0.36463498682206363,False,True
2026-02-12T00:00:00+0000,ACCUMULATION,0.35,0.3629508726180662,0.44999999999999996,0,False,0.25000000000000006,False,False
2026-02-14T00:00:00+0000,ACCUMULATION,0.35,0.3534931584012261,0.44999999999999996,0,False,0.3534931584012261,False,True
2026-02-15T00:00:00+0000,ACCUMULATION,0.35,0.3471761583325186,0.44999999999999996,0,False,0.3471761583325186,False,True
2026-02-16T00:00:00+0000,ACCUMULATION,0.35,0.34842282417395665,0.44999999999999996,0,False,0.34842282417395665,False,True
2026-02-17T00:00:00+0000,ACCUMULATION,0.35,0.3450139785730576,0.44999999999999996,0,False,0.3450139785730576,False,True
2026-02-18T00:00:00+0000,ACCUMULATION,0.35,0.3413489251967251,0.44999999999999996,0,False,0.3413489251967251,False,True
2026-02-19T00:00:00+0000,ACCUMULATION,0.35,0.3424207107203882,0.44999999999999996,0,False,0.3424207107203882,False,True
2026-02-20T00:00:00+0000,ACCUMULATION,0.35,0.34550007044283343,0.44999999999999996,0,False,0.25,False,False
2026-02-22T00:00:00+0000,ACCUMULATION,0.35,0.348698436120377,0.44999999999999996,0,False,0.348698436120377,False,True
2026-02-23T00:00:00+0000,ACCUMULATION,0.35,0.3380026038057545,0.44999999999999996,0,False,0.3380026038057545,False,True
2026-02-24T00:00:00+0000,ACCUMULATION,0.35,0.33641343730042206,0.44999999999999996,0,False,0.33641343730042206,False,True
2026-02-25T00:00:00+0000,ACCUMULATION,0.35,0.35305976617237406,0.44999999999999996,0,False,0.35305976617237406,False,True
2026-02-26T00:00:00+0000,ACCUMULATION,0.35,0.3508778306022019,0.44999999999999996,0,False,0.3508778306022019,False,True
2026-02-27T00:00:00+0000,ACCUMULATION,0.35,0.3436706707440096,0.44999999999999996,0,False,0.3436706707440096,False,True
2026-02-28T00:00:00+0000,ACCUMULATION,0.35,0.3475076347786218,0.44999999999999996,0,False,0.25,False,False
2026-03-02T00:00:00+0000,ACCUMULATION,0.35,0.360327402979725,0.44999999999999996,0,False,0.360327402979725,False,True
2026-03-03T00:00:00+0000,ACCUMULATION,0.35,0.3576556931406375,0.44999999999999996,0,False,0.3576556931406375,False,True
2026-03-04T00:00:00+0000,ACCUMULATION,0.35,0.37253772632371895,0.44999999999999996,0,False,0.37253772632371895,False,True
2026-03-05T00:00:00+0000,ACCUMULATION,0.35,0.3667228369080059,0.44999999999999996,0,False,0.5000000000000001,False,True
2026-03-06T00:00:00+0000,ACCUMULATION,0.5,0.4894968911743763,0.6,0,False,0.4894968911743763,False,True
2026-03-07T00:00:00+0000,ACCUMULATION,0.5,0.48701187883313196,0.6,0,False,0.48701187883313196,False,True
2026-03-08T00:00:00+0000,ACCUMULATION,0.5,0.4824060152837588,0.6,0,False,0.4824060152837588,False,True
2026-03-09T00:00:00+0000,ACCUMULATION,0.5,0.4909223896170605,0.6,0,False,0.4909223896170605,False,True
2026-03-10T00:00:00+0000,ACCUMULATION,0.5,0.4963891090369379,0.6,0,False,0.4963891090369379,False,True
2026-03-11T00:00:00+0000,ACCUMULATION,0.5,0.4976167134741332,0.6,0,False,0.4976167134741332,False,True
2026-03-12T00:00:00+0000,ACCUMULATION,0.5,0.49931541947708896,0.6,0,False,0.24999999999999994,False,False
2026-03-22T00:00:00+0000,ACCUMULATION,0.35,0.34654028593719255,0.44999999999999996,0,False,0.34654028593719255,False,True
2026-03-23T00:00:00+0000,ACCUMULATION,0.35,0.35678288931123486,0.44999999999999996,0,False,0.35678288931123486,False,True
2026-03-24T00:00:00+0000,ACCUMULATION,0.35,0.356156405236247,0.44999999999999996,0,False,0.356156405236247,False,True
2026-03-25T00:00:00+0000,ACCUMULATION,0.35,0.3583527888748955,0.44999999999999996,0,False,0.3583527888748955,False,True
2026-03-26T00:00:00+0000,ACCUMULATION,0.35,0.3490758393786104,0.44999999999999996,0,False,0.3490758393786104,False,True
2026-03-27T00:00:00+0000,ACCUMULATION,0.35,0.34120306238750786,0.44999999999999996,0,False,0.34120306238750786,False,True
2026-03-28T00:00:00+0000,ACCUMULATION,0.35,0.34120337804548423,0.44999999999999996,0,False,0.25,False,False
2026-03-30T00:00:00+0000,ACCUMULATION,0.35,0.35335585220482246,0.44999999999999996,0,False,0.35335585220482246,False,True
2026-03-31T00:00:00+0000,ACCUMULATION,0.35,0.3596032485807208,0.44999999999999996,0,False,0.3596032485807208,False,True
2026-04-01T00:00:00+0000,ACCUMULATION,0.35,0.3604269034325001,0.44999999999999996,0,False,0.3604269034325001,False,True
2026-04-02T00:00:00+0000,ACCUMULATION,0.35,0.35476251973227996,0.44999999999999996,0,False,0.35476251973227996,False,True
2026-04-03T00:00:00+0000,ACCUMULATION,0.35,0.35481050362179667,0.44999999999999996,0,False,0.35481050362179667,False,True
2026-04-04T00:00:00+0000,ACCUMULATION,0.35,0.35602310569138607,0.44999999999999996,0,False,0.35602310569138607,False,True
2026-04-05T00:00:00+0000,ACCUMULATION,0.35,0.3616023827851096,0.44999999999999996,0,False,0.24999999999999994,False,False
2026-06-04T00:00:00+0000,ACCUMULATION,0.35,0.34777271853934444,0.44999999999999996,0,False,0.25,False,False
2026-06-06T00:00:00+0000,ACCUMULATION,0.35,0.34898882358710775,0.44999999999999996,0,False,0.34898882358710775,False,True
2026-06-07T00:00:00+0000,ACCUMULATION,0.35,0.3604106906088782,0.44999999999999996,0,False,0.3604106906088782,False,True
2026-06-08T00:00:00+0000,ACCUMULATION,0.35,0.3598092029584499,0.44999999999999996,0,False,0.3598092029584499,False,True
2026-06-09T00:00:00+0000,ACCUMULATION,0.35,0.3542291576285813,0.44999999999999996,0,False,0.3542291576285813,False,True
2026-06-10T00:00:00+0000,ACCUMULATION,0.35,0.35292990461794355,0.44999999999999996,0,False,0.35292990461794355,False,True
2026-06-11T00:00:00+0000,ACCUMULATION,0.35,0.3605518350673737,0.44999999999999996,0,False,0.3605518350673737,False,True
2026-06-12T00:00:00+0000,ACCUMULATION,0.35,0.36016838697384834,0.44999999999999996,0,False,0.25,False,False
2026-06-14T00:00:00+0000,ACCUMULATION,0.35,0.35496797464652496,0.44999999999999996,0,False,0.35496797464652496,False,True
2026-06-15T00:00:00+0000,ACCUMULATION,0.35,0.3591688295888201,0.44999999999999996,0,False,0.3591688295888201,False,True
2026-06-16T00:00:00+0000,ACCUMULATION,0.35,0.35748659816759776,0.44999999999999996,0,False,0.35748659816759776,False,True
2026-06-17T00:00:00+0000,ACCUMULATION,0.35,0.35298892628413775,0.44999999999999996,0,False,0.35298892628413775,False,True
2026-06-18T00:00:00+0000,ACCUMULATION,0.35,0.3475791413175699,0.44999999999999996,0,False,0.3475791413175699,False,True
2026-06-19T00:00:00+0000,ACCUMULATION,0.35,0.34907100522451584,0.44999999999999996,0,False,0.34907100522451584,False,True
2026-06-20T00:00:00+0000,ACCUMULATION,0.35,0.3521633181146019,0.44999999999999996,0,False,0.25000000000000006,False,False
2026-06-22T00:00:00+0000,ACCUMULATION,0.35,0.35264534951104776,0.44999999999999996,0,False,0.35264534951104776,False,True
2026-06-23T00:00:00+0000,ACCUMULATION,0.35,0.34697731193508385,0.44999999999999996,0,False,0.34697731193508385,False,True
2026-06-24T00:00:00+0000,ACCUMULATION,0.35,0.340925188333648,0.44999999999999996,0,False,0.340925188333648,False,True
2026-06-25T00:00:00+0000,ACCUMULATION,0.35,0.33533849365999985,0.44999999999999996,0,False,0.33533849365999985,False,True
2026-06-26T00:00:00+0000,ACCUMULATION,0.35,0.33661238157951556,0.44999999999999996,0,False,0.33661238157951556,False,True
2026-06-27T00:00:00+0000,ACCUMULATION,0.35,0.3362619319257913,0.44999999999999996,0,False,0.3362619319257913,False,True
2026-06-28T00:00:00+0000,ACCUMULATION,0.35,0.3350199096896362,0.44999999999999996,0,False,0.25,False,False
2026-06-30T00:00:00+0000,ACCUMULATION,0.35,0.34391039448808,0.44999999999999996,0,False,0.34391039448808,False,True
2026-07-01T00:00:00+0000,ACCUMULATION,0.35,0.3492803339103303,0.44999999999999996,0,False,0.3492803339103303,False,True
2026-07-02T00:00:00+0000,ACCUMULATION,0.35,0.3571833593345003,0.44999999999999996,0,False,0.3571833593345003,False,True
2026-07-03T00:00:00+0000,ACCUMULATION,0.35,0.36219756370866,0.44999999999999996,0,False,0.36219756370866,False,True
2026-07-04T00:00:00+0000,ACCUMULATION,0.35,0.3645691011824432,0.44999999999999996,0,False,0.3645691011824432,False,True
2026-07-05T00:00:00+0000,ACCUMULATION,0.35,0.36606045255857717,0.44999999999999996,0,False,0.36606045255857717,False,True
2026-07-06T00:00:00+0000,ACCUMULATION,0.35,0.3676415480711203,0.44999999999999996,0,False,0.3676415480711203,False,False
2026-07-07T00:00:00+0000,ACCUMULATION,0.35,0.3648151210470626,0.44999999999999996,0,False,0.3648151210470626,False,False
2026-07-08T00:00:00+0000,ACCUMULATION,0.35,0.36098603249093236,0.44999999999999996,0,False,0.36098603249093236,False,False
2026-07-09T00:00:00+0000,ACCUMULATION,0.35,0.36345005223909144,0.44999999999999996,0,False,0.36345005223909144,False,False
2026-07-10T00:00:00+0000,ACCUMULATION,0.35,0.36791638484017536,0.44999999999999996,0,False,0.36791638484017536,False,False
2026-07-11T00:00:00+0000,ACCUMULATION,0.35,0.36671076001925246,0.44999999999999996,0,False,0.36671076001925246,False,False
2026-07-12T00:00:00+0000,ACCUMULATION,0.35,0.3674239856843103,0.44999999999999996,0,False,0.3674239856843103,False,False
2026-07-13T00:00:00+0000,ACCUMULATION,0.35,0.36258029210005344,0.44999999999999996,0,False,0.36258029210005344,False,False
2026-07-14T00:00:00+0000,ACCUMULATION,0.35,0.374022238467648,0.44999999999999996,0,False,0.374022238467648,False,False
2026-07-15T00:00:00+0000,ACCUMULATION,0.35,0.37437556765671576,0.44999999999999996,0,False,0.37437556765671576,False,False
2026-07-16T00:00:00+0000,ACCUMULATION,0.35,0.37000306089601354,0.44999999999999996,0,False,0.37000306089601354,False,False
2026-07-17T00:00:00+0000,ACCUMULATION,0.35,0.3693341037127806,0.44999999999999996,0,False,0.3693341037127806,False,False
2026-07-18T00:00:00+0000,ACCUMULATION,0.35,0.3724251999802582,0.44999999999999996,0,False,0.3724251999802582,False,False
2026-07-19T00:00:00+0000,ACCUMULATION,0.35,0.37255591161586976,0.44999999999999996,0,False,0.37255591161586976,False,False
2026-07-20T00:00:00+0000,ACCUMULATION,0.35,0.37519016332603217,0.44999999999999996,0,False,0.37519016332603217,False,False
2026-07-21T00:00:00+0000,ACCUMULATION,0.35,0.37934928432200066,0.44999999999999996,0,False,0.37934928432200066,False,False
2026-07-22T00:00:00+0000,ACCUMULATION,0.35,0.3784852908818662,0.44999999999999996,0,False,0.3784852908818662,False,False
2026-07-23T00:00:00+0000,ACCUMULATION,0.35,0.37382430619618595,0.44999999999999996,0,False,0.37382430619618595,False,False
2026-07-24T00:00:00+0000,ACCUMULATION,0.35,0.3708075476551509,0.44999999999999996,0,False,0.3708075476551509,False,False
2026-07-25T00:00:00+0000,ACCUMULATION,0.35,0.3719457493624562,0.44999999999999996,0,False,0.3719457493624562,False,False
2026-07-26T00:00:00+0000,ACCUMULATION,0.35,0.37765792035156204,0.44999999999999996,0,False,0.37765792035156204,False,False
2026-07-27T00:00:00+0000,ACCUMULATION,0.35,0.37118425669420574,0.44999999999999996,0,False,0.37118425669420574,False,False
2026-07-28T00:00:00+0000,ACCUMULATION,0.35,0.3728037083428919,0.44999999999999996,0,False,0.3728037083428919,False,False
2026-07-29T00:00:00+0000,ACCUMULATION,0.35,0.3725298779282704,0.44999999999999996,0,False,0.3725298779282704,False,False
2026-07-30T00:00:00+0000,ACCUMULATION,0.35,0.37481289915975735,0.44999999999999996,0,False,0.37481289915975735,False,False
2026-07-31T00:00:00+0000,ACCUMULATION,0.35,0.3679070783926659,0.44999999999999996,0,False,0.3679070783926659,False,False
2026-08-01T00:00:00+0000,ACCUMULATION,0.35,0.3670602120868888,0.44999999999999996,0,False,0.3670602120868888,False,False
2026-08-02T00:00:00+0000,ACCUMULATION,0.35,0.3705752040004478,0.44999999999999996,0,False,0.3705752040004478,False,False
2026-08-03T00:00:00+0000,ACCUMULATION,0.35,0.3694782585655747,0.44999999999999996,0,False,0.3694782585655747,False,False
2026-08-04T00:00:00+0000,ACCUMULATION,0.35,0.37131997471429196,0.44999999999999996,0,False,0.37131997471429196,False,False
2026-08-05T00:00:00+0000,ACCUMULATION,0.35,0.3742973393691542,0.44999999999999996,0,False,0.3742973393691542,False,False
2026-08-06T00:00:00+0000,ACCUMULATION,0.35,0.37328710810831206,0.44999999999999996,0,False,0.37328710810831206,False,False
2026-08-07T00:00:00+0000,ACCUMULATION,0.35,0.3751720934727713,0.44999999999999996,0,False,0.3751720934727713,False,False
2026-08-08T00:00:00+0000,ACCUMULATION,0.35,0.37538784593423064,0.44999999999999996,0,False,0.37538784593423064,False,False
2026-08-09T00:00:00+0000,ACCUMULATION,0.35,0.3750293013634939,0.44999999999999996,0,False,0.3750293013634939,False,False
2026-08-10T00:00:00+0000,ACCUMULATION,0.35,0.3712581884923596,0.44999999999999996,0,False,0.3712581884923596,False,False
2026-08-11T00:00:00+0000,ACCUMULATION,0.35,0.3707592666425369,0.44999999999999996,0,False,0.3707592666425369,False,False
2026-08-12T00:00:00+0000,ACCUMULATION,0.35,0.3703679344357904,0.44999999999999996,0,False,0.3703679344357904,False,False
2026-08-13T00:00:00+0000,ACCUMULATION,0.35,0.3706860629127959,0.44999999999999996,0,False,0.3706860629127959,False,False
2026-08-14T00:00:00+0000,ACCUMULATION,0.35,0.36941945403273785,0.44999999999999996,0,False,0.36941945403273785,False,False
2026-08-15T00:00:00+0000,ACCUMULATION,0.35,0.3695764586919095,0.44999999999999996,0,False,0.3695764586919095,False,False
2026-08-16T00:00:00+0000,ACCUMULATION,0.35,0.3688629541321496,0.44999999999999996,0,False,0.3688629541321496,False,False
2026-08-17T00:00:00+0000,ACCUMULATION,0.35,0.3744362419977081,0.44999999999999996,0,False,0.3744362419977081,False,False
2026-08-18T00:00:00+0000,ACCUMULATION,0.35,0.37509626671426954,0.44999999999999996,0,False,0.37509626671426954,False,False
2026-08-19T00:00:00+0000,ACCUMULATION,0.35,0.3988114879578706,0.44999999999999996,0,False,0.3988114879578706,False,False
2026-08-20T00:00:00+0000,ACCUMULATION,0.35,0.4096963305520891,0.44999999999999996,0,False,0.4096963305520891,False,False
2026-08-21T00:00:00+0000,ACCUMULATION,0.35,0.4274704929684021,0.44999999999999996,0,False,0.4274704929684021,False,False
2026-08-22T00:00:00+0000,ACCUMULATION,0.35,0.4216993020126823,0.44999999999999996,0,False,0.4216993020126823,False,False
2026-08-23T00:00:00+0000,ACCUMULATION,0.35,0.42448849648385717,0.44999999999999996,0,False,0.42448849648385717,False,False
2026-08-24T00:00:00+0000,ACCUMULATION,0.35,0.4277292574504687,0.44999999999999996,0,False,0.4277292574504687,False,False
2026-08-25T00:00:00+0000,ACCUMULATION,0.35,0.4254918330177897,0.44999999999999996,0,False,0.4254918330177897,False,False
2026-08-26T00:00:00+0000,ACCUMULATION,0.35,0.42865460415117923,0.44999999999999996,0,False,0.42865460415117923,False,False
2026-08-27T00:00:00+0000,ACCUMULATION,0.35,0.43131002100564175,0.44999999999999996,0,False,0.43131002100564175,False,False
2026-08-28T00:00:00+0000,ACCUMULATION,0.35,0.4241062828033623,0.44999999999999996,0,False,0.4241062828033623,False,False
2026-08-29T00:00:00+0000,ACCUMULATION,0.35,0.42543349687633686,0.44999999999999996,0,False,0.42543349687633686,False,False
2026-08-30T00:00:00+0000,ACCUMULATION,0.35,0.42292846699911457,0.44999999999999996,0,False,0.42292846699911457,False,False
2026-08-31T00:00:00+0000,ACCUMULATION,0.35,0.4265367995894997,0.44999999999999996,0,False,0.4265367995894997,False,False
2026-09-01T00:00:00+0000,ACCUMULATION,0.35,0.42252354981300855,0.44999999999999996,0,False,0.42252354981300855,False,False
2026-09-02T00:00:00+0000,ACCUMULATION,0.35,0.42143351827936537,0.44999999999999996,0,False,0.42143351827936537,False,False
