model,cycle_id,new_bull_date,days_after_new_bull,observation_date,tactical_bear_cash_ratio,tactical_cash_ratio,crypto_exposure,state
B,1,2020-05-08T00:00:00+0000,5,2020-05-13T00:00:00+0000,0.0659758387184259,0.0659758387184259,0.7107279642773889,NEW_BULL
B,1,2020-05-08T00:00:00+0000,10,2020-05-18T00:00:00+0000,0.0,0.0,0.7867074875043605,BULL
B,1,2020-05-08T00:00:00+0000,20,2020-05-28T00:00:00+0000,0.0,0.0,0.7877156814927744,BULL
B,1,2020-05-08T00:00:00+0000,30,2020-06-07T00:00:00+0000,0.0,0.0,0.7975596607255669,BULL
B,2,2023-01-27T00:00:00+0000,5,2023-02-01T00:00:00+0000,0.26734342726417015,0.26734342726417015,0.6993332221875157,NEW_BULL
B,2,2023-01-27T00:00:00+0000,10,2023-02-06T00:00:00+0000,0.054922798741537056,0.054922798741537056,0.9108476020068933,BULL
B,2,2023-01-27T00:00:00+0000,20,2023-02-16T00:00:00+0000,0.05368255999440643,0.05368255999440643,0.9128607961798814,BULL
B,2,2023-01-27T00:00:00+0000,30,2023-02-26T00:00:00+0000,0.05355758979532386,0.05355758979532386,0.9130636517003787,BULL
E,1,2020-05-08T00:00:00+0000,5,2020-05-13T00:00:00+0000,0.0659758387184259,0.0659758387184259,0.7107279642773889,NEW_BULL
E,1,2020-05-08T00:00:00+0000,10,2020-05-18T00:00:00+0000,0.0,0.0,0.7867074875043605,BULL
E,1,2020-05-08T00:00:00+0000,20,2020-05-28T00:00:00+0000,0.0,0.0,0.7877156814927744,BULL
E,1,2020-05-08T00:00:00+0000,30,2020-06-07T00:00:00+0000,0.0,0.0,0.7975596607255669,BULL
E,2,2023-01-27T00:00:00+0000,5,2023-02-01T00:00:00+0000,0.26734342726417015,0.26734342726417015,0.6993332221875157,NEW_BULL
E,2,2023-01-27T00:00:00+0000,10,2023-02-06T00:00:00+0000,0.054922798741537056,0.054922798741537056,0.9108476020068933,BULL
E,2,2023-01-27T00:00:00+0000,20,2023-02-16T00:00:00+0000,0.05368255999440643,0.05368255999440643,0.9128607961798814,BULL
E,2,2023-01-27T00:00:00+0000,30,2023-02-26T00:00:00+0000,0.05355758979532386,0.05355758979532386,0.9130636517003787,BULL
