date,BTC_close_B,macro_state_B,active_target_B,crypto_exposure_B,sell_stage_B,cycle_id_B,tactical_cash_ratio_B,BTC_close_E,macro_state_E,active_target_E,crypto_exposure_E,sell_stage_E,cycle_id_E,tactical_cash_ratio_E
2021-05-01T00:00:00+0000,57800.37,EARLY_BEAR,0.7,0.7310874063236474,2,2,0.2364920758659922,57800.37,EARLY_BEAR,0.7,0.7310874063236474,2,2,0.2364920758659922
2021-05-02T00:00:00+0000,56578.21,EARLY_BEAR,0.7,0.7297715246081938,2,2,0.23764931284856466,56578.21,EARLY_BEAR,0.7,0.7297715246081938,2,2,0.23764931284856466
2021-05-03T00:00:00+0000,57169.39,EARLY_BEAR,0.7,0.7495024240321085,2,2,0.22029720114686924,57169.39,EARLY_BEAR,0.7,0.7495024240321085,2,2,0.22029720114686924
2021-05-04T00:00:00+0000,53200.01,DISTRIBUTION,0.85,0.7376363242248323,1,2,0.23073270562619164,53200.01,DISTRIBUTION,0.85,0.7376363242248323,1,2,0.23073270562619164
2021-05-05T00:00:00+0000,57436.11,DISTRIBUTION,0.85,0.7531824729691496,1,2,0.21706082459599363,57436.11,DISTRIBUTION,0.85,0.7531824729691496,1,2,0.21706082459599363
2021-05-06T00:00:00+0000,56393.68,DISTRIBUTION,0.85,0.7508477910333828,1,2,0.21911403367009455,56393.68,DISTRIBUTION,0.85,0.7508477910333828,1,2,0.21911403367009455
2021-05-07T00:00:00+0000,57314.75,DISTRIBUTION,0.85,0.7514821214827948,1,2,0.21855617907981467,57314.75,DISTRIBUTION,0.85,0.7514821214827948,1,2,0.21855617907981467
2021-05-08T00:00:00+0000,58862.05,DISTRIBUTION,0.85,0.767566201144245,1,2,0.20441122091504993,58862.05,DISTRIBUTION,0.85,0.767566201144245,1,2,0.20441122091504993
2021-05-09T00:00:00+0000,58240.84,DISTRIBUTION,0.85,0.7674293182974475,1,2,0.20453160095432973,58240.84,DISTRIBUTION,0.85,0.7674293182974475,1,2,0.20453160095432973
2021-05-10T00:00:00+0000,55816.14,DISTRIBUTION,0.85,0.7658503483952461,1,2,0.2059202078053387,55816.14,DISTRIBUTION,0.85,0.7658503483952461,1,2,0.2059202078053387
2021-05-11T00:00:00+0000,56670.02,DISTRIBUTION,0.85,0.7736861120700849,1,2,0.19902913590675647,56670.02,DISTRIBUTION,0.85,0.7736861120700849,1,2,0.19902913590675647
2021-05-12T00:00:00+0000,49631.32,DISTRIBUTION,0.85,0.7556427458300659,1,2,0.214897166032739,49631.32,DISTRIBUTION,0.85,0.7556427458300659,1,2,0.214897166032739
2021-05-13T00:00:00+0000,49670.97,DISTRIBUTION,0.85,0.751974205047585,1,2,0.21812342186995012,49670.97,DISTRIBUTION,0.85,0.751974205047585,1,2,0.21812342186995012
2021-05-14T00:00:00+0000,49841.45,DISTRIBUTION,0.85,0.7643431231533658,1,2,0.20724571964313268,49841.45,DISTRIBUTION,0.85,0.7643431231533658,1,2,0.20724571964313268
2021-05-15T00:00:00+0000,46762.99,EARLY_BEAR,0.7,0.6786564088088249,2,2,0.29090788127847206,46762.99,EARLY_BEAR,0.7,0.6786564088088249,2,2,0.29090788127847206
2021-05-16T00:00:00+0000,46431.5,EARLY_BEAR,0.7,0.6753410224216506,2,2,0.2939092544377661,46431.5,EARLY_BEAR,0.7,0.6753410224216506,2,2,0.2939092544377661
2021-05-17T00:00:00+0000,43538.04,EARLY_BEAR,0.7,0.6572061062264393,2,2,0.310326541703262,43538.04,EARLY_BEAR,0.7,0.6572061062264393,2,2,0.310326541703262
2021-05-18T00:00:00+0000,42849.78,EARLY_BEAR,0.7,0.661069757143898,2,2,0.3068288322943668,42849.78,EARLY_BEAR,0.7,0.661069757143898,2,2,0.3068288322943668
2021-05-19T00:00:00+0000,36690.09,EARLY_BEAR,0.7,0.595531611021467,2,2,0.3661596039482279,36690.09,EARLY_BEAR,0.7,0.595531611021467,2,2,0.3661596039482279
2021-05-20T00:00:00+0000,40526.64,EARLY_BEAR,0.7,0.5303358167511968,2,2,0.4336710278241918,40526.64,EARLY_BEAR,0.7,0.5303358167511968,2,2,0.4336710278241918
2021-05-21T00:00:00+0000,37252.01,EARLY_BEAR,0.7,0.500248155145471,2,2,0.46145289324795835,37252.01,EARLY_BEAR,0.7,0.500248155145471,2,2,0.46145289324795835
2021-05-22T00:00:00+0000,37449.73,EARLY_BEAR,0.7,0.48925907414375824,2,2,0.47159981571475335,37449.73,EARLY_BEAR,0.7,0.48925907414375824,2,2,0.47159981571475335
2021-05-23T00:00:00+0000,34655.25,BEAR,0.55,0.4674458941159662,3,2,0.4917413222212338,34655.25,BEAR,0.55,0.4674458941159662,3,2,0.4917413222212338
2021-05-24T00:00:00+0000,38796.29,BEAR,0.55,0.5194549708019294,3,2,0.44371800993335503,38796.29,BEAR,0.55,0.5194549708019294,3,2,0.44371800993335503
2021-05-25T00:00:00+0000,38324.72,DEEP_BEAR,0.25,0.2540858255319552,4,2,0.7092713553774527,38324.72,DEEP_BEAR,0.25,0.2540858255319552,4,2,0.7092713553774527
2021-05-26T00:00:00+0000,39241.91,BEAR,0.55,0.2665260725942348,3,2,0.6974422318708695,39241.91,DEEP_BEAR,0.25,0.2665260725942348,4,2,0.6974422318708695
2021-05-27T00:00:00+0000,38529.98,DEEP_BEAR,0.25,0.25678412648429194,4,2,0.7067056076826256,38529.98,DEEP_BEAR,0.25,0.25678412648429194,4,2,0.7067056076826256
2021-05-28T00:00:00+0000,35663.49,BEAR,0.55,0.23314020434898963,3,2,0.7291880289495287,35663.49,DEEP_BEAR,0.25,0.23314020434898963,4,2,0.7291880289495287
2021-05-29T00:00:00+0000,34605.15,DEEP_BEAR,0.25,0.22319050856469755,4,2,0.7386489487926876,34605.15,DEEP_BEAR,0.25,0.22319050856469755,4,2,0.7386489487926876
2021-05-30T00:00:00+0000,35641.27,BEAR,0.55,0.23131769265992183,3,2,0.7309210102765269,35641.27,DEEP_BEAR,0.25,0.23131769265992183,4,2,0.7309210102765269
2021-05-31T00:00:00+0000,37253.81,DEEP_BEAR,0.25,0.2544873024884252,4,2,0.708889600860894,37253.81,DEEP_BEAR,0.25,0.2544873024884252,4,2,0.708889600860894
2021-06-01T00:00:00+0000,36693.09,BEAR,0.55,0.24949503861680455,3,2,0.71363662120697,36693.09,DEEP_BEAR,0.25,0.24949503861680455,4,2,0.71363662120697
2021-06-02T00:00:00+0000,37568.68,DEEP_BEAR,0.25,0.2546061680786256,4,2,0.7087765745085937,37568.68,DEEP_BEAR,0.25,0.2546061680786256,4,2,0.7087765745085937
2021-06-03T00:00:00+0000,39246.79,BEAR,0.55,0.2650976454785211,3,2,0.6988004879157325,39246.79,DEEP_BEAR,0.25,0.2650976454785211,4,2,0.6988004879157325
2021-06-04T00:00:00+0000,36829.0,DEEP_BEAR,0.25,0.25353266497136717,4,2,0.7097973420847429,36829.0,DEEP_BEAR,0.25,0.25353266497136717,4,2,0.7097973420847429
2021-06-05T00:00:00+0000,35513.2,BEAR,0.55,0.24920574940382917,3,2,0.713911699170637,35513.2,DEEP_BEAR,0.25,0.24920574940382917,4,2,0.713911699170637
2021-06-06T00:00:00+0000,35796.31,DEEP_BEAR,0.25,0.2551919836289958,4,2,0.7082195369784937,35796.31,DEEP_BEAR,0.25,0.2551919836289958,4,2,0.7082195369784937
2021-06-07T00:00:00+0000,33552.79,BEAR,0.55,0.24673395861371764,3,2,0.7162620639497516,33552.79,DEEP_BEAR,0.25,0.24673395861371764,4,2,0.7162620639497516
2021-06-08T00:00:00+0000,33380.81,DEEP_BEAR,0.25,0.2406798189483584,4,2,0.7220187957468862,33380.81,DEEP_BEAR,0.25,0.2406798189483584,4,2,0.7220187957468862
2021-06-09T00:00:00+0000,37388.05,BEAR,0.55,0.2482291515081157,3,2,0.7148403219758619,37388.05,DEEP_BEAR,0.25,0.2482291515081157,4,2,0.7148403219758619
2021-06-10T00:00:00+0000,36675.72,DEEP_BEAR,0.25,0.23824034797732177,4,2,0.7243384284087337,36675.72,DEEP_BEAR,0.25,0.23824034797732177,4,2,0.7243384284087337
2021-06-11T00:00:00+0000,37331.98,BEAR,0.55,0.22966674629429104,3,2,0.7324908543772125,37331.98,DEEP_BEAR,0.25,0.22966674629429104,4,2,0.7324908543772125
2021-06-12T00:00:00+0000,35546.11,DEEP_BEAR,0.25,0.23092161308710288,4,2,0.7312976325543525,35546.11,DEEP_BEAR,0.25,0.23092161308710288,4,2,0.7312976325543525
2021-06-13T00:00:00+0000,39020.57,BEAR,0.55,0.2412668277134826,3,2,0.7214606236183635,39020.57,DEEP_BEAR,0.25,0.2412668277134826,4,2,0.7214606236183635
2021-06-14T00:00:00+0000,40516.29,DEEP_BEAR,0.25,0.24651149013813986,4,2,0.7164736037255097,40516.29,DEEP_BEAR,0.25,0.24651149013813986,4,2,0.7164736037255097
2021-06-15T00:00:00+0000,40144.04,BEAR,0.55,0.2438852412094414,3,2,0.7189708389316176,40144.04,DEEP_BEAR,0.25,0.2438852412094414,4,2,0.7189708389316176
2021-06-16T00:00:00+0000,38349.01,DEEP_BEAR,0.25,0.23102286346195317,4,2,0.7312013560750195,38349.01,DEEP_BEAR,0.25,0.23102286346195317,4,2,0.7312013560750195
2021-06-17T00:00:00+0000,38092.97,BEAR,0.55,0.23147202939513514,3,2,0.7307742552890012,38092.97,DEEP_BEAR,0.25,0.23147202939513514,4,2,0.7307742552890012
2021-06-18T00:00:00+0000,35819.84,DEEP_BEAR,0.25,0.22095216593231745,4,2,0.7407773334876152,35819.84,DEEP_BEAR,0.25,0.22095216593231745,4,2,0.7407773334876152
2021-06-19T00:00:00+0000,35483.72,BEAR,0.55,0.21565788368836977,3,2,0.7458115356404212,35483.72,DEEP_BEAR,0.25,0.21565788368836977,4,2,0.7458115356404212
2021-06-20T00:00:00+0000,35600.16,DEEP_BEAR,0.25,0.22177770902297272,4,2,0.7399923449636351,35600.16,DEEP_BEAR,0.25,0.22177770902297272,4,2,0.7399923449636351
2021-06-21T00:00:00+0000,31608.93,BEAR,0.55,0.1933680488435854,3,2,0.7670063887651449,31608.93,DEEP_BEAR,0.25,0.1933680488435854,4,2,0.7670063887651449
2021-06-22T00:00:00+0000,32509.56,DEEP_BEAR,0.25,0.19296677266760254,4,2,0.7673879523645002,32509.56,DEEP_BEAR,0.25,0.19296677266760254,4,2,0.7673879523645002
2021-06-23T00:00:00+0000,33678.07,BEAR,0.55,0.20030859536631535,3,2,0.7604067945923334,33678.07,DEEP_BEAR,0.25,0.20030859536631535,4,2,0.7604067945923334
2021-06-24T00:00:00+0000,34663.09,DEEP_BEAR,0.25,0.20214069944733704,4,2,0.7586646920968746,34663.09,DEEP_BEAR,0.25,0.20214069944733704,4,2,0.7586646920968746
2021-06-25T00:00:00+0000,31584.45,BEAR,0.55,0.18728375395373087,3,2,0.7727917944200525,31584.45,DEEP_BEAR,0.25,0.18728375395373087,4,2,0.7727917944200525
2021-06-26T00:00:00+0000,32283.65,DEEP_BEAR,0.25,0.18911789395964518,4,2,0.7710477560139256,32283.65,DEEP_BEAR,0.25,0.18911789395964518,4,2,0.7710477560139256
2021-06-27T00:00:00+0000,34700.34,BEAR,0.55,0.20176255251046177,3,2,0.7590242626743349,34700.34,DEEP_BEAR,0.25,0.20176255251046177,4,2,0.7590242626743349
2021-06-28T00:00:00+0000,34494.89,DEEP_BEAR,0.25,0.20992038120091164,4,2,0.7512671849698672,34494.89,DEEP_BEAR,0.25,0.20992038120091164,4,2,0.7512671849698672
2021-06-29T00:00:00+0000,35911.73,BEAR,0.55,0.21637232151997354,3,2,0.7451321943616261,35911.73,DEEP_BEAR,0.25,0.21637232151997354,4,2,0.7451321943616261
2021-06-30T00:00:00+0000,35045.0,DEEP_BEAR,0.25,0.2248187334771189,4,2,0.7371007099603635,35045.0,DEEP_BEAR,0.25,0.2248187334771189,4,2,0.7371007099603635
2021-07-01T00:00:00+0000,33504.69,BEAR,0.55,0.21176372306647046,3,2,0.7495143967428017,33504.69,DEEP_BEAR,0.25,0.21176372306647046,4,2,0.7495143967428017
2021-07-02T00:00:00+0000,33786.55,DEEP_BEAR,0.25,0.21555775999972135,4,2,0.745906740781688,33786.55,DEEP_BEAR,0.25,0.21555775999972135,4,2,0.745906740781688
2021-07-03T00:00:00+0000,34669.13,BEAR,0.55,0.2212783001802467,3,2,0.7404672204907297,34669.13,DEEP_BEAR,0.25,0.2212783001802467,4,2,0.7404672204907297
2021-07-04T00:00:00+0000,35286.51,DEEP_BEAR,0.25,0.22861420945776292,4,2,0.7334916856446453,35286.51,DEEP_BEAR,0.25,0.22861420945776292,4,2,0.7334916856446453
2021-07-05T00:00:00+0000,33690.14,BEAR,0.55,0.21899601948918956,3,2,0.7426373847998503,33690.14,DEEP_BEAR,0.25,0.21899601948918956,4,2,0.7426373847998503
2021-07-06T00:00:00+0000,34220.01,DEEP_BEAR,0.25,0.22864488884336542,4,2,0.7334625133750288,34220.01,DEEP_BEAR,0.25,0.22864488884336542,4,2,0.7334625133750288
2021-07-07T00:00:00+0000,33862.12,BEAR,0.55,0.22823228688036054,3,2,0.7338548463853789,33862.12,DEEP_BEAR,0.25,0.22823228688036054,4,2,0.7338548463853789
2021-07-08T00:00:00+0000,32875.71,DEEP_BEAR,0.25,0.21290707464481456,4,2,0.7484272119816013,32875.71,DEEP_BEAR,0.25,0.21290707464481456,4,2,0.7484272119816013
2021-07-09T00:00:00+0000,33815.81,BEAR,0.55,0.21542431925625266,3,2,0.7460336262870481,33815.81,DEEP_BEAR,0.25,0.21542431925625266,4,2,0.7460336262870481
2021-07-10T00:00:00+0000,33502.87,DEEP_BEAR,0.25,0.2126372512406575,4,2,0.7486837803887048,33502.87,DEEP_BEAR,0.25,0.2126372512406575,4,2,0.7486837803887048
2021-07-11T00:00:00+0000,34258.99,BEAR,0.55,0.2150749219979734,3,2,0.7463658595055971,34258.99,DEEP_BEAR,0.25,0.2150749219979734,4,2,0.7463658595055971
2021-07-12T00:00:00+0000,33086.63,DEEP_BEAR,0.25,0.2065019632521489,4,2,0.7545176741209745,33086.63,DEEP_BEAR,0.25,0.2065019632521489,4,2,0.7545176741209745
2021-07-13T00:00:00+0000,32729.77,BEAR,0.55,0.19921988212980593,3,2,0.7614420251045126,32729.77,DEEP_BEAR,0.25,0.19921988212980593,4,2,0.7614420251045126
2021-07-14T00:00:00+0000,32820.02,DEEP_BEAR,0.25,0.20366083863502507,4,2,0.7572192293091714,32820.02,DEEP_BEAR,0.25,0.20366083863502507,4,2,0.7572192293091714
2021-07-15T00:00:00+0000,31880.0,BEAR,0.55,0.19759945616089597,3,2,0.7629828481141802,31880.0,DEEP_BEAR,0.25,0.19759945616089597,4,2,0.7629828481141802
2021-07-16T00:00:00+0000,31383.87,DEEP_BEAR,0.25,0.19409463692819162,4,2,0.7663154941110284,31383.87,DEEP_BEAR,0.25,0.19409463692819162,4,2,0.7663154941110284
2021-07-17T00:00:00+0000,31520.07,BEAR,0.55,0.19607371083797165,3,2,0.7644336416373402,31520.07,DEEP_BEAR,0.25,0.19607371083797165,4,2,0.7644336416373402
2021-07-18T00:00:00+0000,31778.56,DEEP_BEAR,0.25,0.19551530151092075,4,2,0.7649646192669518,31778.56,DEEP_BEAR,0.25,0.19551530151092075,4,2,0.7649646192669518
2021-07-19T00:00:00+0000,30839.65,BEAR,0.55,0.18949951628979314,3,2,0.7706848807708866,30839.65,DEEP_BEAR,0.25,0.18949951628979314,4,2,0.7706848807708866
2021-07-20T00:00:00+0000,29790.35,DEEP_BEAR,0.25,0.18674193482366885,4,2,0.7733069968413268,29790.35,DEEP_BEAR,0.25,0.18674193482366885,4,2,0.7733069968413268
2021-07-21T00:00:00+0000,32144.51,BEAR,0.55,0.20411981689014252,3,2,0.7567827982287081,32144.51,DEEP_BEAR,0.25,0.20411981689014252,4,2,0.7567827982287081
2021-07-22T00:00:00+0000,32287.83,DEEP_BEAR,0.25,0.20650690574159608,4,2,0.7545129744298987,32287.83,DEEP_BEAR,0.25,0.20650690574159608,4,2,0.7545129744298987
2021-07-23T00:00:00+0000,33634.09,BEAR,0.55,0.2145320768220213,3,2,0.7468820375685522,33634.09,DEEP_BEAR,0.25,0.2145320768220213,4,2,0.7468820375685522
2021-07-24T00:00:00+0000,34258.14,DEEP_BEAR,0.25,0.21932810661544674,4,2,0.742321611358071,34258.14,DEEP_BEAR,0.25,0.21932810661544674,4,2,0.742321611358071
2021-07-25T00:00:00+0000,35381.02,BEAR,0.55,0.21989378213361355,3,2,0.7417837244868902,35381.02,DEEP_BEAR,0.25,0.21989378213361355,4,2,0.7417837244868902
2021-07-26T00:00:00+0000,37237.6,DEEP_BEAR,0.25,0.22306987640319584,4,2,0.7387636549339825,37237.6,DEEP_BEAR,0.25,0.22306987640319584,4,2,0.7387636549339825
2021-07-27T00:00:00+0000,39457.87,BEAR,0.55,0.2287552452987296,3,2,0.7333575781487655,39457.87,DEEP_BEAR,0.25,0.2287552452987296,4,2,0.7333575781487655
2021-07-28T00:00:00+0000,40019.56,DEEP_BEAR,0.25,0.2289792587840218,4,2,0.7331445692614503,40019.56,DEEP_BEAR,0.25,0.2289792587840218,4,2,0.7331445692614503
2021-07-29T00:00:00+0000,40016.48,BEAR,0.55,0.23512620486337396,3,2,0.7272995901386934,40016.48,DEEP_BEAR,0.25,0.23512620486337396,4,2,0.7272995901386934
2021-07-30T00:00:00+0000,42206.37,DEEP_BEAR,0.25,0.2411864822298061,4,2,0.721537022153284,42206.37,BEAR,0.55,0.2411864822298061,3,2,0.721537022153284
2021-07-31T00:00:00+0000,41461.83,BEAR,0.55,0.24614859727358454,3,2,0.7168186695825615,41461.83,DEEP_BEAR,0.25,0.24614859727358454,4,2,0.7168186695825615
