universe,universe_label,start_year,asset,target_weight,total_dollars_invested,ending_value,net_profit_contribution,ending_portfolio_wealth_share,ending_crypto_wealth_share,total_portfolio_profit_share,total_invested_capital
U1,BTC ONLY,2020,BNB,0.0,-0.0,0.0,0.0,0.0,0.0,0.0,49238.0
U1,BTC ONLY,2020,BTC,1.0,43238.0,228082.5919570171,184844.5919570171,0.9743680213473468,1.0,1.0,49238.0
U1,BTC ONLY,2020,ETH,0.0,-0.0,0.0,0.0,0.0,0.0,0.0,49238.0
U2,BTC + ETH,2020,BNB,0.0,-0.0,0.0,0.0,0.0,0.0,0.0,49238.0
U2,BTC + ETH,2020,BTC,0.625,34391.0,166915.37052230793,132524.37052230793,0.6033518346000799,0.6167390032015057,0.5827582524044199,49238.0
U2,BTC + ETH,2020,ETH,0.375,8842.0,103726.45633775214,94884.45633775214,0.3749417895554662,0.3832609967984943,0.41724174759557997,49238.0
U3,BTC + ETH + BNB,2020,BNB,0.2,4508.799999999999,190795.33046375026,186286.53046375027,0.454963495620352,0.46157178028862395,0.5033056563151614,49238.0
U3,BTC + ETH + BNB,2020,BTC,0.5,32749.0,141020.94837643247,108271.94837643247,0.336273343132099,0.3411576690157359,0.2925272369529994,49238.0
U3,BTC + ETH + BNB,2020,ETH,0.3,5976.199999999999,81543.76311135222,75567.56311135222,0.1944462446801199,0.19727055069564017,0.20416710673183922,49238.0
U1,BTC ONLY,2021,BNB,0.0,-0.0,0.0,0.0,0.0,0.0,0.0,44846.0
U1,BTC ONLY,2021,BTC,1.0,38846.0,82058.39163668927,43212.391636689266,0.9318633932725598,1.0,1.0,44846.0
U1,BTC ONLY,2021,ETH,0.0,-0.0,0.0,0.0,0.0,0.0,0.0,44846.0
U2,BTC + ETH,2021,BNB,0.0,-0.0,0.0,0.0,0.0,0.0,0.0,44846.0
U2,BTC + ETH,2021,BTC,0.625,22288.5,56176.5362576625,33888.0362576625,0.625909136805526,0.6707753989126816,0.7546454662724784,44846.0
U2,BTC + ETH,2021,ETH,0.375,16554.25,27572.116940895394,11017.866940895394,0.30720370218665644,0.3292246010873184,0.24535453372752164,44846.0
U3,BTC + ETH + BNB,2021,BNB,0.2,2919.6,53168.27994636702,50248.679946367025,0.3947117145093743,0.41314507237100057,0.5592162049502498,44846.0
U3,BTC + ETH + BNB,2021,BTC,0.5,20636.0,51409.35635067701,30773.356350677008,0.3816537831855449,0.3994773250417762,0.34247585350252513,44846.0
U3,BTC + ETH + BNB,2021,ETH,0.3,15280.4,24113.91420660662,8833.51420660662,0.17901734699002658,0.18737760258722325,0.0983079415472251,44846.0
U1,BTC ONLY,2022,BNB,0.0,-0.0,0.0,0.0,0.0,0.0,0.0,40466.0
U1,BTC ONLY,2022,BTC,1.0,34466.0,60735.85694317498,26269.85694317498,0.9100933100310834,1.0,1.0,40466.0
U1,BTC ONLY,2022,ETH,0.0,-0.0,0.0,0.0,0.0,0.0,0.0,40466.0
U2,BTC + ETH,2022,BNB,0.0,-0.0,0.0,0.0,0.0,0.0,0.0,40466.0
U2,BTC + ETH,2022,BTC,0.625,15404.5,30753.124285372003,15348.624285372003,0.5610657039771058,0.6300967993050718,1.0698899764304048,40466.0
U2,BTC + ETH,2022,ETH,0.375,19056.5,18053.8595293202,-1002.6404706797985,0.32937796213245096,0.36990320069492816,-0.06988997643040425,40466.0
U3,BTC + ETH + BNB,2022,BNB,0.2,5850.799999999997,11194.337378164812,5343.537378164814,0.19720248350618197,0.2205498207189633,0.3278303759805392,40466.0
U3,BTC + ETH + BNB,2022,BTC,0.5,12688.0,24475.8120470142,11787.812047014198,0.43117254362160473,0.48222023122595836,0.7231918824319679,40466.0
U3,BTC + ETH + BNB,2022,ETH,0.3,15917.999999999998,15086.35240135954,-831.6475986404585,0.2657652757902927,0.2972299480550783,-0.05102225841250677,40466.0
U1,BTC ONLY,2023,BNB,0.0,-0.0,0.0,0.0,0.0,0.0,0.0,36086.0
U1,BTC ONLY,2023,BTC,1.0,30086.0,88935.78798334977,58849.78798334977,0.9367993869598227,1.0,1.0,36086.0
U1,BTC ONLY,2023,ETH,0.0,-0.0,0.0,0.0,0.0,0.0,0.0,36086.0
U2,BTC + ETH,2023,BNB,0.0,-0.0,0.0,0.0,0.0,0.0,0.0,36086.0
U2,BTC + ETH,2023,BTC,0.625,11255.0,46618.83740205997,35363.83740205997,0.6083901853035493,0.6601243711979444,0.8723079113221094,36086.0
U2,BTC + ETH,2023,ETH,0.375,18825.75,24002.456760219768,5176.706760219768,0.31323945275918164,0.33987562880205563,0.12769208867789067,36086.0
U3,BTC + ETH + BNB,2023,BNB,0.2,5940.799999999999,15692.29893457303,9751.49893457303,0.20570776844620892,0.22329900964317637,0.242584101638667,36086.0
U3,BTC + ETH + BNB,2023,BTC,0.5,7868.0,34651.41509670332,26783.41509670332,0.4542397071815699,0.4930843279298639,0.6662802030377054,36086.0
U3,BTC + ETH + BNB,2023,ETH,0.3,16267.599999999999,19931.111457868214,3663.511457868215,0.26127366536573643,0.28361666242695965,0.09113569532362734,36086.0
