universe,universe_label,start_year,formal_start,formal_end,bar_count,weights,initial_capital_usd,external_contributions_after_inception_usd,total_invested_capital_usd,final_portfolio_value,net_profit,xirr,twr_cagr,maximum_drawdown,sharpe,sortino,calmar,total_trading_costs,transaction_count,ending_normal_cash,ending_pending_dca_cash,BTC_total_dollars_invested,BTC_ending_value,BTC_net_profit_contribution,BTC_ending_wealth_share,BTC_total_profit_share,ETH_total_dollars_invested,ETH_ending_value,ETH_net_profit_contribution,ETH_ending_wealth_share,ETH_total_profit_share,BNB_total_dollars_invested,BNB_ending_value,BNB_net_profit_contribution,BNB_ending_wealth_share,BNB_total_profit_share
U1,BTC ONLY,2020,2020-01-01T00:00:00+00:00,2026-09-02T08:00:00+00:00,14618,"{'BTC': 1.0, 'ETH': 0.0, 'BNB': 0.0}",20000.0,29238.0,49238.0,234082.5919570171,184844.5919570171,0.3426721605382951,0.36955102048994126,-0.7447700766232264,0.8524006884311093,0.844401216566553,0.49619477485652846,64.78141448755896,4874,6000.0,0.0,43238.0,228082.5919570171,184844.5919570171,0.9743680213473468,1.0,-0.0,0.0,0.0,0.0,0.0,-0.0,0.0,0.0,0.0,0.0
U2,BTC + ETH,2020,2020-01-01T00:00:00+00:00,2026-09-02T08:00:00+00:00,14618,"{'BTC': 0.625, 'ETH': 0.375, 'BNB': 0.0}",20000.0,29238.0,49238.0,276646.8268600601,227408.8268600601,0.3818757996932066,0.4232155610708994,-0.7686904739305493,0.883781041319465,0.8572820783496358,0.5505669387404646,64.77392322819422,4973,6000.0,5.0,34391.0,166915.37052230793,132524.37052230793,0.6033518346000799,0.5827582524044199,8842.0,103726.45633775214,94884.45633775214,0.3749417895554662,0.41724174759557997,-0.0,0.0,0.0,0.0,0.0
U3,BTC + ETH + BNB,2020,2020-01-01T00:00:00+00:00,2026-09-02T08:00:00+00:00,14618,"{'BTC': 0.5, 'ETH': 0.3, 'BNB': 0.2}",20000.0,29238.0,49238.0,419364.0419515349,370126.0419515349,0.48259273445342254,0.5228723288199288,-0.742965009338224,0.9923475072434228,0.9480965519252671,0.7037644064633182,64.77542148006711,4889,6000.0,4.0,32749.0,141020.94837643247,108271.94837643247,0.336273343132099,0.2925272369529994,5976.199999999999,81543.76311135222,75567.56311135222,0.1944462446801199,0.20416710673183922,4508.799999999999,190795.33046375026,186286.53046375027,0.454963495620352,0.5033056563151614
U1,BTC ONLY,2021,2021-01-01T00:00:00+00:00,2026-09-02T08:00:00+00:00,12423,"{'BTC': 1.0, 'ETH': 0.0, 'BNB': 0.0}",20000.0,24846.0,44846.0,88058.39163668927,43212.391636689266,0.1679640364842767,0.16232110449033432,-0.6766746918844708,0.5540253237194459,0.5512896399512978,0.23988056068461258,58.20109226106034,4142,6000.0,0.0,38846.0,82058.39163668927,43212.391636689266,0.9318633932725598,1.0,-0.0,0.0,0.0,0.0,0.0,-0.0,0.0,0.0,0.0,0.0
U2,BTC + ETH,2021,2021-01-01T00:00:00+00:00,2026-09-02T08:00:00+00:00,12423,"{'BTC': 0.625, 'ETH': 0.375, 'BNB': 0.0}",20000.0,24846.0,44846.0,89751.90319855789,44905.90319855789,0.17283485604033993,0.19196329335743445,-0.7092068426970224,0.5958142711692271,0.581726069090801,0.27067321097385744,58.1962229424729,4229,6000.0,3.25,22288.5,56176.5362576625,33888.0362576625,0.625909136805526,0.7546454662724784,16554.25,27572.116940895394,11017.866940895394,0.30720370218665644,0.24535453372752164,-0.0,0.0,0.0,0.0,0.0
U3,BTC + ETH + BNB,2021,2021-01-01T00:00:00+00:00,2026-09-02T08:00:00+00:00,12423,"{'BTC': 0.5, 'ETH': 0.3, 'BNB': 0.2}",20000.0,24846.0,44846.0,134701.55050365065,89855.55050365065,0.27892986933704533,0.31875101386428106,-0.7023715377053774,0.7686045425422696,0.7389780103193854,0.453821085782646,58.18610974232988,4143,6000.0,10.0,20636.0,51409.35635067701,30773.356350677008,0.3816537831855449,0.34247585350252513,15280.4,24113.91420660662,8833.51420660662,0.17901734699002658,0.0983079415472251,2919.6,53168.27994636702,50248.679946367025,0.3947117145093743,0.5592162049502498
U1,BTC ONLY,2022,2022-01-01T00:00:00+00:00,2026-09-02T08:00:00+00:00,10233,"{'BTC': 1.0, 'ETH': 0.0, 'BNB': 0.0}",20000.0,20466.0,40466.0,66735.85694317498,26269.85694317498,0.14754654138972956,0.12025370020984871,-0.5026978275231868,0.48651422152589313,0.48410011098622074,0.23921666978817815,51.63874905703807,3412,6000.0,0.0,34466.0,60735.85694317498,26269.85694317498,0.9100933100310834,1.0,-0.0,0.0,0.0,0.0,0.0,-0.0,0.0,0.0,0.0,0.0
U2,BTC + ETH,2022,2022-01-01T00:00:00+00:00,2026-09-02T08:00:00+00:00,10233,"{'BTC': 0.625, 'ETH': 0.375, 'BNB': 0.0}",20000.0,20466.0,40466.0,54811.9838146922,14345.983814692197,0.08842960873123187,0.0625076813340868,-0.5452462380529466,0.3528580015376291,0.34415475577789767,0.1146411968972025,51.63125779767256,3688,6000.0,5.0,15404.5,30753.124285372003,15348.624285372003,0.5610657039771058,1.0698899764304048,19056.5,18053.8595293202,-1002.6404706797985,0.32937796213245096,-0.06988997643040425,-0.0,0.0,0.0,0.0,0.0
U3,BTC + ETH + BNB,2022,2022-01-01T00:00:00+00:00,2026-09-02T08:00:00+00:00,10233,"{'BTC': 0.5, 'ETH': 0.3, 'BNB': 0.2}",20000.0,20466.0,40466.0,56765.70182653855,16299.701826538549,0.09883927498974115,0.0715928895478859,-0.5470379501721063,0.3731565896627596,0.3579815973067791,0.13087371639456039,51.62496513980578,3537,6000.0,9.2,12688.0,24475.8120470142,11787.812047014198,0.43117254362160473,0.7231918824319679,15917.999999999998,15086.35240135954,-831.6475986404585,0.2657652757902927,-0.05102225841250677,5850.799999999997,11194.337378164812,5343.537378164814,0.19720248350618197,0.3278303759805392
U1,BTC ONLY,2023,2023-01-01T00:00:00+00:00,2026-09-02T08:00:00+00:00,8043,"{'BTC': 1.0, 'ETH': 0.0, 'BNB': 0.0}",20000.0,16086.0,36086.0,94935.78798334977,58849.78798334977,0.3752763992124617,0.4199923562300427,-0.5126601329440266,1.0585984417247616,1.0614965780403747,0.8192413047961709,45.07640585301507,2682,6000.0,0.0,30086.0,88935.78798334977,58849.78798334977,0.9367993869598227,1.0,-0.0,0.0,0.0,0.0,0.0,-0.0,0.0,0.0,0.0,0.0
U2,BTC + ETH,2023,2023-01-01T00:00:00+00:00,2026-09-02T08:00:00+00:00,8043,"{'BTC': 0.625, 'ETH': 0.375, 'BNB': 0.0}",20000.0,16086.0,36086.0,76626.54416227974,40540.54416227974,0.285205148020083,0.3277183188152455,-0.5538442409441615,0.8766818913746284,0.8602774748763323,0.5917156748918618,45.068540030681696,2801,6000.0,5.25,11255.0,46618.83740205997,35363.83740205997,0.6083901853035493,0.8723079113221094,18825.75,24002.456760219768,5176.706760219768,0.31323945275918164,0.12769208867789067,-0.0,0.0,0.0,0.0,0.0
U3,BTC + ETH + BNB,2023,2023-01-01T00:00:00+00:00,2026-09-02T08:00:00+00:00,8043,"{'BTC': 0.5, 'ETH': 0.3, 'BNB': 0.2}",20000.0,16086.0,36086.0,76284.42548914457,40198.425489144574,0.2833705460812813,0.3214372767847735,-0.555289549404361,0.8811265272371606,0.8483380474304661,0.5788642648318659,45.06202263503392,2728,6000.0,9.6,7868.0,34651.41509670332,26783.41509670332,0.4542397071815699,0.6662802030377054,16267.599999999999,19931.111457868214,3663.511457868215,0.26127366536573643,0.09113569532362734,5940.799999999999,15692.29893457303,9751.49893457303,0.20570776844620892,0.242584101638667
