event,model,start,end,peak_to_trough_dd,peak_date,trough_date,recovery_date,minimum_crypto_exposure,average_crypto_exposure,time_exposure_gte_85,average_tactical_cash_ratio,tactical_trade_notional
2020_COVID,B,2020-02-15T00:00:00+0000,2020-04-30T00:00:00+0000,-0.3733619544227105,2020-02-18T00:00:00+0000,2020-03-12T00:00:00+0000,,0.23854194653680644,0.5384205640736094,0.0,0.20788295165760154,18483.630831970095
2020_COVID,G,2020-02-15T00:00:00+0000,2020-04-30T00:00:00+0000,-0.3733619544227105,2020-02-18T00:00:00+0000,2020-03-12T00:00:00+0000,,0.2866488769411312,0.5332675928734532,0.0,0.2121744702438725,12246.062469274588
2021_MAY,B,2021-05-01T00:00:00+0000,2021-07-31T00:00:00+0000,-0.33199475484147967,2021-05-11T00:00:00+0000,2021-05-23T00:00:00+0000,,0.18674193482366885,0.34263015072458247,0.0,0.620793931077755,72534.05073035802
2021_MAY,G,2021-05-01T00:00:00+0000,2021-07-31T00:00:00+0000,-0.3324670895700236,2021-05-11T00:00:00+0000,2021-05-23T00:00:00+0000,,0.18677578663937594,0.3427115098662886,0.0,0.6203209480964217,71880.96666872481
2021_NOV_TO_2022_JUN,B,2021-11-01T00:00:00+0000,2022-06-30T00:00:00+0000,-0.2824518654215672,2021-11-08T00:00:00+0000,2022-06-18T00:00:00+0000,,0.10343867939427827,0.24788935686998134,0.0,0.7175551336370792,119362.07314227082
2021_NOV_TO_2022_JUN,G,2021-11-01T00:00:00+0000,2022-06-30T00:00:00+0000,-0.5094006773150621,2021-11-08T00:00:00+0000,2022-06-18T00:00:00+0000,,0.1337475299713661,0.5169399635058586,0.2603305785123967,0.43717549602693273,219377.9223409619
2023_TO_2025_BULL,B,2023-01-01T00:00:00+0000,2025-10-31T00:00:00+0000,-0.2333515820247538,2024-12-16T00:00:00+0000,2025-04-08T00:00:00+0000,2025-07-14T00:00:00+0000,0.2501254833264042,0.5883633863364636,0.030917874396135265,0.3883445250445519,262709.1398299045
2023_TO_2025_BULL,G,2023-01-01T00:00:00+0000,2025-10-31T00:00:00+0000,-0.40106790326548136,2024-12-16T00:00:00+0000,2025-04-08T00:00:00+0000,2025-07-16T00:00:00+0000,0.5124522504761833,0.7854238969760553,0.4492753623188406,0.1802727831087106,376975.98347912886
2025_TO_CUTOFF,B,2025-01-01T00:00:00+0000,2026-09-03T00:00:00+0000,-0.2823700239088045,2025-10-06T00:00:00+0000,2026-06-30T00:00:00+0000,,0.19168970151055392,0.4398120305367679,0.0,0.5426913476959255,874608.3581044131
2025_TO_CUTOFF,G,2025-01-01T00:00:00+0000,2026-09-03T00:00:00+0000,-0.579054449830916,2025-10-06T00:00:00+0000,2026-06-30T00:00:00+0000,,0.6993591054100213,0.9471231522447378,0.967266775777414,0.024800437197651806,123023.63538414566
